:020000040800F2
:10800000388F002045810008D7C2000875C10008DC
:10801000D5C20008E5940008D3CC00080000000099
:1080200000000000000000000000000005C400087F
:108030004F95000800000000D3C30008A5C4000845
:108040005F8100085F8100085F8100085F81000890
:108050005F8100085F8100085F8100085F81000880
:108060005F8100085F8100085F81000809950008B2
:10807000159500085F8100085F8100085F81000896
:108080005F8100085F8100085F8100085F81000850
:10809000D1CC00085F8100085F8100085F81000883
:1080A0005F8100085F8100085F8100085F81000830
:1080B00025C500085F81000831C500085F81000800
:1080C0005F8100085F8100085F8100085F81000810
:1080D0005F810008B9CC0008C5CC00085F810008AA
:1080E0005F8100085F8100085F8100085F810008F0
:1080F0005F8100085F8100085F8100085F810008E0
:108100005F8100085F8100085F8100085F810008CF
:108110005F8100085F8100085F8100085F810008BF
:108120005F8100085F8100085F8100085F810008AF
:10813000DFF80CD000F00AFF004800478105010875
:10814000388F00200648804706480047FEE7FEE7D4
:10815000FEE7FEE7FEE7FEE7FEE7FEE7FEE7FEE7F7
:1081600021C50008318100082DE9F05F0546002097
:1081700092469B4688460646814640241BE0284698
:1081800041464746224600F020F853465A46C01A58
:10819000914110D311461846224600F019FD2D1AC0
:1081A00067EB01084F4622460120002100F010FD38
:1081B00017EB00094E41201EA4F10104DFDC484604
:1081C00031462A464346BDE8F09F202A04DB203A88
:1081D00021FA02F00021704721FA02F3D040C2F1E7
:1081E00020029140084319467047A0F14101192926
:1081F00000D820307047C0B24FF4F05101F086B87B
:1082000078563412EFCDAB89030010B5431A934270
:1082100009D28318881803E010F8011D03F8011D26
:10822000521EF9D210BD40EA01039B0703D009E0BA
:1082300008C9121F08C0042AFAD203E011F8013B52
:1082400000F8013B521EF9D210BDD2B201E000F895
:10825000012B491EFBD270470022F6E710B51346EA
:108260000A4604461946FFF7F0FF204610BD30B518
:1082700005462A460B4612F8010B13F8014B08B1CC
:10828000A042F8D01CB1002802D06D1CF1E72846AE
:1082900030BD10B5044604E00B7800F8013B03B193
:1082A000491C521EF8D2204610BDCAB2401E10F81A
:1082B000011F8A4202D00029F9D100207047421CD8
:1082C00010F8011B0029FBD1801A704710B500225D
:1082D00000E0521C835C8C5CA34201D1002BF8D1DE
:1082E000D8B2E1B2401A10BD30B5044600200346B2
:1082F00000E05B1C934203D2E05CCD5C401BF8D0F5
:1083000030BD034611F8012B00F8012B002AF9D1EA
:108310001846704730B505460020034600E05B1C58
:10832000934205D2EC5CC85C201A01D1002CF6D136
:1083300030BD0246C9B200E0401C0378002BFBD1DF
:1083400002E003788B4203D0401E9042F9D2002015
:10835000704700000FB400B58DB010A909900B90C4
:1083600000914FF0FF300A9000200C9005480690D5
:10837000054807906A4609A80F9900F05FFC0DB008
:108380005DF814FB598C0008778C00082DE9FF5F1D
:108390001D464FF0FF3BD5E9014691465F464FF041
:1083A0000008A9697F1C01988847296A8246884786
:1083B0000028F6D1BAF1FF3F0CD024F4C064002E9F
:1083C00019DD600614D5BAF12B0F09D0BAF12D0FC3
:1083D0000ED103E0584604B0BDE8F09F44F4806439
:1083E000A9697F1C01988847761E8246002E02DD0F
:1083F000BAF1300F03D0B9F1000F26D032E0A969ED
:10840000761E44F400747F1C019888478246002E33
:1084100005DDBAF1780F06D0BAF1580F03D0B9F1E3
:10842000000F10D01EE0B9F1000F02D0B9F1100F0B
:1084300018D1A969761E24F400747F1C019888471E
:108440008246102002E0082000E00A20814609E070
:1084500008FB0908A969761E44F400747F1C019882
:1084600088478246002E05DD4946504600F0D1FB84
:108470000028EDDAE96901988847A00502D46FF079
:108480000100A8E7E00725D1600613D5600502D5F5
:10849000C8F1000000E0404629680A1D2A6009680A
:1084A000220501D5087015E0220701D5088011E0EA
:1084B00008600FE02868011D29600068210502D5C9
:1084C00080F8008006E0210702D5A0F8008001E0D6
:1084D000C0F8008038467EE72DE9FF4F087883B06A
:1084E0009946FF2805D0491C2D2804D000240020DF
:1084F00008E000200BE00124F9E700EB800003EB2B
:108500004000491C0B78FF2BF7D104B140420023F7
:108510000293147819461D462D2C01D02B2C04D122
:10852000521C2D2C13D000240294AA461478FF2C40
:108530000FD00A25A3FB057801FB05814FF0000C45
:1085400003FB0C11521CE3194AEB0101EEE7012475
:10855000EAE7814453EA010002D019F5C87F06DA40
:1085600003980021C0E9001107B0BDE8F08F002595
:10857000AE4E2F46DFF8B882184600F0A7FCCDE9D2
:108580000001B9F1000002DAC9F1000400E004467C
:108590000023A74A1AEB030B42EB045A12E0E00750
:1085A00007D02A4633463846414600F0ECF90746E4
:1085B00088462A4633461046194600F0E4F9054637
:1085C0000E466410002CEAD1DDE90001B9F1000F7C
:1085D0005A46534606DA00F00AFC3A46434600F093
:1085E00006FC05E000F0CFF93A46434600F0CBF92F
:1085F000029A0AB181F00041039AC2E90001B3E78F
:108600002DE9FF4F1F468DB0D7E901464FF0FF38E7
:108610002E2045464FF000090B90B9696D1C0E984D
:108620008847396A824688470028F6D1BAF1FF3F69
:108630000AD024F4D064002E11DDBAF12B0F08D03B
:10864000BAF12D0F0BD102E0404611B08DE744F492
:108650008064B9696D1C0E9888478246761E69460B
:10866000600501D52D2000E02B208DF8000001F1E0
:10867000010B0DF1200809E0B9696D1C0E988847BF
:1086800082460F9844F40074761E0560002E02DDC9
:10869000BAF1300FF0D00B998A453ED144F08004F6
:1086A00006E00F99681CA9F1010944F40074086000
:1086B000B9696D1C761E0E98884782463028F0D026
:1086C0002BE00B998A4505D1200603D444F08004A1
:1086D000761E18E0504605F071FC08B30DF1130149
:1086E000761E44F400748B4508D2AAF130000BF8D2
:1086F000010B200607D5A9F1010003E0200602D4F2
:1087000009F101008146A00502D50F99681C086097
:10871000B9696D1C0E9888478246002ED1DC53E063
:10872000002E51DDBAF1650F02D0BAF1450F4BD1E1
:10873000A00549D5B9696D1C24F44074761E0E98C5
:1087400088478246002E0CDD2B2804D0BAF12D0F6D
:1087500007D144F48074B9696D1C0E98884782462D
:10876000761EE00501D52D2100E02B2108F8011B24
:10877000CDF82C8021E00DF12901761E44F400741F
:1087800088450CD2AAF1300010F0FF0088F80000F4
:1087900002D10B99884509D908F1010806E0E005E6
:1087A00001D5244801E042F20F708146B9696D1C81
:1087B0000E98884782460F980560002E04DD5046CB
:1087C00005F0FCFB0028D6D1F9690E988847FF20F8
:1087D0008BF8000088F800000020069007904B46B8
:1087E0006A4608A906A8FFF777FEA00502D46FF035
:1087F00001002AE714F0240F0AD0E00714D1DDE9C4
:1088000006123868031D3B600068C0E900120BE0E7
:10881000DDE9060100F07EFB0146E00704D138687F
:10882000021D3A600068016028460EE7000014400F
:108830000000F03FF1D8FFFF2DE9FE4F804681EAAE
:108840000300C00F0C46009021F0004123F00045CA
:10885000B8EB0200A94105D24046214690461C468D
:108860000B46024623F00040104347D0270DC7F3C4
:108870000A00C3F30A510290401A019040286BDAB3
:10888000C3F3130040F4801B0098924620B10023EC
:10889000D2EB030A63EB0B0B01985946C0F140027F
:1088A000504600F095F906460D4650465946019A45
:1088B00000F09DF910EB08006141002487EA115295
:1088C00084EAE7731A4340D0009A62B3019A012AFE
:1088D0004FEA075215DC001B61EB02014FF000422A
:1088E00002EA0752CDE90042001C41F580113246F0
:1088F0002B4600F02EFA03B0BDE8F08F404621462B
:10890000F9E7001B61EB0201001C41F58013001820
:108910005B412018A2F5001747EB030140EAD57030
:10892000B6196D4111E06D084FEA360645EAC0758B
:108930004FEA0752001B61EB0201001C41F5801158
:1089400049084FEA30000019514132462B4603B026
:10895000BDE8F04F00F0EEB900980122400000237E
:10896000D0EB020263EBE073009821464FEAE0741B
:10897000B8EB000061EB0401E9E783F000435BE73B
:1089800081F0004158E72DE9FE4F81EA030404F02D
:10899000004421F0004100944FF0000B23F000430D
:1089A00050EA01045ED052EA03045BD0C3F30A54D8
:1089B000C1F30A552C44A4F2F3340194A0FB0254F1
:1089C000C1F3130141F48011C3F3130343F4801383
:1089D00001FB024400FB034E840A970A44EA8154D7
:1089E00047EA8357A4FB076802958D0A05FB0785B4
:1089F0004FEA932C04FB0C542705029D4FEA0658BE
:108A000047EA1637B5EB08056EEB070C870E920E9A
:108A100047EA811742EA8312A7FB0201B6EB0B017A
:108A200064EB00042B0D43EA0C335E1844EB1C503E
:108A3000DA465146E7FB0201C5F313044FEA0B3354
:108A400043EA14534FEA0432019C43EA0603A4F1BB
:108A50000C040294009CCDE900B400F07AF903B054
:108A6000BDE8F08F00200146F9E770B521F0004322
:108A700003430CD0C1F30A550024D5EB040564EB85
:108A80000403D617AD1AB34102DB0020014670BDC6
:108A9000201841EB025170BD0EB5C10F80EAE070A5
:108AA0000844CA07002140F233438DE80E000A460D
:108AB0000B4600F04EF903B000BD0EB540F2334155
:108AC00002910021CDE900110A460B4600F041F960
:108AD00003B000BD70B5C1F30A5201F00045002497
:108AE000C1F3130140F2FF3341F480119A4201DADD
:108AF000002070BD40F233439A42A2F2334203DCBD
:108B00005242FFF762FB00E090402C43F1D040421C
:108B100070BDC1F30A5210B5C1F3130140F2FF3327
:108B200041F480119A4201DA002010BD40F2334333
:108B30009A42A2F2334203DC5242FFF746FB10BDD9
:108B4000904010BD30B5041E71F1000404DB4FF0FD
:108B50000044404264EB0101141E73F1000405DB84
:108B60001C464FF00043524263EB04038B4208BFA4
:108B7000824230BD30B5041E71F1000404DB4FF0B9
:108B80000044404264EB0101141E73F1000405DB54
:108B90001C464FF00043524263EB0403994208BF66
:108BA000904230BD30B50B46014600202022012402
:108BB00009E021FA02F59D4205D303FA02F5491BAB
:108BC00004FA02F52844151EA2F10102F1DC30BDC1
:108BD000202A04DB203A00FA02F10020704791407D
:108BE000C2F1200320FA03F3194390407047202A72
:108BF00006DBCB17203A41FA02F043EAE07306E0C5
:108C000041FA02F3D040C2F12002914008431946D4
:108C100070473A2800D2303820F02002412A01D390
:108C2000A2F13700884201D34FF0FF3070470000B7
:108C3000026811441378016018467047D1600449F6
:108C400051610449116200211161114600F090B98F
:108C5000318C0008F7810008426842B1016811F8C0
:108C6000013B23B1521EC0E9001218467047012192
:108C7000C160881E704742685AB1C368016843B931
:108C800083688B4205D0491E521CC0E900120020A7
:108C900070474FF0FF3070470FB4002300B589B024
:108CA0000CA900910B996FF00042CB601E4B06930C
:108CB0001E4B07930423CDE901321D4A0892024658
:108CC0006B460020FFF79CFC09B05DF814FB70B503
:108CD00086B006464FF0FF300091CDE9010100203B
:108CE00015460C4604903246694604A8FFF7D4FFA7
:108CF00002460498211825B108B1084600E0204634
:108D00002860049800280DD0002A02DD00988842CF
:108D100008D0081B0094CDE901043246694604A836
:108D2000FFF7BAFF06B070BD598C0008778C0008B9
:108D3000F781000810B5141E73F1000408DA401C16
:108D400041F1000192185B411A4301D120F001006A
:108D500010BD2DE9F04D92469B4611B1B1FA81F25A
:108D600002E0B0FA80F220329046FFF731FF04466D
:108D70000F4640EA0A0041EA0B0153465A460843AF
:108D800013D0114653EA010019D0C8F140025046F1
:108D9000FFF71BFA05460E46504659464246FFF776
:108DA00017FF084305D0012004E020463946BDE8FE
:108DB000F08D0020054346EAE0762C4337430A98BD
:108DC0006305E40AA0EB08000022FD0A44EA4754C8
:108DD0000A3002D500200146E9E701051019694172
:108DE000DDE9084500196941BDE8F04DA2E72DE92C
:108DF000F04D81EA030404F0004B21F000451446D5
:108E00004FF0000A23F0004150EA050220D054EA56
:108E100001021DD0C5F30A570246C5F31303C1F37F
:108E20001300C1F30A5640F4801543F48013A7EBF6
:108E30000608101BD64608F2FD3873EB050002D376
:108E400008F1010801E092185B41B8F1000F03DA64
:108E500000200146BDE8F08D00204FF48011064649
:108E600084460EE0171B73EB050705D3121B63EB5B
:108E7000050306434CEA010C49084FEA30009218FA
:108E80005B4150EA0107EDD152EA030012D082EAB9
:108E9000040083EA0501084305D0101BAB4106D24C
:108EA0000122002306E000224FF0004302E06FF0B1
:108EB000010253101AEB06004CEB085110EB0A00AC
:108EC00041EB0B01BDE8F04DFFF734BF0EB540F2AA
:108ED000334202920022CDE900221346FFF739FF08
:108EE00003B000BDC1F30A52C1F3130140F2FF33D6
:108EF00041F480119A4202DA00200146704740F2A4
:108F000033439A42A2F2334202DC5242FFF75DB988
:108F1000FFF75EBE01F0004330B421F0004150EA9B
:108F2000010206D00A0DA2F56072C1F31301002AF6
:108F300002DC30BC00207047440F44EAC104C10089
:108F4000E01830BC00EBC25000F0A8B9064C074D49
:108F500006E0E06840F0010394E807009847103409
:108F6000AC42F6D3FFF7E8F830ED010850ED010808
:108F70002DE9F34F8BB04FF0000801F10C000C46C7
:108F80004FF0010B46460DF1080A0190626901217C
:108F900001989047051E2DD0252D2CD0216A884799
:108FA000C0B16269012101989047216A8847002871
:108FB000F7D1411E62690198904700E0761CA169D3
:108FC0000B988847216A88470028F7D1E1690B98F8
:108FD0008847DBE7A1690B9888470746A84201D17B
:108FE000761CD3E7E1690B9888477F1C02D1B8F162
:108FF000000F6FD046E1002762693D46394601986F
:1090000090472A2804D162690121019890470125DF
:10901000DFF884926269012101989047A0F1300144
:109020000A290AD24F45E5DC07EB870100EB41072F
:10903000303FDFD445F01005ECE7E90601D46FF0CE
:1090400000476C280AD04C2814D0682815D06A280C
:109050000DD074281CD07A281AD01DE06269012135
:10906000019890476C2802D045F0040514E045F0C3
:1090700002050DE045F020050AE062690121019832
:109080009047682802D045F0080505E045F40065E2
:109090006269012101989047C4E9015765283DD0D4
:1090A00019DC58287AD00CDC452837D004DC252878
:1090B00026D0412831D131E046282FD047282CD165
:1090C0002CE05B2877D0612828D063287CD06428E6
:1090D00023D15AE0D0E06F2848D008DC66281DD0A4
:1090E00067281BD0692821D06E2816D127E0702868
:1090F00045D0732868D0752847D078280DD14DE029
:10910000A1690B988847054625283FF469AFE169B6
:109110000B9888476D1C3FF46AAFB3E023466A465C
:109120006FF001000B99FFF76BFA9EE045F04000ED
:109130006060A80723464FF0000236D43EE0E807FF
:109140007FF447AF2068011D21600068290501D523
:1091500006701BE7290701D5068017E7A90703D585
:10916000F117C0E9006111E706600FE745F0400024
:109170006060A80723464FF0080216D41EE040F6B0
:109180000E0125EA0100606016E045F040006060D5
:10919000A80723464FF00A0207D40FE045F040002D
:1091A0006060A80708D5234610226FF001000B99D4
:1091B000AFF3008059E007E0234610226FF0010072
:1091C0000B99FFF7E3F850E04FF000094F464B468C
:1091D000632802D05B2806D040E0E80601D40120D5
:1091E000A06001273AE062690121019890475E285A
:1091F00005D14FF0010962694946019890472169FC
:1092000039B900210A46534643F82120491C082950
:10921000FADBB0B3216969B9C11700EBD162531110
:109220000AEB830122F01F02821A01200B68904092
:1092300003430B6062690121019890475D28E8D1E2
:10924000B9F1000F09D00020514651F82020D24337
:1092500041F82020401C0828F7DB02AB224600978B
:109260006FF001000B99AFF3008000280CDA401C6E
:1092700008D1BBF1000F05D04FF0FF300DB0BDE8B5
:10928000F08FFFE74046F9E7E90701D108F101084F
:1092900006444FF0000B79E6CCCCCC0C0029A8BFDB
:1092A0007047401C490008BF20F00100704710B40F
:1092B000B0FA80FC00FA0CF050EA010404BF10BCC4
:1092C000704749B1CCF1200421FA04F411FA0CF1F1
:1092D00018BF012121430843A3EB0C01CB1D4FEA2A
:1092E00000614FEA102042BF002010BC704700EB25
:1092F000C35010440029A4BF10BC7047401C490053
:1093000008BF20F0010010BC704700007F2801D981
:10931000002208E0064A02EB5002C007127800D192
:10932000120902F00F02012090400840704700002F
:1093300084EA010870B58C1810F8015B15F007037A
:1093400001D110F8013B2A1106D110F8012B03E0DE
:1093500010F8016B01F8016B5B1EF9D12B0705D4E6
:109360000023521E0DD401F8013BFAE710F8013B2F
:10937000CB1A921C03E013F8015B01F8015B521E4B
:10938000F9D5A142D8D3002070BD70B5044620683D
:10939000816811F0010F24D0816821F00101816002
:1093A00001F066FA05462068806810F0010F18D0B9
:1093B00001F05EFA401B02280ED92068806810F088
:1093C000010F09D0A06A40F01000A062E06A40F0EE
:1093D0000100E062012070BD2068806810F0010F7C
:1093E000E6D1002070BD10B50246506A816A11F0C6
:1093F000500F05D0006A016BBDE8104010460847C9
:10940000816A41F400718162016889684FF46022C9
:1094100032EA01010DD1017B59B9816A21F48071D1
:109420008162816A11F4805F03D1816A41F0010198
:10943000816200F0B3FB10BD10B5406A816A41F053
:1094400040018162C16A41F00401C16200F0ACFBDD
:1094500010BD10B5406A00F0A4FB10BDF8B504467D
:10946000002600962068816811F0010F28D18168DC
:1094700041F001018160194819490068B0FBF1F021
:109480000090009828B10098401E00900098002895
:10949000F9D101F0EDF905462068806810F0010F60
:1094A0000ED101F0E5F9401B022804D9206880683C
:1094B00010F0010F06D02068806810F0010FF0D086
:1094C0000020F8BDA06A40F01000A062E06A40F001
:1094D0000100E06284F824600120F8BD140000203F
:1094E00040420F00FEE70000064A527B3AB13222AA
:1094F00051436422B1FBF2F101800120704700204A
:1095000070470000BC020020014800F0B9BD000017
:109510004C130020704710B490F840C0012404FAA6
:109520000CFCC46BC4F804C0D0F800C0CCF8043004
:109530004368102B05D0036899600068C26010BCB6
:10954000704703689A600068C16010BC704770473C
:109550000C4800B5816985B041F0080181618069DE
:10956000694600F0080004904FF4E04000900120AC
:1095700001900220029003200390034801F05EF85E
:1095800005B000BD00100240000C01402DE9F04183
:10959000054603F003FA0824114F4FF40058E60281
:1095A000E80701D0012200E000224146384601F0E0
:1095B00058F904F09FFB01223146384601F051F979
:1095C00004F098FB00223146384601F04AF96D0854
:1095D000641E14F0FF04E3D1BDE8F04104F08ABB3F
:1095E000000C01402DE9F041002503F0B9F903F02A
:1095F000F3F9154F0024DFF850804FF48046083F00
:10960000D8F800106808890402D540F0800501E010
:1096100000F07F0504F06EFB01223146384601F070
:1096200020F904F067FB00223146384601F019F9B1
:1096300004F060FB641CE4B2082CE1D304F05AFB94
:109640002846BDE8F0810000080C01402DE9F041FA
:10965000044672B60022144E4FF480552946304617
:1096600001F0FFF8AF0000223946304601F0F9F86A
:1096700004F040FB01222946304601F0F2F8204672
:10968000FFF784FFFFF7AEFF04460022394630465D
:1096900001F0E7F800222946304601F0E2F862B610
:1096A0002046BDE8F0810000000C014070B5812526
:1096B000064600242846FFF7C9FF3055AD1C641C40
:1096C000E4B2EDB2072CF5D331780B480B064FF01E
:1096D00000020DD503785B1CDBB203700A2B08D3A4
:1096E000027001F07F003070304600F045F800E075
:1096F0000270012070BD00007403002010B500212D
:109700008E2000F00BF8A521902000F007F88021B2
:10971000BDE810408E2000F001B800002DE9F041B6
:10972000144D884607464FF48054002221462846AF
:1097300001F097F8A60000223146284601F091F882
:1097400004F0D8FA01222146284601F08AF838466A
:10975000FFF71CFF4046FFF719FF0022314628465D
:1097600001F07FF821462846BDE8F041002201F0D3
:1097700078B80000000C014070B506468025002135
:109780008E20FFF7CBFF072431782846FFF7C6FF6E
:10979000AD1C641E761CEDB214F0FF04F4D18021E0
:1097A0008E20FFF7BBFF012070BD704706490020E7
:1097B000C8610648016941F004010161016941F095
:1097C000400101617047000018070020002002409E
:1097D000064A0021D16106490A6942F002020A6183
:1097E0004861086940F04000086170471807002090
:1097F00000200240044B0022DA61044A136943F05E
:109800000103136101807047180700200020024007
:1098100000201649CA6812F0100F154A04D0D0690A
:1098200040F00200D0611020CB6813F0040F05D087
:10983000D36943F00103D36140F00400CB6913F016
:10984000010F07D0D36943F00403D361CA6922F042
:109850000102CA61A0F58072013A01D0C860704768
:10986000C86920F00100C861704700000020024074
:109870001807002070B5044600F0FAFF0646164DA2
:10988000E86810F0010F0ED0B4F1FF3F07D024B10B
:1098900000F0EEFF801BA04201D9032070BDE868F4
:1098A00010F0010FF0D1E86810F0200F01D0202057
:1098B000E860E86810F0100F07D1E86910F0010FB8
:1098C00003D1E86810F0040F03D0FFF7A1FF0120D7
:1098D00070BD002070BD00000020024030B504467D
:1098E000104607E014F8015BC2B2554033F815206A
:1098F00082EA10200A1EA1F10101F3DC30BD30B56F
:10990000022903D80C31401EC9B280B26424B0FBD6
:10991000F4F3B0FBF4F504FB1500491C01EB8104E2
:1099200004EBC1010524B1FBF4F11BB2DC1703EB1E
:109930009474A4105B4204EB43030344C41700EB8C
:10994000947003EBA00008441044401E00B20028AD
:1099500002DA00F2245000B2072190FBF1F201FB81
:109960001200C0B230BD0000F8B5044600260096D3
:1099700094F82400012809D0012084F8240020460E
:10998000FFF703FD0746380002D06DE00220F8BD66
:10999000A06A20F4885040F00200A062022001F08A
:1099A00055F833490968B1FBF0F040000090009889
:1099B00028B10098401E009000980028F9D1204658
:1099C000FFF74CFD2068816841F00801816000F0DC
:1099D0004FFF05462068806810F0080F18D000F08F
:1099E00047FF401B0A280ED92068806810F0080F36
:1099F00009D0A06A20F0020040F01000A06284F8B4
:109A000024600120F8BD2068806810F0080FE6D1BE
:109A10002068816841F00401816000F029FF05465B
:109A20002068806810F0040F18D000F021FF401B60
:109A30000A280ED92068806810F0040F09D0A06AA7
:109A400020F0020040F01000A06284F824600120A1
:109A5000F8BD2068806810F0040FE6D1A06A20F0FD
:109A6000020040F00100A06284F824603846F8BD8E
:109A70001400002078B44FF0000C0024009490F8FB
:109A80002420012A14D0012280F824204A681F25AE
:109A9000072A10D203685E6B521E02EB82029540C9
:109AA00026EA05050E6806FA02F22A435A631FE009
:109AB00078BC022070470D2A0DD203681E6BD21F9E
:109AC00002EB8202954026EA05050E6806FA02F2CC
:109AD0002A431A630CE00368DE6A0D3A02EB820245
:109AE000954026EA05050E6806FA02F22A43DA6274
:109AF0000A6807250A2A0DD30368DE680A3A02EBD2
:109B00004202954026EA05058E6806FA02F22A43CB
:109B1000DA600BE003681E6902EB4202954026EA18
:109B200005058E6806FA02F22A431A610A68102AAD
:109B300001D0112A0BD10268A2F18043B3F5923310
:109B40000AD0816A41F0200181624FF0010C80F857
:109B5000244078BC60467047936813F4000FF6D138
:109B6000936843F40003936009681029EFD1094911
:109B7000094A0968B1FBF2F101EB8101490000914A
:109B800000990029E3D00099491E0091009900290D
:109B9000F9D1DCE71400002040420F00042104F05A
:109BA000BDBD002104F0BABD704700002DE9F041B1
:109BB00004460025002C03D0A06A002618B108E056
:109BC0000120BDE8F081E66284F82460204600F0C0
:109BD0008FF82046FFF7D9FB0146A06A10F0100F5E
:109BE00000D139B1A06A40F01000A06201210846FE
:109BF000BDE8F081A06A20F4885040F00200A06225
:109C00002268A2F18040B0F59E3011D0E06994F84E
:109C10000CC040EA4C0360680343A068B0F5807F45
:109C20000DD001280BD00020277D012F0AD018E08D
:109C3000E069B0F5402FEAD14FF40020E7E74FF498
:109C40008070F1E7BCF1000F21D0D4F828C04CF0AF
:109C5000200CC4F828C0D4F82CC04CF0010CC4F877
:109C60002CC0D2F804C02CF4694C4CEA00005060BF
:109C700020688268DFF870C002EA0C021A43826032
:109C8000A068B0F5807F0BD0012809D00BE0D4F894
:109C900018C0ACF1010C40EA4C3040F40060E0E741
:109CA000208A401E05052068C26A22F470022A43F9
:109CB000C262206880680D4A1040984207D1E6626F
:109CC000A06A20F0020040F00100A0628FE7A06AC5
:109CD00020F0020040F01000A062E06A40F00100B5
:109CE000E062012183E70000FDF7E1FFFE0E1FFFA8
:109CF00070B586B00025064600950195029503953E
:109D000000681D49884234D11C49886940F40070BC
:109D10008861886900F400700490886940F0080048
:109D200088618869032400F0080004900094694663
:109D30000194134800F082FC5020CDE900046946EC
:109D4000104800F07BFC114C0F48C4E9000580204E
:109D5000C4E9025040002061800060612020C4E915
:109D60000605204600F0F6FA08B1FFF71EFD346242
:109D7000666206B070BD0000002401400010024081
:109D8000000C014000080140080002404C13002074
:109D90002DE9F0470446884691462068434F444EDB
:109DA000A0F1804ABAF5923A01D0B84207D13068A2
:109DB00010F4702F03D001252846BDE8F08794F8F1
:109DC000240001280BD0012084F824002046FFF74E
:109DD00045FB054600212DB184F82410ECE7022054
:109DE000BDE8F087A06A20F0010020F4606040F434
:109DF0008070A0622068B8421AD1326812F4702FC5
:109E000016D0A26A42F48012A262306810F4806F09
:109E100005D0A06A20F4005040F48050A062A06AEF
:109E200010F4805F13D0E06A20F00600E0620FE0DB
:109E3000A26A22F48012A262406810F4806FEED011
:109E4000A06A20F4005040F48050A062E7E7E1628D
:109E500084F82410216A17488862216A1648C8626B
:109E6000216A1648086321686FF0020008602068C4
:109E7000816841F48071816020684B4600F14C019B
:109E80004246206A00F0BAFA206881684FF46022E6
:109E900032EA010104D0816841F4801181608BE7CE
:109EA000816841F4A001816086E70000002801403C
:109EB00004240140E79300085394000839940008F3
:109EC00090F821100022022905D00421816380F836
:109ED00020200120704701680B6823F00E030B60FF
:109EE00001680B6823F001030B6090F84030D0F854
:109EF0003CC0012101FA03F3CCF8043080F82110B2
:109F000080F82020104670472DE9F05F002490F87B
:109F10002110022903D004218163012490E001680B
:109F20000A6822F00E020A6001680A6822F0010243
:109F30000A60454A0168454BDFF814C1454D464E5D
:109F4000464FDFF81C81DFF81C91DFF81CA1DFF819
:109F50001CB1DFF81CE1914232D9994201D10121B3
:109F60002BE0614501D1102127E0A94202D14FF435
:109F7000807122E0B14202D14FF480511DE0B9421C
:109F800002D14FF4803118E0414502D14FF48011E5
:109F900013E0494501D101210FE0514501D11021C4
:109FA0000BE0594502D14FF4807106E0714502D1B2
:109FB0004FF4805101E04FF480312E4A116036E0B9
:109FC000994201D1012130E0614501D110212CE0FD
:109FD000A94202D14FF4807127E0B14202D14FF47F
:109FE000805122E0B94202D14FF480311DE0414559
:109FF00002D14FF4801118E0914202D14FF08071EC
:10A0000013E0494501D101210FE0514501D1102153
:10A010000BE0594502D14FF4807106E0714502D141
:10A020004FF4805101E04FF48031134A5160012117
:10A0300080F82110002180F82010416B01B1884781
:10A040002046BDE8F09F000080000240080002406A
:10A050001C00024030000240440002405800024010
:10A060006C000240080402401C040240300402401C
:10A07000440402400404024000000240806B704728
:10A080002DE9F05FC16B0A6801680B68D0F840B039
:10A090004FF0040C0CFA0BFC1CEA020FDFF880C234
:10A0A000A04CA14DA14EA24FDFF88882DFF8889224
:10A0B000DFF888A270D013F0040F7ED00A6812F087
:10A0C000200F03D10A6822F004020A609C4A01684A
:10A0D000914233D9614501D104212CE0A14201D143
:10A0E000402128E0A94202D14FF4806123E0B1422F
:10A0F00002D14FF480411EE0B94202D14FF48021D9
:10A1000019E0414502D14FF4800114E0494501D1E5
:10A11000042110E0514501D140210CE0894A9142CF
:10A1200001D1091507E0884A914202D14FF48041DC
:10A1300001E04FF48021854A116038E0614501D18A
:10A14000042132E0A14201D140212EE0A94202D1F6
:10A150004FF4806129E0B14202D14FF4804124E004
:10A16000B94202D14FF480211FE0414502D14FF4A2
:10A1700080011AE0914202D14FF0806115E049451B
:10A1800001D1042111E0514501D140210DE06D4A7A
:10A19000914202D1091508E00FE06B4A914202D1C9
:10A1A0004FF4804101E04FF48021694A5160C16A57
:10A1B000002970D0BDE8F05F08474FF0020E0EFA9C
:10A1C0000BFE1EEA020F67D013F0020F64D00A687C
:10A1D00012F0200F06D10A6822F00A020A6001215B
:10A1E00080F82110564A0168914233D9614501D166
:10A1F00002212CE0A14201D1202128E0A94202D174
:10A200004FF4007123E0B14202D14FF400511EE03F
:10A21000B94202D14FF4003119E0414502D14FF467
:10A22000001114E0494501D1022110E0514501D14E
:10A2300020210CE0434A914201D1491507E0424AEE
:10A24000914202D14FF4005101E04FF400313F4AF6
:10A25000116039E0614501D1022133E0A14201D111
:10A2600020212FE0A94202D14FF400712AE0B1422F
:10A2700002D14FF4005125E0B94202D14FF4003130
:10A2800020E0414502D14FF400111BE0914204D17E
:10A290004FF0007116E041E01FE0494501D1022175
:10A2A00010E0514501D120210CE0264A914201D114
:10A2B000491507E0244A914202D14FF4005101E0D0
:10A2C0004FF40031224A5160002180F82010816A49
:10A2D000002923D0BDE8F05F08474FF0080C0CFAC6
:10A2E0000BFC1CEA020F19D013F0080F16D00A68F5
:10A2F00022F00E020A6090F84020C36B012101FA9F
:10A3000002F25A60816380F82110002180F8201049
:10A31000016B002902D0BDE8F05F0847BDE8F09F5F
:10A32000080002401C00024030000240440002408D
:10A33000580002406C000240080402401C04024025
:10A340008000024030040240440402400404024001
:10A350000000024010B400280ED0224B0168224AAF
:10A3600099420CD2214B0B44A2FB033212099200FA
:10A3700002641F4AC2630BE010BC012070471D4BF2
:10A380000B44A2FB03321209920002641A4AC26310
:10A39000022280F821200A686FF30D12D0F808C05D
:10A3A0004368046943EA0C03D0F80CC04CEA040C7F
:10A3B00043EA0C03D0F814C043EA0C03D0F818C0E9
:10A3C00043EA0C03D0F81CC043EA0C031A430A60AA
:10A3D00000218163012280F8212080F8201010BC28
:10A3E0000020704708040240CDCCCCCCF8FFFDBF64
:10A3F00000000240F8FBFDBF0004024070B50446B7
:10A40000002594F8200001280DD0012084F82000B8
:10A4100094F821C00020BCF1010F06D084F8200080
:10A420000225284670BD022070BD4FF0020C84F852
:10A4300021C0A0632068D0F800C02CF0010CC0F847
:10A4400000C02046FFF767F8E06A28B1206801687D
:10A4500041F00E01016009E02068016821F004016B
:10A4600001602068016841F0020101602068016814
:10A4700041F001010160D4E770B5044600F0F8F93D
:10A480000546B4F1FF3F02D004480078044400F0D0
:10A49000EFF9401BA042FAD370BD00000800002075
:10A4A0002DE9F04705460F462A4E4FF00009C6F841
:10A4B000D0904FF0010ADFF8A08098F8180001282A
:10A4C0000BD0012088F818002868022808D04CF228
:10A4D0005030FFF7CFF9A8B136E00220BDE8F08791
:10A4E0004CF25030FFF7C6F928BB0120FFF75EF9A8
:10A4F0004CF25030FFF7BEF98246306920F004007C
:10A50000306121E04FF0FF303860AC68E86804EB60
:10A51000C020A04218D92046FFF75AF94CF250301B
:10A52000FFF7A8F98246306920F0020030615FEA47
:10A530000A0001D03C6007E004F50064E968A868FF
:10A5400000EBC120A042E6D888F818905046BDE83C
:10A55000F08700000020024018070020034801692E
:10A5600041F080010161002070470000002002409E
:10A570002DE9F05F0746884615461E46DFF88890AD
:10A580000020C9F8D0000024DFF880A09AF8180055
:10A59000012809D04FF0010B8AF818B04CF2503066
:10A5A000FFF768F918B127E00220BDE8F09F012FFE
:10A5B0001AD0022F1AD00427002F1DD922012846B5
:10A5C0003146FDF702FE81B208EB4400FFF712F9B5
:10A5D0004CF25030FFF74EF9D9F8101021F001017C
:10A5E000C9F8101040B903E00127E5E70227E3E7C7
:10A5F000611CCCB2BC42E1D300218AF81810C9F822
:10A60000D0B0BDE8F09F00000020024018070020F5
:10A61000002007490A6912F0800F08D0054A4A60F5
:10A62000054A4A60096911F0800F00D00120704787
:10A630000020024023016745AB89EFCD2DE9F84F9B
:10A640004FF0000C00230A68002A7DD0DFF8F88163
:10A650000F2708F1040909F1040A0AF1040B012289
:10A6600002FA0CF60A683240B2426ED1DFF8DCE141
:10A670004C68A4EB0E0574452BD00DDC032C34D0B4
:10A6800005DC34B3012C19D0022C2FD11BE0112C86
:10A6900016D0122C2AD119E0B5F5881F19D006DC86
:10A6A000B5F5803F15D0B5F5801F1FD111E0B5F588
:10A6B000001F0ED0B5F5041F18D10AE0CB6815E0D5
:10A6C000CB681B1D12E0CB6808330FE0CB680C335E
:10A6D0000CE08B6823B1012B04D00823466105E010
:10A6E000042303E00823066100E00023B2F5807F25
:10A6F00001D2054601E000F1040502D24FEA8C04C4
:10A7000003E0ACF108044FEA84042E6807FA04FE63
:10A7100026EA0E0603FA04F446EA04042C604C68A8
:10A7200014F0805F11D04A4CA56945F00105A56180
:10A73000A46904F0010400942CF0030404F18044A3
:10A7400004F58034A66801E07CE074E04FEA8C7583
:10A750004FEA157507FA05FE26EA0E0EA0F18046AF
:10A76000B6F5843628D0A0F18046B6F5863625D0D9
:10A77000A0F18046B6F5883622D0A0F18046B6F525
:10A780008A361FD0A0F18046B6F58C361CD0A0F1D9
:10A790008046B6F58E3619D0062606FA05F545EA46
:10A7A0000E05A5604C6814F4803F11D0D8F8004025
:10A7B0001443C8F8004010E00026EEE70126ECE75D
:10A7C0000226EAE70326E8E70426E6E70526E4E7AB
:10A7D000D8F800409443C8F800404C6814F4003F97
:10A7E00005D0D9F800401443C9F8004004E0D9F876
:10A7F00000409443C9F800404C6814F4801F05D011
:10A80000DAF800401443CAF8004004E0DAF80040E7
:10A810009443CAF800404C6814F4001F05D0DBF8DC
:10A8200000402243CBF8002005E0DBF8004024EA9A
:10A830000202CBF800200CF1010C0A6832FA0CF28B
:10A840007FF40DAFBDE8F88F000401400000111047
:10A85000001002408068084201D0012070470020AB
:10A860007047002A01D001617047090401617047F7
:10A8700001488068704700000800002070B5044659
:10A88000002C21D021684CF6CC400860216845F2AC
:10A89000555008602168606848602168A068886039
:10A8A000FFF7E6FF05462068C06810F0030F12D0DE
:10A8B000FFF7DEFF401B272808D92068C06810F08A
:10A8C000030F03D0032070BD012070BD2068C06855
:10A8D00010F0030FECD121684AF6AA20086000208E
:10A8E00070BD00684AF6AA21016000207047000090
:10A8F0000248816802781144816070470800002096
:10A9000010B50748016841F010010160032000F014
:10A910008BF80A2000F006F800F026F8002010BDA1
:10A920000020024070B504460D4D4FF47A7128782E
:10A93000B1FBF0F00B490968B1FBF0F000F0E4FC6A
:10A9400008B1012070BD102C07D200222146501EF4
:10A9500000F036F86C60002070BD012070BD000072
:10A9600008000020140000200C4808B5816941F05F
:10A9700001018161816901F001010091C16941F02A
:10A980008051C161C06900F0805000900448416866
:10A9900021F0E06141F00071416008BD001002400B
:10A9A0000000014000280ADB00F01F01012202FA2A
:10A9B00001F14009800000F1E020C0F8001170476B
:10A9C00010B4184B1B68C3F30223C3F1070CBCF18E
:10A9D000040F01D94FF0040C1C1D072C01D20023D9
:10A9E00000E0DB1E012404FA0CFCACF1010C0CEAC3
:10A9F0000101994004FA03F35B1E1A401143002839
:10AA000006DB00F1E020090180F8001410BC70475B
:10AA100000F00F0000F1E020090180F8141D10BCC7
:10AA2000704700000CED00E000F00700064A1168D6
:10AA30004FF6FF03194041EA002040F0FD7040F05E
:10AA400080601060704700000CED00E010B586B02B
:10AA500001463CA0D0F808C043680268C068CDF841
:10AA600010C00393029205903AA000680190002064
:10AA7000394C042936D00EDC01293DD0022908D1F9
:10AA800000F0E0F96168C1F38131491C4900B0FB75
:10AA9000F1F006B010BD082929D01029F9D161685C
:10AAA000226812F0807FF4D002A8C1F38342805C58
:10AAB00011F4803F09D0616801AAC1F34041515CA3
:10AAC000264AB2FBF1F1484301E025494843616859
:10AAD00011F4800FDDD123494000A1FB001006B026
:10AAE000400810BD06B0BDE8104000F0BBB906B08C
:10AAF000BDE8104000F0B6B9216A01F44072B2F529
:10AB0000807F06D111F0020F03D006B04FF4004051
:10AB100010BDB2F5007F07D1626A12F0020F03D0B8
:10AB200049F6404006B010BD4FF4407232EA0101D0
:10AB3000F8D1216811F4003FF4D006B04FF2244060
:10AB400010BD000002030405060708090A0B0C0DDE
:10AB50000E0F1010010200000010024000127A00D7
:10AB600000093D00ABAAAAAA2DE9F8430446DFF884
:10AB70001C81207810F0010F6CD00027D8F81C0041
:10AB800010F0805F0BD1D8F81C0040F08050C8F85E
:10AB90001C00D8F81C0000F08050009001273C4DAC
:10ABA000286810F4807F16D1286840F480702860EF
:10ABB000FFF75EFE0646286810F4807F0BD1FFF792
:10ABC00057FE801B642802D90320BDE8F88328685B
:10ABD00010F4807FF3D0D8F8200000F4407048B320
:10ABE000A18801F44071814224D0D8F8200020F4DB
:10ABF0004070284901220A6000220A60C8F820003B
:10AC000010F0010F16D0FFF733FE0546D8F82000EC
:10AC100010F0020F0ED141F28836FFF729FE401BDB
:10AC2000B04202D90320BDE8F883D8F8200010F024
:10AC3000020FF2D0D8F82000616820F44070084379
:10AC4000C8F82000012F05D1D8F81C0020F0805052
:10AC5000C8F81C00207810F0020F07D0D8F80400C4
:10AC6000A16820F440400843C8F80400207810F0A0
:10AC7000100F07D0D8F80400616920F48000084361
:10AC8000C8F804000020BDE8F8830000001002406E
:10AC900000700040400442422DE9F04704460D4652
:10ACA000002C17D0DFF85C81D8F8000000F0070016
:10ACB000A84212D2D8F8000020F007002843C8F8B4
:10ACC0000000D8F8000000F00700A84205D00120DD
:10ACD000BDE8F0870120BDE8F08720684A4E10F0FB
:10ACE000020F14D010F0040F03D0706840F4E0603D
:10ACF0007060207810F0080F03D0706840F4605046
:10AD00007060706820F0F001A068084370602078DF
:10AD100010F0010F3AD06068012806D002280BD04D
:10AD2000316811F0020F27D00AE0316811F4003FBA
:10AD300006D10120BDE8F087316811F0007F18D0FE
:10AD4000716821F0030108437060FFF791FD074629
:10AD50007068616800F00C00B0EB810F16D041F212
:10AD60008839FFF785FDC01B484508D90320BDE899
:10AD7000F0870120BDE8F0870120BDE8F08770680A
:10AD8000616800F00C00B0EB810FEAD1D8F8000048
:10AD900000F00700A8420FD9D8F8000020F0070003
:10ADA0002843C8F80000D8F8000000F00700A842C7
:10ADB00002D00120BDE8F087207810F0040F05D004
:10ADC0007068E16820F4E06008437060207810F05B
:10ADD000080F06D07068216920F4605040EAC10075
:10ADE000706000F03FF87168084AC1F30311515CCC
:10ADF000C8400749086007480068FFF793FD002036
:10AE0000BDE8F0870020024000100240F4E3010892
:10AE1000140000200C00002001480068704700006A
:10AE20001400002000B5FFF7F7FF04494968044A01
:10AE3000C1F30221515CC84000BD00000010024077
:10AE400004E4010800B5FFF7E7FF04494968044A34
:10AE5000C1F3C221515CC84000BD00000010024097
:10AE600004E4010885B015A0836842680168C068E1
:10AE7000039302920191049014A000680090144B77
:10AE80005968144801F00C02042A11D0082A0FD185
:10AE900001A8C1F38342805C11F4803F0AD0596855
:10AEA000C1F340411DF801100A4A5043B0FBF1F0D4
:10AEB00005B07047084905B04843704702030405D0
:10AEC000060708090A0B0C0D0E0F101001020000F6
:10AED0000010024000127A0000093D002DE9F84FF1
:10AEE0000446002C0FD02078F84D10F0010F6CD0E4
:10AEF000686800F00C0004280CD0686800F00C00B2
:10AF0000082803D010E00120BDE8F88F686810F42D
:10AF1000803F09D0286810F4003F56D060680028B0
:10AF200053D10120BDE8F88F6068B0F5803F15D09F
:10AF3000C8B1B0F5A02F1FD0286820F48030286059
:10AF4000286820F480202860606858B3FFF790FCE0
:10AF50000646286810F4003F17D036E0286840F411
:10AF600080302860F0E7286820F480302860286866
:10AF700020F480202860E7E7286840F480202860DB
:10AF8000286840F480302860DEE7FFF771FC801B02
:10AF9000642802D90320BDE8F88F286810F4003F28
:10AFA000F3D012E0FFF764FC0646286810F4003F77
:10AFB0000BD0FFF75DFC801B642802D90320BDE89D
:10AFC000F88F286810F4003FF3D12078C04F10F0BC
:10AFD000020F4FF0010B4FF0000854D0686810F0DA
:10AFE0000C0F14D0686800F00C00082803D16868C2
:10AFF00010F4803F0BD0206978B3C7F800B0FFF79A
:10B0000037FC0646286810F0020F12D01DE02868B1
:10B0100010F0020F05D02069012802D00120BDE800
:10B02000F88F2868616920F0F80040EAC1002860C4
:10B0300029E0FFF71DFC801B022802D90320BDE890
:10B04000F88F286810F0020FF3D02868616920F0AB
:10B05000F80040EAC100286015E0FFE7C7F800806B
:10B06000FFF706FC0646286810F0020F0BD0FFF72A
:10B07000FFFB801B022802D90320BDE8F88F286857
:10B0800010F0020FF3D1207810F0080F30D0914863
:10B09000A169C1B1C0F800B0FFF7EAFB0646686AD3
:10B0A00010F0020F0BD1FFF7E3FB801B022802D93F
:10B0B0000320BDE8F88F686A10F0020FF3D001207A
:10B0C00001F088F914E0C0F80080FFF7D1FB0646D4
:10B0D000686A10F0020F0BD0FFF7CAFB801B022832
:10B0E00002D90320BDE8F88F686A10F0020FF3D18F
:10B0F000207810F0040F6FD00026E86910F0805F10
:10B1000008D1E86940F08050E861E86900F08050BB
:10B1100000900126DFF8C0A1DAF8000010F4807F6B
:10B120001BD1DAF8000040F48070CAF80000FFF785
:10B130009FFB8146DAF8000010F4807F0DD1FFF705
:10B1400097FBA0EB0900642802D90320BDE8F88F23
:10B15000DAF8000010F4807FF1D0E068012816D002
:10B16000D0B1052821D0286A20F001002862286A81
:10B1700020F004002862E06841F2883A68B3FFF7E3
:10B1800077FB8146286A10F0020F17D03AE0286A50
:10B1900040F001002862EEE7286A20F001002862F2
:10B1A000286A20F004002862E5E7286A40F00400DD
:10B1B0002862286A40F001002862DCE7FFF758FBAC
:10B1C000A0EB0900504502D90320BDE8F88F286A9A
:10B1D00010F0020FF2D015E01AE0FFE7FFF748FB8E
:10B1E0008146286A10F0020F0CD0FFF741FBA0EB5C
:10B1F0000900504502D90320BDE8F88F286A10F0F5
:10B20000020FF2D1012E03D1E86920F08050E861ED
:10B21000E069E8B3696801F00C0108295ED00228F2
:10B2200010D0C7F86080FFF723FB0446286810F0B1
:10B23000007F66D0FFF71CFB001B022841D90320CA
:10B24000BDE8F88FC7F86080FFF712FB0646286854
:10B2500010F0007F0BD0FFF70BFB801B022802D9F8
:10B260000320BDE8F88F286810F0007FF3D1206A32
:10B27000B0F5803F05D16868A16820F4003008432C
:10B280006860616A206A0843696821F4741100E00B
:10B2900037E008436860C7F860B0FFF7E9FA044692
:10B2A000286810F0007F2CD1FFF7E2FA001B02287B
:10B2B00002D90320BDE8F88F286810F0007FF3D092
:10B2C0001FE0286810F0007FB4D11AE0001002409F
:10B2D00000004242800442420070004001280DD02C
:10B2E0006868226A00F48031914204D1616A00F4F6
:10B2F0007010884205D00120BDE8F88F0120BDE81C
:10B30000F88F0020BDE8F88F401EB0F1807F01D398
:10B31000012070474FF0E0214861044AF02010708E
:10B3200000208861072008610020704723ED00E0BD
:10B3300070477047704730B490F83C20012A3AD0EB
:10B34000012480F83C40022280F83D200268D2F8B7
:10B3500004C093682CF0700C0D6845EA0C0CC2F820
:10B3600004C00268A2F1804CBCF5963C16D0A2F154
:10B37000804CBCF59A3C11D0B2F1804F0ED0A2F1B6
:10B38000804CBCF5806C09D0A2F1804CBCF5006CFF
:10B3900004D0A2F1804CBCF5406C04D123F08003B2
:10B3A00049681943916080F83D40002180F83C10C5
:10B3B00030BC0020704730BC0220704710B50446F6
:10B3C000002C03D094F83D0010B10EE0012010BD18
:10B3D000002084F83C00204601F0E4F9A06C08B994
:10B3E0001148A064A16C20468847022084F83D00E3
:10B3F000211D206801F0A2F8012084F8460084F89D
:10B400003E0084F83F0084F8400084F8410084F84E
:10B41000420084F8430084F8440084F8450084F82E
:10B420003D00002010BD00002DB4000870470168E9
:10B43000CA6822F00102CA6001680A6A41F2111367
:10B440001A4207D10A6A9B101A4203D10A6822F0F5
:10B4500001020A60012180F83D100020704770470A
:10B4600010B504460068104988421BD1207F01288E
:10B4700018D10021204600F0FBFA0C4A81B2508816
:10B48000081A80B232280BD92068036A9B07036A26
:10B4900002D523F0020301E043F00203036251806E
:10B4A0000520107010BD0000000800400C030020B3
:10B4B000704770B505460C4695F83C0001281CD035
:10B4C000012085F83C00D2B1042A29D0082A39D0BD
:10B4D000E36862682168286801F021FA2868C16978
:10B4E00021F44061C1612868C169A26841EA022172
:10B4F000C161002085F83C0070BD022070BDE3688A
:10B5000062682168286801F08FF92868816921F054
:10B510000C01816128688169A26811438161E8E7B3
:10B52000E36862682168286801F0BBF928688169CE
:10B5300021F44061816128688169A26841EA0221A1
:10B540008161D6E7E36862682168286801F0C9F97B
:10B550002868C16921F00C01C1612868C169A2682D
:10B560001143C161C5E7000010B50446002C03D0AB
:10B5700094F83D0010B10EE0012010BD002084F8C9
:10B580003C00204601F00EF9206D08B911482065F5
:10B59000216D20468847022084F83D00211D206847
:10B5A00000F0CCFF012084F8460084F83E0084F8C7
:10B5B0003F0084F8400084F8410084F8420084F899
:10B5C000430084F8440084F8450084F83D000020DE
:10B5D00010BD0000D9B5000800B585B0002100916C
:10B5E0000191029103910068114988421ED11148CE
:10B5F000C16941F00401C161C16901F00401049114
:10B60000816941F0080181618069694600F00800A4
:10B610000490402000900848FFF710F800221146DF
:10B620001E20FFF7CDF91E20FFF7BCF905B000BDC5
:10B630000008004000100240000C014070B50446B4
:10B64000206801694FF0000511F0020F1AD0C1689F
:10B6500011F0020F16D0E91E016101202077206849
:10B66000806910F0030F04D0D4F89010204688476A
:10B6700007E0D4F8981020468847D4F89C1020465C
:10B68000884725772068016911F0040F1BD0C16835
:10B6900011F0040F17D06FF0040101610220207730
:10B6A0002068806910F4407F04D0D4F890102046C0
:10B6B000884707E0D4F8981020468847D4F89C10B3
:10B6C0002046884725772068016911F0080F1BD0B4
:10B6D000C16811F0080F17D06FF008010161042054
:10B6E00020772068C06910F0030F04D0D4F89010C0
:10B6F0002046884707E0D4F8981020468847D4F8B9
:10B700009C102046884725772068016911F0100FAA
:10B710001BD0C16811F0100F17D06FF0100101613C
:10B72000082020772068C06910F4407F04D0D4F846
:10B7300090102046884707E0D4F8981020468847A4
:10B74000D4F89C102046884725772068016911F0BD
:10B75000010F0AD0C16811F0010F06D06FF001018E
:10B760000161D4F88010204688472068016911F0F3
:10B77000800F0AD0C16811F0800F06D06FF08001F1
:10B780000161D4F8B010204688472068016911F0A3
:10B79000400F0AD0C16811F0400F06D06FF0400191
:10B7A0000161D4F88810204688472068016911F0AB
:10B7B000200F0CD0C16811F0200F08D06FF02001CD
:10B7C00001612046D4F8A810BDE87040084770BD5C
:10B7D00000B585B0002100910191029103910068AC
:10B7E000104988421CD11048816941F010018161E3
:10B7F0008069694600F0100004904FF400700090DA
:10B8000002200190032003900848FEF717FF084824
:10B81000416821F4406141F0E06141F440614160E0
:10B8200005B000BD000400400010024000100140BF
:10B8300000000140704770B504460D4694F83C0086
:10B8400001280AD0012084F83C0042B1042A1AD011
:10B85000082A2DD00C2A53D13EE0022070BD294683
:10B86000206800F0C3FE2068816941F00801816111
:10B870002068816921F004018161206881692A6959
:10B88000114381613CE02946206800F0E7FE206812
:10B89000816941F4006181612068816921F48061DE
:10B8A0008161206881692A6941EA0221816127E07A
:10B8B0002946206800F00EFF2068C16941F00801A8
:10B8C000C1612068C16921F00401C1612068C169BA
:10B8D0002A691143C16113E02946206800F036FF50
:10B8E0002068C16941F40061C1612068C16921F427
:10B8F0008061C1612068C1692A6941EA0221C16190
:10B90000002084F83C0070BD10B50446002C03D024
:10B9100094F83D0010B10EE0012010BD002084F825
:10B920003C00204600F03EFF206E08B9114820661A
:10B93000216E20468847022084F83D00211D2068A2
:10B9400000F0FCFD012084F8460084F83E0084F8F5
:10B950003F0084F8400084F8410084F8420084F8F5
:10B96000430084F8440084F8450084F83D0000203A
:10B9700010BD000079B9000808B500680649884282
:10B9800008D10648C16941F00201C161C06900F0F7
:10B990000200009008BD00000004004000100240BA
:10B9A0007047704710B50446002909D004290AD011
:10B9B00008290BD094F8410001280AD0012010BDBD
:10B9C00094F83E00F8E794F83F00F5E794F840005B
:10B9D000F2E7022089B304293DD008293ED084F83B
:10B9E00041000122206800F0F1FD1E4920681E4A36
:10B9F000884201D0904203D1436C43F40043436436
:10BA0000206888421AD0904218D0B0F1804F15D0EB
:10BA1000A0F18041B1F5806110D0A0F18041B1F575
:10BA200000610BD0A0F18041B1F5406106D0016802
:10BA300041F001010160002010BD09E0816801F0C2
:10BA400007010629F7D0016841F001010160F2E722
:10BA500084F83E00C5E784F83F00C2E784F8400060
:10BA6000BFE70000002C01400034014070477047E0
:10BA700002460020002908D0042909D008290AD04C
:10BA80000C2901D11068006C70471068406B70473A
:10BA90001068806B70471068C06B70470023002AE5
:10BAA00018D090F83CC0BCF1010F15D04FF0010C3C
:10BAB00080F83CC090F83DC0BCF1010F0ED090F86A
:10BAC0003DC0BCF1000F60D00123002180F83C1084
:10BAD0001846704701207047022070471B2952D238
:10BAE000DFE801F00E10121416181A1C1E20222472
:10BAF00026282A2D303336393C3F4245484B4E00EC
:10BB00008264E2E7C264E0E70265DEE74265DCE703
:10BB10008265DAE7C265D8E70266D6E74266D4E70F
:10BB20008266D2E7C266D0E70267CEE74267CCE71B
:10BB30008267CAE7C267C8E7C0F88020C5E7C0F8D7
:10BB40008420C2E7C0F88820BFE7C0F88C20BCE79B
:10BB5000C0F89020B9E7C0F89420B6E7C0F8982064
:10BB6000B3E7C0F89C20B0E7C0F8A020ADE7C0F86C
:10BB7000A420AAE7C0F8A820A7E7C0F8AC20A4E753
:10BB8000C0F8B020A1E701239FE70E2924D2DFE807
:10BB900001F007090B0D0F11131517191B1D1F219C
:10BBA000826492E7C26490E702658EE742658CE7A3
:10BBB00082658AE7C26588E7026686E7426684E7AF
:10BBC000826682E7C26680E702677EE742677CE7BB
:10BBD00082677AE7C26778E7012376E770477047A4
:10BBE000704770B504462068C16821F4F071C160E7
:10BBF0002068416921F001014161206B012804D1D5
:10BC00002068C16821F01001C160206841694FF0CF
:10BC1000100611F0800F4FF000050FD0416921F0A0
:10BC200080014161606B48B14563606BFEF748F984
:10BC300020B1606BFEF722FA20281FD020684169EE
:10BC400011F0400F0FD0416921F040014161A06B1C
:10BC500048B14563A06BFEF733F920B1A06BFEF746
:10BC60000DFA20280DD0E584E5852564202084F890
:10BC70003E0084F83D002563002070BD266403204B
:10BC800070BD2664032070BD70B504462068C1688D
:10BC900021F49071C1602068416921F00101416186
:10BCA000206B012804D12068C16821F01001C16017
:10BCB000206841694FF0000511F0400F0FD0416935
:10BCC00021F040014161A06B48B14563A06BFEF7D4
:10BCD000F7F820B1A06BFEF7D1F9202806D0E58552
:10BCE000202084F83E002563002070BD10202064D1
:10BCF000032070BD70B5144A016891421DD1046CD7
:10BD0000124804F0D9FA200703D510480C3804F083
:10BD1000D3FA0E4D6007A5F10C0502D5281D04F0DD
:10BD2000CBFAA00703D50948001F04F0C5FA6C62DE
:10BD3000074900200870887070BD06488142FBD119
:10BD4000BDE8704004F074BA0044004008120020BE
:10BD50001403002000380140F8B50446226810683A
:10BD6000D168536900F00F0CBCF1000F0AD110F03C
:10BD7000200F07D011F0200F04D02046BDE8F84076
:10BD800000F08DBE0025BCF1000F6DD003F0010C5A
:10BD900001F490765CEA060666D010F0010F06D03A
:10BDA00011F4807F03D0226C42F00102226410F073
:10BDB000040F06D013F0010F03D0226C42F00202F0
:10BDC000226410F0020F06D013F0010F03D0226C92
:10BDD00042F00402226410F0080F08D001F02002A3
:10BDE00052EA0C0203D0226C42F008022264226C58
:10BDF000002A2FD010F0200F05D011F0200F02D014
:10BE0000204600F04CFE20684069C0F38010216C91
:10BE100011F0080F00D110B3204600F01BFE20687F
:10BE2000416911F0400F16D0416921F04001416194
:10BE3000A06B60B147494163A06BFEF765F800282D
:10BE400008D0A06B416B01B0BDE8F0400847204628
:10BE5000FFF750FFF8BD2046FFF74CFFF8BD204626
:10BE6000FFF748FF2564F8BD236B012B5BD110F071
:10BE7000100F58D011F0100F55D010685068009076
:10BE800050694FF0200310F0400F2ED0A16B0868CE
:10BE9000406880B20028E6D0B4F82CC08445E2D9CE
:10BEA000E0858869202818D0D06820F48070D060A0
:10BEB0002068416921F0010141612068416921F058
:10BEC0004001416184F83E3025632068C16821F05B
:10BED0001001C160A06BFDF7F3FFA08DE18D401A4A
:10BEE00081B22046FFF77CFEF8BDA08DE18D401A9F
:10BEF00081B2E08D0028F7D00029F5D0D06820F479
:10BF00009070D0602068426922F00102426184F89A
:10BF10003E3025632068C26822F01002C2602046CD
:10BF2000FFF75EFEF8BD10F0800F07D011F0800F14
:10BF300004D02046BDE8F84000F08FBE10F0400F5E
:10BF4000F0D011F0400FEDD02046BDE8F84000F0F1
:10BF500099BD000045CA000870B50446002C04D005
:10BF600094F83D00002510B106E0012070BD84F872
:10BF70003C50204600F022F8242084F83D00206840
:10BF8000C16821F40051C160204600F0E7FD20683F
:10BF9000016921F4904101612068416921F02A0181
:10BFA00041612068C16841F40051C16025642020CE
:10BFB00084F83D0084F83E00002070BD704790F882
:10BFC0003E30202B01D00220704759B152B190F879
:10BFD0003C30012B08D0012380F83C300023036360
:10BFE00000F020BE012070470220704710B50068A5
:10BFF000074988420AD10748007806F05BFFBDE890
:10C000001040012203490448FFF7D9BF10BD0000CA
:10C010000038014024030020D812002070B50546E6
:10C020000068134988421ED1124C207803281AD187
:10C03000A0782179884202D2A078401CA070A07814
:10C040002179884201D304200CE0A068A178012264
:10C0500001440948FFF7B3FF28B10749583104F0FC
:10C06000DDF9002020702846BDE87040FFF7BEBF14
:10C070000044004014030020B811002090F83D3027
:10C08000202B01D002207047A9B1A2B190F83C301A
:10C09000012B12D001628284C2840021016421221A
:10C0A00080F83D2080F83C100068C16841F08001B4
:10C0B000C1600020704701207047022070470000D7
:10C0C0000068094988420DD108498888401C80B21F
:10C0D00088804A88904205D2896801220144044838
:10C0E000FFF7CCBF70470000003801402403002058
:10C0F000D81200202DE9F041064600681A4988420E
:10C100002AD11A4CA078E178002588420ED2A06886
:10C11000A178012201441648FFF7B0FF10B114497D
:10C12000543116E0A078401CA07015E02078022859
:10C1300011D103202070A57020790D4F583780B1A0
:10C14000A06870B1A16801220948FFF738FF18B153
:10C15000394604F063F925703046BDE8F041FFF739
:10C16000AFBF39460120F4E700440040140300202B
:10C17000B8110020FEE700000449097B19B1002135
:10C18000018001207047002070470000BC020020A1
:10C190003EB50021234800910191214A029102609D
:10C1A0009215826001240473017504254FF4602206
:10C1B0000561C2614160FDF7F9FC08B1FDF7F5FAD0
:10C1C0000820CDE900040624694616480294FDF7CC
:10C1D00051FC08B1FDF7E9FA092000900220CDE9F1
:10C1E000010469460F48FDF745FC08B1FDF7DDFA8B
:10C1F00003200095CDE9010469460A48FDF73AFCA1
:10C2000008B1FDF7D2FACDE9004569460548029428
:10C21000FDF730FC002801D0FDF7C7FA3EBD000055
:10C22000002401401C130020094808B5416941F071
:10C23000010141614069002200F0010000900A21E3
:10C240000B20FEF7BDFBBDE808400B20FEF7AABBA4
:10C250000010024070B586B000241C480094019480
:10C2600002940394816941F004018161816901F0C4
:10C2700004010491816941F020018161816901F02B
:10C2800020010491816941F008018161816901F017
:10C2900008010491816941F01001816180690122E6
:10C2A00000F010000A4ED503049029463046FEF7F0
:10C2B000D8FA01200095CDE90104022003906946D7
:10C2C0003046FEF7BBF906B070BD0000001002401A
:10C2D00000080140FEE77047F8B50546694603F0DF
:10C2E000E7FA234A002350B3022832D0032835D07E
:10C2F000BDF800001F4E00EB800102EB410156F833
:10C30000207006EB80007D1B406805EB8505381A20
:10C310006D00B5FBF0F0084401B22046164C61F305
:10C320001F40B4F90450A94204DA914202DD491CCD
:10C3300061F31F400114A18063F30700F8BDBDF84D
:10C34000000000EB800002EB4001204661F31F403B
:10C35000F2E7204662F31F40012105E040F2E2418E
:10C36000204661F31F40022161F30700F8BD000081
:10C3700070FEFFFF20E701086003002010B50D4CA0
:10C380004FF49670A0606078002812D00020607092
:10C390000948008880B2A0F57061FF3901D1401EC4
:10C3A00080B20649B1FBF0F0A0F59670FFF794FF5C
:10C3B000E06010BD60030020A0130020D4BE120076
:10C3C00002484078002800D00120704784030020F4
:10C3D0007047704781B007494FF4FA520968B1FBC2
:10C3E000F2F14843009000BF0098411E0091FAD23C
:10C3F00001B0704714000020014900200870704708
:10C400008403002070470000074A1378984207D140
:10C410005378052B02D25B1C53707047087070472D
:10C4200010700020507070471003002070B5194C38
:10C43000A079A0F5FA60C0B201F051FC04F10A0540
:10C44000A871607901F04BFC2871207901F047FC5C
:10C45000E870E08861792279FDF751FA401CC0B29A
:10C46000E07001F03CFC6871A07801F038FCA87025
:10C47000607801F034FC6870207801F030FC28709E
:10C480000722294604A006F03AFB2846BDE8704082
:10C49000FDF772B9080F00207365742074696D652B
:10C4A0000000000010B5FEF723FABDE810400BF0C5
:10C4B000C5BE30B595B028216846FBF7CDFE1421E6
:10C4C00010A8FBF7C9FE18210AA8FBF7C5FE012139
:10C4D0000804CDE900100024029402250491CDE95E
:10C4E00007504FF4E01009906846FEF7F7FC0F2064
:10C4F000CDE910056802CDE91240022110A814947C
:10C50000FEF7CAFB10200F940A900AA8FEF72CFB36
:10C51000A8030C900A950AA8FEF726FB15B030BDBB
:10C52000704700000148FFF789B800009C0F002009
:10C530000148FFF783B8000004110020F0B402683E
:10C54000DFF874C01D4C1E4D1E4E1F4B60450AD0B7
:10C55000984208D0B0F1804F05D0A04203D0A84245
:10C5600001D0B04203D122F070024F683A436045D7
:10C570000AD0984208D0B0F1804F05D0A04203D035
:10C58000A84201D0B04203D122F44072CC682243C9
:10C590004C6922F08002224302608A68C2620A6803
:10C5A0008262604501D0984201D10969016301218D
:10C5B0004161F0BC70470000002C014000040040C5
:10C5C00000080040000C00400034014001F01F0151
:10C5D00001238B40D0F820C02CEA03030362036AD6
:10C5E00002FA01F1194301627047000070B4026A57
:10C5F00022F001020262036A4268D0F818C02CF0EF
:10C60000700C2CF0030C0C6844EA0C0C23F00203B1
:10C610008C6823430F4C104DA04201D0A84205D195
:10C6200023F00803CE68334323F00403A04201D073
:10C63000A84207D122F4807222F400724C6922438E
:10C640008C6922434260C0F818C0496841630362A4
:10C6500070BC7047002C01400034014070B4026A85
:10C6600022F010020262036A4268D0F818C02CF46B
:10C67000E04C2CF4407C0C684CEA042C23F02003A2
:10C680008C6843EA0413114C114DA04201D0A8421A
:10C6900006D123F08003CE6843EA061323F040035B
:10C6A000A04201D0A84209D122F4806222F40062A3
:10C6B0004C6942EA84028C6942EA84024260C0F812
:10C6C00018C049688163036270BC7047002C014048
:10C6D0000034014070B4026A22F480720262036A7C
:10C6E0004268D0F81CC02CF0700C2CF0030C0C68C5
:10C6F00044EA0C0C23F400738C6843EA0423114CC5
:10C70000114DA04201D0A84206D123F40063CE68A7
:10C7100043EA062323F48063A04201D0A84209D152
:10C7200022F4805222F400524C6942EA04128C69CD
:10C7300042EA04124260C0F81CC04968C163036247
:10C7400070BC7047002C01400034014010B4026AF4
:10C7500022F480520262D0F820C04268C36923F4F8
:10C76000E04323F440730C6843EA04232CF4005C98
:10C770008C684CEA043CA0F18044B4F5963404D0B3
:10C78000A0F18044B4F59A3404D122F480424C697B
:10C7900042EA84124260C36149680164C0F820C063
:10C7A00010BC70471349C0F880101349C0F88410BA
:10C7B0001249C0F888101249C0F88C101149C0F80D
:10C7C00090101149C0F894101049C0F89810104901
:10C7D000C0F89C100F49C0F8A0100F49C0F8A41071
:10C7E0000E49C0F8A8100E49C0F8AC100D49C0F8A9
:10C7F000B01070476DBA00086FBA0008DDBB0008C2
:10C80000DFBB000861B40008B1B4000835B8000807
:10C81000A1B90008A3B900085FB4000833B3000849
:10C8200035B3000831B3000830B4D0F820C02CF084
:10C83000010CC0F820C0D0F818C0046AA0F18045EF
:10C84000B5F5963528D0A0F18045B5F59A3523D0B9
:10C85000B0F1804F20D0A0F18045B5F580651BD0A8
:10C86000A0F18045B5F5006516D0A0F18045B5F57D
:10C87000406511D04CF0010222F0F0024FF0F00CB4
:10C880000CEA03131A4324F00A0301F00A011943C6
:10C890008261016230BC70472CF0030C4CEA02024A
:10C8A000EAE710B4D0F820C02CF0100CC0F820C07B
:10C8B0008469D0F820C024F4407444EA022222F4AF
:10C8C00070424FF4704404EA03331A432CF0A0037F
:10C8D0004FF0A00C0CEA011119438261016210BCF7
:10C8E000704710B4D0F820C02CF4807CC0F820C071
:10C8F000C469D0F820C024F00304224322F0F002DF
:10C90000F02404EA03131A432CF400734FF4007C60
:10C910000CEA01211943C261016210BC704710B4D6
:10C92000D0F820C02CF4805CC0F820C0C469D0F8D6
:10C9300020C024F4407444EA022222F470424FF4EE
:10C94000704404EA03331A432CF400534FF4005CA0
:10C950000CEA01311943C261016210BC704700004A
:10C9600000B585B0002001900A48816941F00801B6
:10C9700081618069694600F0080004904FF400501E
:10C98000009002200290032003900348FDF756FE1A
:10C9900005B000BD00100240000C01400C4800B57D
:10C9A000816985B041F0080181618069694600F0C4
:10C9B000080004904FF40050009001200190029074
:10C9C000032003900348FDF739FE05B000BD0000C9
:10C9D00000100240000C014000B585B0002001901D
:10C9E00003900A48816941F00801816180696946C4
:10C9F00000F0080004904FF40050009001200290D5
:10CA00000348FDF71BFE05B000BD0000001002400A
:10CA1000000C01400148806870470000EC030020D2
:10CA2000421807498968824205D3914201D2814266
:10CA300003D2012070479142F9D8002070470000CE
:10CA4000EC03002010B5406A0021C185C184FFF7C6
:10CA500051F910BD0168CA6822F49072CA60016879
:10CA60004A6922F001024A61016B012904D101687F
:10CA7000CA6822F01002CA60202180F83E1000210E
:10CA80000163704710B50168CA6822F04002CA60AD
:10CA9000202180F83D10FFF72DFB002010BD08B5C8
:10CAA00090F83E10222901D0022008BD8268B2F51C
:10CAB000805F01D1016929B1816AB2F5805F1DD023
:10CAC00052B10BE0816A02685268C2F308020A8020
:10CAD000816A891C816209E002697AB10268526840
:10CAE00002F07F020A70816A491C8162C18D491E71
:10CAF0000904090CC18505D0002008BD02685268F0
:10CB00000A70F0E70168CA6822F02002CA60016872
:10CB1000CA6822F48072CA6001684A6922F0010280
:10CB20004A61202180F83E10016B012903D0FFF7F4
:10CB300075FA002008BD002101630168CA6822F06F
:10CB40001002CA6001680A6812F0100F02D00A6869
:10CB500049680091818DFFF743F8EAE770B5044614
:10CB600020680169E26821F44051114301612169A3
:10CB7000A0680843616901432068C26822F4037217
:10CB800022F4A0521143C16020684169A26921F4D6
:10CB90004071114341612068A0F18041B1F59C31A1
:10CBA0003AD0FEF73FF900EBC00101EB00106168DD
:10CBB0001B4A8900B0FBF1F3A2FB0353B0FBF1FC6D
:10CBC0005B096FF018056B430CEB83034FF0320CDD
:10CBD0000CEB0313A2FB03535B0903F0F005B0FB5E
:10CBE000F1F3A2FB03635B0905EB0313B0FBF1F563
:10CBF000B0FBF1F0A2FB001040096FF018014843B0
:10CC000005EB80000CEB0010A2FB00102168C0F3C4
:10CC100043101844886070BDFEF714F9C3E70000A4
:10CC20001F85EB5181628285C28500210164222229
:10CC300080F83E2080F83C100168CA6842F4807297
:10CC4000CA6001684A6942F001024A610068C1682D
:10CC500041F02001C1600020704790F83D1021296B
:10CC600001D0022070478168B1F5805F01D1016970
:10CC700061B1016A4A1C0262026809785160C18C84
:10CC8000491E0904090CC1840AD013E0016A026834
:10CC90000988C1F308015160016A891C0162EEE74D
:10CCA0000168CA6822F08002CA600068C16841F069
:10CCB0004001C160002070470148FFF74DB80000F7
:10CCC000D81200200148FFF747B80000B811002033
:10CCD0007047FEE7704700000B4910B5C01D4A6B56
:10CCE00020F00700131808460C6BC06AA34208D94D
:10CCF000064A904203D1C87808B90120C8700020C4
:10CD000010BD10444B6310BDA4040020B86800207F
:10CD10002DE9FE4F0BF048FCF74C082725266078DC
:10CD200000254FF00E094FF00B0A4FF0020B4FF0A9
:10CD3000010825282BD2DFE800F02A13163E4F66A3
:10CD40009DDEFEFDFCFBFAF9F8F72A2A2A2A2A2A98
:10CD50002A2A2A2A2A2A2A2A2A2AF62A2A2AF500C6
:10CD600006F064F822E000F0A1FF01280FD1E249AB
:10CD7000258300221831E14805F056FF002806D02F
:10CD8000DFA1DE48FBF773FA18B184F80180BDE833
:10CD9000FE8FDFA1D948FBF76AFA20B1FFF73AFE10
:10CDA000E0660320D2E22078022802D284F801B0A3
:10CDB000EDE72570EBE74FF4C871E06EFFF730FE4A
:10CDC0000028E4D00523D3A20F21D3A0CDF8008002
:10CDD00006F090F90420B9E206F07CF90128D6D1DA
:10CDE00006F0E4F9FFF708FBCF49D0A081F80080F6
:10CDF00004F0A6FB1423C7A20E21CCA0009506F0D8
:10CE000079F90520A2E206F065F90128BFD1BB48F7
:10CE1000FBF755FA0104090C02D0B84804F082FB74
:10CE200004F0ACFB012804D06670BDE8FE4F06F0AC
:10CE3000C3B904F015FF01287ED1218CBF480095AD
:10CE4000CDE901010123BEA2190200F5307000F006
:10CE500061FFC44804F074FB04F07CFAC148FBF79E
:10CE60002EFA81B2BF4804F07BF8FFF7D3FDA06231
:10CE700006206BE20BF098FBBB49A06AFFF7D0FDE0
:10CE800010B10021B9A027E39B49002218319B482B
:10CE900005F0CAFE00288BD0218B984804F042FB95
:10CEA000B6A19648FBF7E3F9B8B104F053FAB7A579
:10CEB000284604F045FB04F04DFA2846FBF7FFF93D
:10CEC00081B2284604F04CF80546FFF7A3FDA062A6
:10CED0000DB167705BE7072038E2B0A18748FBF728
:10CEE000C6F928B9B0A18548FBF7C1F9002873D06D
:10CEF0000021AFA0F0E20BF057FB40F6B831A06A7A
:10CF0000FFF78EFD10BB7C49002218317B4805F0ED
:10CF10008BFE0028DED0218B784804F003FB7DA136
:10CF200076480AE01EE302E3DBE2A3E26EE20FE2F0
:10CF3000BEE087E044E00CE034E3FBF798F928B961
:10CF400099A16E48FBF793F90028D0D004F002FABB
:10CF5000BFE7218C7948CDE9000100F15003974AE1
:10CF60004FF480717F4800F0D5FE002801DDFF28D6
:10CF700002DD002192A0AFE2002396A22021994871
:10CF800000F0C8FE002801DD202802DB002196A069
:10CF9000A2E2944804F0D4FA04F0DCF904F032FD83
:10CFA0009048FBF78CF981B28E4803F0D9FF10B19D
:10CFB000002192A090E2FFF72DFDA0620920C5E1BB
:10CFC00041F2883004F0AAFD01280CD0022833D0A9
:10CFD00003287FF4EDAE00E08DE08EA004F02EFD7E
:10CFE00000218CA078E25F48FBF769F985B2681CE4
:10CFF00086B2B6F5817F02D300218CA06CE259493C
:10D000002A4601F59070FBF700F976491A20203185
:10D01000485574483146203004F09EFA7148314634
:10D02000203003F09DFF10B1002187A054E2FFF7EC
:10D03000F1FCA0620A2089E18BA004F0FFFC002132
:10D0400089A049E20BF0B0FA44F62061A06AFFF72C
:10D05000E7FC10B1002188A03EE2274900221831E8
:10D06000264805F0E1FD00283FF4A2AE218B2348BD
:10D0700004F058FA84A12148FBF7F9F850B104F004
:10D08000B9FE04F04FFCFFF7C5FCE065206604F034
:10D0900061F916E27EA11948FBF7E9F828B942A127
:10D0A0001648FBF7E4F8002825D000217BA013E206
:10D0B0000BF07AFA207A48B9E07A082806D0607C2A
:10D0C000E179084305D0012177A005E200217AA08B
:10D0D00002E27E49E06DFFF7A3FC10B100217CA0C5
:10D0E000FAE14EF66021206EFFF79AFC10B10021A4
:10D0F0007CA0F1E10AE120E200040020B515002047
:10D10000504F574552454420444F574E00000000B1
:10D11000524459004F4B000041542B514D54434C45
:10D120004F53453D300D0A008503002041542B51DB
:10D1300049434C4F53453D300D0A000088470020BD
:10D1400041542B51494F50454E3D25752C25752C8A
:10D1500022544350222C222573222C25752C302C4E
:10D16000300D0A00484A0020F04902006F70656ED9
:10D170005F74696D656F7574000000002B51494F35
:10D1800050454E3A20302C300000000041542B51C5
:10D190004953454E443D3F0D0A0000002B51494F75
:10D1A00050454E3A000000004552524F52000000D8
:10D1B0006F70656E5F6661696C656400D4EA010832
:10D1C000726571756573745F746F6F5F6C6F6E6796
:10D1D0000000000041542B514953454E443D2575F4
:10D1E0000D0A0000484B0020716973656E645F632F
:10D1F0006D645F746F6F5F6C6F6E670071697365EC
:10D200006E645F756172745F73656E645F66616999
:10D210006C000000716973656E645F70726F6D7091
:10D22000745F74696D656F75740000007265717567
:10D230006573745F7061796C6F61645F746F6F5F49
:10D240006C6F6E6700000000716973656E645F70DB
:10D2500061796C6F61645F756172745F73656E6430
:10D260005F6661696C000000716973656E645F726E
:10D27000656A65637465640073656E645F74696D87
:10D28000656F75740000000053454E44204F4B00FD
:10D2900053454E44204641494C00000073656E647E
:10D2A0005F6661696C6564007261775F626F647963
:10D2B0005F646F6E650000007261775F7374726502
:10D2C000616D5F6572726F720000000010090500E9
:10D2D0007261775F746F74616C5F74696D656F758F
:10D2E000740000007261775F69646C655F74696DDA
:10D2F000656F757400000000218BB24804F012F9CC
:10D30000B1A1B048FAF7B3FF04F024F80022B34902
:10D31000AC4805F089FC0028EED14FF400704110B4
:10D3200000900023AEA2B24800F0F4FCB04804F034
:10D3300007F904F00FF8AE48FAF7C1FF81B2AC4824
:10D3400003F00EFEFFF766FBA0620C2060701EE586
:10D350000BF02AF941F28831A06AFFF761FB10B1A6
:10D360000021A4A0B8E000229C49964805F05CFC8E
:10D370000028ECD0218B934804F0D4F891486E46F5
:10D38000A0A1FAF774FF90B3801D00E0401C017863
:10D390002029FBD000210A466FF02F0708E000BFCC
:10D3A00001EB8101521C07EB41011944D2B2401C30
:10D3B0000378A3F1300CBCF1090FF1D9BAB140F2F6
:10D3C000DC50814214D83180BDF80000E08440B1C7
:10D3D000A575FFF71FFB20660D20607003F0BAFFF4
:10D3E000D5E4A07D401CA07584F80190F6E7FFE726
:10D3F00075A17448FAF73BFFAFF254217148FAF770
:10D4000036FF0028EAD0002180A02DE00BF0CCF8F8
:10D41000002513E09DF8000004F02AF9012804D04B
:10D4200000217DA004F05EFB10E0E08C401E6D1C2E
:10D43000E084ADB2A80601D10BF0B6F8E08C28B1BB
:10D440006946794801F00EFF0028E3D160780D2885
:10D45000C6D1E08C58B141F28831A06AFFF7E0FAFA
:10D460000028BDD0002171A004F03CFB8FE484F8BB
:10D4700001908CE40BF098F841F28831A06AFFF734
:10D48000CFFA10B100216EA026E0002253494D488A
:10D4900005F0CAFB0028A3D0218B4A4804F042F8CB
:10D4A000AFF290314748FAF7E2FE68B103F052FF5D
:10D4B00004F07EFC012804D084F80880002166A0D6
:10D4C0000AE084F801A062E4AFF224313D48FAF7A3
:10D4D000CEFE90B3002166A003B0BDE8F04F04F08B
:10D4E00001BB0BF061F842F21071A06AFFF798FAE5
:10D4F0002025C0B900223949324805F095FB0028A3
:10D50000B4D0218B2F4804F00DF8AFF2F8312D483C
:10D51000FAF7ADFE28B9AFF270312A48FAF7A7FE44
:10D5200058B103F017FFA07CE0B365702FE404F05E
:10D5300033FD012802D053A010E03EE0E28B216BC6
:10D54000606C0EF04FFC012807D109F051FF012853
:10D5500003D184F8029002F07FFF50A0BDE8FE4F97
:10D5600004F062BB0BF020F842F21071A06AFFF7E2
:10D5700057FAB8B900221949124805F055FB00289E
:10D58000A1D0218B0F4803F0CDFFAFF278410D48B9
:10D59000FAF76DFE30B9AFF2F0310A48FAF767FEDC
:10D5A00000B900E004E044A10648FAF760FE20B1AB
:10D5B0006670BDE8FE4F04F02DBBBDE8FE4F03F0E2
:10D5C000C9BE0000B51500202B51495552433A20E1
:10D5D00022636C6F73656422000000001804002051
:10D5E00041542B514952443D25752C25750D0A0097
:10D5F000484A0020716972645F74696D656F757463
:10D60000000000002B514952443A000071697264D5
:10D610005F6572726F7200007261775F7061727322
:10D62000655F6572726F72007C3700207169726489
:10D630005F646174615F74696D656F75740000008B
:10D64000716972645F747261696C65725F74696D2F
:10D65000656F75740000000073747265616D5F70B2
:10D66000726F6772616D5F6572726F7200000000A9
:10D67000716972645F747261696C65725F65727200
:10D680006F72000073747265616D5F7665726966B2
:10D69000795F6661696C6564000000007065727393
:10D6A000697374656E745F61637469766174655FD4
:10D6B0006661696C656400002B434D4520455252FC
:10D6C0004F523A0010B5FFF7A5F90249C86603208A
:10D6D000487010BD000400202DE9F84FEF4CA078F1
:10D6E000002850D103F012FD2079062701260025DD
:10D6F0004FF0020A40F6B83840F2DC5B4FF0030905
:10D70000142840D2DFE800F03F0A0D4C5E7188C952
:10D71000DBF7EFEE3F3FEDECEBEAE9E805F086FBE7
:10D720002FE000F0C3FA01282DD1DC49E582002268
:10D730001631DB4805F078FA40B3E18AD84805F0A5
:10D74000DDF9D8A1D648FAF792FD20B12671BDE8DF
:10D75000F84F00F0B5BAD7A1D148FAF788FD48B123
:10D760003223D5A20B21D5A0009505F0C3FC84F887
:10D7700004900BE0E18ACA4805F0C0F9E07802287D
:10D7800003D284F804A0BDE8F88FE5703223CAA262
:10D790000B21CAA0009505F0ADFC84F80490F2E7D7
:10D7A00005F098FC0128EED1C7A003F027FB012863
:10D7B000E9D03223C0A20B21C5A0009505F09AFC48
:10D7C000042010E005F086FC0128DCD1C3A003F0A2
:10D7D00015FB0128D7D01423C2A20A21C5A00095A9
:10D7E00005F088FC05202071CDE705F073FC0128C9
:10D7F000C9D1C3A003F002FB0128C4D003F0CEFCC2
:10D80000A572E572C4F824801423ABA21721BEA030
:10D81000009505F06FFC3EE0E07A01281DD005F090
:10D8200059FC0128AFD1BEA003F0E8FA0128AAD024
:10D83000607A48B1BCA1BE48FAF748FD00B3BDA16B
:10D84000BB48FAF743FDD8B1A07A401CC0B2A07221
:10D85000642874D2C4F82480B8E0D4E90910FFF732
:10D86000DFF801288FD1E572C4F8248003F096FC1C
:10D87000142391A21721A4A0009505F03BFC82E798
:10D88000A572E57214238CA21D21ACA0009605F0B0
:10D8900031FC0720A7E7277175E705F01BFC01287D
:10D8A000A2D1AEA003F0AAFA01289DD0192382A22A
:10D8B0001946ADA0009605F01DFC082093E705F081
:10D8C00009FC012890D1AFA003F098FA01288BD071
:10D8D000192379A21D2108E0CBE0AAE097E07AE0C5
:10D8E00068E046E02CE018E005E0A8A0009605F00E
:10D8F00001FC092077E705F0EDFB0128BFD1ABA0C3
:10D9000003F07CFA0128BAD019236BA21A21AAA02D
:10D91000009605F0EFFB0A2065E705F0DBFB012828
:10D92000ADD1ACA003F06AFA0128A8D0322362A2DC
:10D930000921AAA0009605F0DDFB0E2053E78AE03E
:10D9400005F0C8FB01289AD10CF0CCFC7848602186
:10D9500010300CF051FB00287DDD60287BDAC1B26D
:10D9600073485B46A0A21030009605F0C3FB12205E
:10D9700039E705F0AFFB01288ED19FA003F03EFAF6
:10D98000012889D00DF036FF002864D06848602156
:10D9900070300CF0FFFA00285DDD60285BDAC1B260
:10D9A000634840F6CA0396A27030009605F0A2FBC9
:10D9B000102018E705F08EFB01289FD1E5736573F1
:10D9C00003F0ECFBA57247F230506062FFF722F8DB
:10D9D000A062E6725FE705F07DFB01288ED18CA086
:10D9E00003F00CFA01288ED051488021D0300CF081
:10D9F000A9FA00282FDD80282DDAC1B24C485B46F9
:10DA000085A2D030009605F075FB1120EBE605F0FD
:10DA100061FB012884D184A003F0F0F9012884D0AF
:10DA2000192383A20A2184A0009605F063FB0B2032
:10DA3000D9E605F04FFB012885D182A003F0DEF97D
:10DA400001289ED01648602160380CF0F7FA0028B3
:10DA500001DD602803DBBDE8F84F00F011B9C1B269
:10DA60000F485B467AA26038009605F043FB13200E
:10DA7000B9E605F02FFB01289FD179A003F0BEF98C
:10DA80000128B0D065731420207184F80090BDE89F
:10DA9000F84F00221146072003F03ABC840300200F
:10DAA000B5150020504F574552454420444F574E1E
:10DAB00000000000524459004F4B000041542B43DA
:10DAC00046554E3D300D0A004346554E300000008D
:10DAD00041542B4346554E3D310D0A004346554EA9
:10DAE000310000002B4350494E3A205245414459E1
:10DAF0000000000041542B4350494E3F0D0A0000E6
:10DB00004350494E0000000061742B71656E673D03
:10DB10002273657276696E6763656C6C220D0A000C
:10DB200051454E47000000004E4F434F4E4E0000FF
:10DB300005140020434F4E4E4543540041542B5191
:10DB40004D544346473D22726563762F6D6F646581
:10DB5000222C302C302C300D0A0000005245435648
:10DB60004D4F44450000000041542B514D54434655
:10DB7000473D2276657273696F6E222C302C340D0E
:10DB80000A00000056455253494F4E0041542B5154
:10DB90004D544346473D226B656570616C697665FF
:10DBA000222C302C3132300D0A0000004B454550FC
:10DBB000414C49564500000041542B514D544346B9
:10DBC000473D22716D7470696E67222C302C3330A2
:10DBD0000D0A0000514D5450494E470041542B430B
:10DBE00047534E0D0A0000002B514D545355423AF5
:10DBF00020302C312C3000004347534E00000000F1
:10DC00002B514D544F50454E3A20302C30000000DF
:10DC1000514D544F50454E002B514D54434F4E4E95
:10DC20003A20302C302C3000514D54434F4E4E0092
:10DC30002B51434349443A0041542B5143434944F7
:10DC40000D0A0000514D545355425F444F574E004A
:10DC50002B514D545355423A20302C322C30000079
:10DC6000514D545355425F55500000000348007910
:10DC7000142801D000207047012070478403002041
:10DC800010B501F013FA01F003FA03F087FA064821
:10DC9000002140F6B8328172C1724262C173417391
:10DCA0000121017110BD00008403002003480078A9
:10DCB000052801D00020704701207047EC030020A8
:10DCC0000149002008707047EC030020010901EBB6
:10DCD000810100F00F0000EB4100C0B270470A2143
:10DCE000B0FBF1F2B0FBF1F301FB1300120740EAC5
:10DCF00012607047002000BF00BF00BF00BF00BF20
:10DD000000BF00BF00BF00BF401CC0B20428F2D358
:10DD1000704700000FB41CB50246002007AC002974
:10DD20000BD0491ECDE90021054B6A4621460698D5
:10DD300000F04CF9009A002111701CBC5DF814FB36
:10DD4000FBE600080FB4084B10B504A902AA03981B
:10DD500000F03CF9044602A9002000F0D9FC20465E
:10DD600010BC5DF814FB000011E7000830B528B1C5
:10DD7000144C031F002021680A4605E0084630BD08
:10DD80009A4203D810465268002AF9D1002800D0E0
:10DD900041680BD00468A3EB0005A54204D11B68C1
:10DDA0001C440346046002E0436000E023603AB193
:10DDB0001C68D51AA54203D115682C441C60526812
:10DDC0005A6030BDD80600202DE9F04782460F4C3E
:10DDD00010480D4E0E4F001B4FF0000820F00705B5
:10DDE0004FF0010900221146504602F051FB002875
:10DDF00002D1306810B10020BDE8F0873C60C4E972
:10DE00000058C6F80090EDE7DC0600203C850020B5
:10DE1000D80600203887002002E008C8121F08C179
:10DE2000002AFAD170477047002001E001C1121F9B
:10DE3000002AFBD1704700002DE9FF5F82B000216E
:10DE4000DDE90430020DDDF840B0034318D044F69C
:10DE50001050A2F2FF3242431514119801281FD02E
:10DE6000A5EB0B00401C5FEA000A4FF000064E4F86
:10DE7000DFF83891B046504615D5CAF1000413E0DA
:10DE8000119801244AA3012801D16FEA0B010298DD
:10DE9000119AC0E90031C0E9024206B0BDE8F09F26
:10DEA000CBF10000DFE704460021404A491842EB6D
:10DEB0000450CDE9001012E0E00707D032463B469F
:10DEC00040464946FAF75FFD8046894632463B4662
:10DED00010461946FAF757FD06460F466410002C07
:10DEE000EAD1DDE90401DDE90023BAF1000F06DA29
:10DEF000FAF749FD42464B46FAF745FD05E0FAF7C9
:10DF000076FF42464B46FAF772FF04460E46002261
:10DF1000284BFAF72FFE03D84FF0FF30014607E0F9
:10DF20000022254B20463146FAF786FCFAF7DAFF45
:10DF3000102409E0002C0ADB0A220023FAF714F966
:10DF4000039B30321A55641E50EA0102F2D1641C60
:10DF5000039AC4F111031444119A012A03D0012237
:10DF600008430DD10AE0084304D000204FF0110B04
:10DF7000119072E7A3EB0B056D1E0DE05B4504DD10
:10DF80004FF0000205F1010504E003DA4FF0000252
:10DF9000A5F10105002AECD002981199C0E90231DF
:10DFA000C0E9004579E70000000014400000F03FA0
:10DFB000300000000000F0430000E03F30380A2845
:10DFC00001D2012070470020704700002DE9FF4F6B
:10DFD00095B09B468946064600250FE2252877D155
:10DFE00000242746F84A0121059400E0044316F86E
:10DFF000013F203B01FA03F01042F7D130782A2884
:10E0000011D06FF02F033078A0F13002092A16D812
:10E01000059A44F0020402EB820203EB4202104430
:10E02000761C0590EFE759F8042B0592002A03DAD5
:10E03000504244F40054059044F00204761C3078B9
:10E040002E2816D116F8010F44F004042A280DD00A
:10E050006FF02F023078A0F13003092B09D807EBBD
:10E06000870302EB4303C718761CF3E759F8047BD8
:10E07000761C30786C280FD006DC4C2817D0682826
:10E080000DD06A2814D104E0742810D07A280FD15A
:10E090000DE044F400140AE044F4801401E044F478
:10E0A00040147278824202D104F58014761C761CEA
:10E0B000307866280BD013DC582877D009DC00288C
:10E0C00075D04528F6D04628F4D047281AD19DE1CE
:10E0D00018E0632835D0642879D0652812D195E1FD
:10E0E000702873D008DC6728F1D069286FD06E28BB
:10E0F0000DD06F2806D1B5E073282CD0752875D0C7
:10E10000782874D05A46179990476D1C75E1C4F36E
:10E110000250022809D003280DD0D9F80010042895
:10E120000DD00D6009F1040967E1D9F80010EA1774
:10E13000C1E90052F6E7D9F800100D80F2E70D7042
:10E14000F0E719F8041B8DF8001000208DF801008D
:10E15000EA46012003E059F804AB4FF0FF306107B5
:10E160004FF0000102D40DE008F101018846B942E8
:10E170000FDA8045F8DB1AF808100029F4D108E01E
:10E1800008F1010188468142FADB1AF808100029DB
:10E19000F6D105985B46A0EB080721463846179A4A
:10E1A00000F094FA284400EB080507E04DE029E16F
:10E1B0000DE01AF8010B5A4617999047B8F101087B
:10E1C000F7D25B4621463846179A13E142E00A220D
:10E1D0000092C4F302524FF0000A022A08D059F804
:10E1E00004CB032A4FEAEC710AD00DE029E02AE0C3
:10E1F00009F1070121F00702F2E802C1914609E0A6
:10E200000FFA8CFC4FEAEC71042A03D14FFA8CFC14
:10E210004FEAEC71002907DA0A460021DCF1000C14
:10E2200061EB02012D2202E0220504D52B228DF89C
:10E230000420012203E0E20701D02022F7E7904604
:10E2400059E00A2102E010220DE010214FF0000AEF
:10E2500000910BE010224FF0000A44F0040408275C
:10E26000009203E008224FF0000A0092C4F3025229
:10E27000022A05D059F804CB0021032A08D009E06E
:10E2800009F1070121F00702F2E802C1914605E019
:10E290001FFA8CFC042A01D10CF0FF0C4FF000088F
:10E2A000220728D5702806D0009B83F0100353EA7C
:10E2B0000A0305D00EE040228DF80420012208E078
:10E2C0005CEA010206D030228DF804208DF80500AA
:10E2D00002229046009B83F0080353EA0A030AD106
:10E2E0005CEA010201D1620705D530228DF80420D5
:10E2F0004FF001087F1E582804D034A003900EA8C8
:10E3000002900DE036A0F9E753466046009AF9F70F
:10E310002BFF84460398825C0298401E0290027094
:10E320005CEA0100F0D1029806A9081A00F1200A5F
:10E33000600702D524F4803400E00127574502DD50
:10E34000A7EB0A0000E0002000EB0A01009005980E
:10E350004144401A0590E00306D45B462146179AD3
:10E36000059800F0B3F90544002706E001A85A46D5
:10E37000C05D179990476D1C7F1C4745F6DBE00395
:10E380000CD55B462146179A059800F09FF9054485
:10E3900004E030205A46179990476D1C0099481E9A
:10E3A00000900029F5DC08E0029802995A460078AE
:10E3B000491C0291179990476D1CBAF10001AAF10E
:10E3C000010AF1DC65E10000092801003031323337
:10E3D00034353637383961626364656600000000A1
:10E3E000303132333435363738394142434445468B
:10E3F0000000000000F058F90544761C3078002831
:10E400007FF4ECAD19B02846BDE8F08F620700D468
:10E41000062709F1070222F0070CFCE80223E14677
:10E4200003F000485FEA080C02D00FF2702C0DE0F8
:10E430005FEA045C02D50FF2682C07E05FEAC47C57
:10E4400002D00FF2602C01E0AFF2700C4FF0FF38F9
:10E4500023F00043CDF850C065280CD006DC4528D9
:10E4600009D046281DD047283DD13DE0662818D068
:10E4700067287ED138E00021112F01DB112000E058
:10E48000781CCDE9000106A90EA8FFF7D5FCDDE94F
:10E490000F010E9A03910021009207F1010A0491E5
:10E4A0004DE04FF000400097CDE9011006A90EA8FD
:10E4B000FFF7C2FCDDE90F0203920E9B11990022C7
:10E4C000DDF80CA00093049211B9791C00EB010A4D
:10E4D000B7EB0A0004D4C0F1FF3007F1010A049041
:10E4E000AAEB0700019044E0012F00DA0127002188
:10E4F000112F01DD112000E03846CDE9000106A909
:10E500000EA8FFF799FCDDE90F010E9A0391002197
:10E5100004910092BA4621070CD40399514500DAC0
:10E520008A46BAF1010F05DD009AAAF10101515C9A
:10E53000302908D0B84202DA10F1040F06DA0121BE
:10E54000CDE9011015E0AAF10101E9E7002805DC99
:10E55000049901440491AAEB000102E0411C5145D9
:10E5600000DD8A460499401A401C01904FF000409B
:10E570000290200704D40198504501DBCDF80480B7
:10E5800000208DF84F0002980DF14F07B0F1004FB9
:10E5900025D02B200E9002984FF0020800280CDAAC
:10E5A000404202902D200E9007E00A210298FAF7CF
:10E5B000F9FA3031029007F8011DB8F10001A8F115
:10E5C0000108F2DC02980028EFD1791E0E9808703D
:10E5D000307800F0200040F0450007F8020D12A846
:10E5E000C01B00F107081498007800B1012000EB6F
:10E5F0000A01019801EBE07105984144401A401E60
:10E600000590E00306D45B462146179A059800F072
:10E610005DF805441498007818B15A461799904748
:10E620006D1CE00324D55B462146179A059800F03F
:10E630004DF805441CE00498002807DBDDE90301E0
:10E64000884203DD0098405C179901E0179930205B
:10E650005A469047049805F10105401C0490019822
:10E66000401E019004D12E205A46179990476D1CE8
:10E67000BAF10001AAF1010ADDDC05E017F8010B8F
:10E680005A46179990476D1CB8F10001A8F101088E
:10E69000F4DC5B462146179A0598ABE62D00000096
:10E6A0002B000000200000002DE9F0410446002569
:10E6B0001E461746880404D405E039462020B0479A
:10E6C0006D1C641EF9D52846BDE8F0812DE9F041A6
:10E6D000044600251E469046C80301D5302700E0B9
:10E6E0002027880404D505E041463846B0476D1C14
:10E6F000641EF9D52846BDE8F0814A68002A06D094
:10E700000A68531C0B6010704868401E48607047D0
:10E710000A68531C0B601070704700002DE9F0412F
:10E72000154A904225D1154CA069401CA061A078E3
:10E7300004F1200780F001050020943202F110035B
:10E7400003EBC5060B1832F813C026F810C032F8D8
:10E75000133027F81030401CC0B20428F2D3FCF765
:10E7600087F80649283141F82500A570A069401CAA
:10E77000A061BDE8F08100001C13002030030020E0
:10E780002DE9FF47444C0026607830B1434966705C
:10E790000822A1F19400FBF7FBFA404B3E4D00210B
:10E7A00010332835A269D0072DD1E06982422AD0E2
:10E7B000A07833F83070ADF8087003EBC007B7F8F5
:10E7C00002C0ADF80AC0B7F804C0ADF80CC0FF88AD
:10E7D000ADF80E7055F82000A769BA4213D1E26176
:10E7E0004FF00109BDF80E20CDE90029BDF80C302D
:10E7F000BDF80A20BDF8081007F01AFE207802AB19
:10E80000012806D013E0491CC9B20329CAD3BDE8C8
:10E81000FF87224A00202670B2F1200233F8101040
:10E82000090142F82010401CC0B20428F6D31B4F47
:10E8300000259846B7F1100738F81510284601F062
:10E8400063F847F825006D1CEDB2042DF4D3396848
:10E8500040F6E440414340F6FF70B1FBF0F1A160A7
:10E86000796840F6E4425143B1FBF0F1E160B968E8
:10E870005143B1FBF0F12161F9685143B1FBF0F074
:10E880006061A088642800D9A680054981F80090BD
:10E89000FDF774FDBBE7000030030020B01300203B
:10E8A0006103002002488188491C81807047000074
:10E8B0003003002011B108B1884201D10020704717
:10E8C00082683AB152681AB111604A60806841604A
:10E8D0000120704781600020C1E90001F8E72DE9BF
:10E8E000F04106000698984614460D4621D005B31F
:10E8F000FCB1A6421DD018B1E06840F4007708E0F2
:10E900001946284600F07CFA050012D0E06820F491
:10E910000077A089800504D4206A10B1D8F80410CB
:10E920008847E760214630462562BDE8F041FFF7A1
:10E93000C1BF0020BDE8F08130B58FB005006C4646
:10E940002AD02878002827D02846F9F7B8FCB0F557
:10E95000006F21D80BF0D2FB284600F0A8F9050083
:10E960001AD021460DF0F8FA98B920460CF072FE44
:10E9700078B120460CF0AAFE18B1012002F0B2FCDA
:10E9800007E020460CF076FE18B9214628460BF029
:10E99000BFFD284600F0DCF80FB030BD10B530B137
:10E9A000036823B1D0E90121914201D204E00020A3
:10E9B00010BD491C816020B1914202D25C5C202CC8
:10E9C000F7D99142F4D1491E816010BD10B5104CA9
:10E9D0006078FF280AD0401EC0B26070FF2805D1C1
:10E9E00001F0C9FA207808B12079A070A078FF283A
:10E9F0000DD0401EC0B2A070FF2808D1207800289A
:10EA000005D0FF2801D0401E2070E078607010BD56
:10EA100028000020FFF74EBF08B500230093024BEB
:10EA2000FFF75DFF08BD000098040020F8B50C4614
:10EA300005461046194600F037F8064600200090BB
:10EA4000064B324621462846FFF749FF002830464C
:10EA500002D100F07DF80020F8BD000098040020ED
:10EA6000F8B505460C46104600F05AF80646002058
:10EA70000090064B324621462846FFF730FF00281B
:10EA8000304602D100F064F80020F8BD9804002060
:10EA900010B5044800F000F9002801D02021C16021
:10EAA00010BD00009804002070B505460E461248BF
:10EAB00000F0F2F804001CD00820E060C4E906561B
:10EAC0000E4A0F4B28463146FAF754F802D86FF039
:10EAD00000400DE000220B4B28463146FAF732F891
:10EAE00002D84FF0004003E028463146F9F7F2FF24
:10EAF0006061204670BD0000980400200000C0FF47
:10EB0000FFFFDF410000E0C110B5044800F0C4F889
:10EB1000002801D04021C16010BD000098040020F1
:10EB200070B50546094800F0B7F8040007D010207A
:10EB3000E0600649284600F063F9206108B12046EC
:10EB400070BD204600F004F8002070BD980400203D
:10EB500070B504460F4E19E0A0892568C0050AD497
:10EB6000A06820B1FFF7F4FFA089C00503D4206995
:10EB700008B171688847A089800503D4206A08B16C
:10EB8000716888477168204688472C46002CE3D17D
:10EB900070BD000098040020002901DA00207047B1
:10EBA00000F00CBF01004FF0000001D0896803E0C5
:10EBB000002070470968401C0029FBD17047000005
:10EBC00000B5014600F044F810B1D1E9060100BDDE
:10EBD0000020014900BD00000000F87F002200F085
:10EBE00023BF012200F020BF30B50D4C0D4A0E4B63
:10EBF0000E4988B10A60056805B10D604B60406838
:10EC000000B14860002088600868904203D14868DD
:10EC1000984200D18C6030BD81E81C0030BD0000FE
:10EC2000B52D0108C9DD00086DDD0008980400203D
:10EC3000002803D0007B202801D00020704701204D
:10EC40007047002803D0007B800700D00120704768
:10EC5000002803D0007B082801D000207047012045
:10EC60007047002803D0007B402801D00020704767
:10EC700001207047002803D0007B102801D000201D
:10EC8000704701207047002803D0007B022801D084
:10EC9000002070470120704710B501682820884780
:10ECA000040002D02821F9F7D7FA204610BD00222F
:10ECB000114600F06FB800002DE9F04788B00F460C
:10ECC00004469A4616461C216846F9F7C5FA2F48AD
:10ECD0000025002C0560456055D08146E7B3CDE99D
:10ECE00000470295D9E90212D9F810000491CDE944
:10ECF000052009F10800FFF7CFFF5FEA00082BD0DD
:10ED000000986F4608B1029808B100270BE00198FF
:10ED1000042808D903221EA10098F9F7FBFA10B9BC
:10ED20000298C01C02903846FFF738FE0146404664
:10ED300003F0F8FB68B1BAF1000F13D06846FFF793
:10ED40002DFEDDE90101814203D202990098405C69
:10ED500040B14046FFF7FCFEDDE9011088420AD2CF
:10ED600005460BE01EB10299009808443060404609
:10ED700008B0BDE8F087081E00D0451E0EB160192E
:10ED80003060C9E900450020F2E70000900400204F
:10ED9000EFBBBF0070B515460E46040009D0F9F769
:10EDA0008EFA411C2B4632462046BDE87040FFF7E4
:10EDB00083BF002070BD0000F0B589B00D46074646
:10EDC0001E46144624216846F9F746FA002C12DB49
:10EDD0008DB100200095CDE901400120074ACDE921
:10EDE000040607CA06AB83E807006946384603F005
:10EDF0001DFE09B0F0BD0020FBE7000098040020D4
:10EE000070B50E4605000DD0F9F759FA401C31686F
:10EE100004468847060005D022462946F9F7F5F949
:10EE2000304670BD002070BDF0B5344C054687B04B
:10EE300030A1206DF9F71BFA012608B32A460F23EB
:10EE40001221684600F072F90F2817D11022694686
:10EE50002B48F9F7DAF92A480D211230F9F7FCF9B5
:10EE600027488168C0F812108189C182817B0176B0
:10EE70000721123000F0D4F8E064667107B0F0BDED
:10EE800020A1206DF9F7F3F900B32F4614232A4689
:10EE90001621684600F04AF9054613280DD3184894
:10EEA00016211F30F9F7D8F915482A4669461F3050
:10EEB000F9F7ABF9A671002006E015A13846F9F77D
:10EEC000D6F90028DAD003202073D7E7206D002878
:10EED000D4D011A1F9F7CBF928B911A1206DF9F718
:10EEE000C6F90028CAD007B02846BDE8F04000F0B7
:10EEF0001BB8000041542B4347534E0084030020AD
:10EF0000D013002041542B514343494400000000DA
:10EF10002B51434349443A0051454E4700000000FD
:10EF200071656E67000000002DE9F041040067D0B4
:10EF300034A1F9F79CF9002862D034A12046F9F7F2
:10EF400096F900285CD031A12046F9F790F9324EAD
:10EF5000012708B32C21F9F7A8F9E8B1411C00E01A
:10EF6000491C08782028FBD02228F9D0084600E068
:10EF7000401C02781AB1222A01D02C2AF8D1401A5A
:10EF8000C5B2681E0F2838D22A462448F9F73DF941
:10EF900022480021415577722FE0641C207878B315
:10EFA0002D2802D030380A28F7D2207801222D28C7
:10EFB00001D1921E641C207830380A281DD200200E
:10EFC0006FF02F0306E000BF00EB800003EB400072
:10EFD0000844641C2178A1F13005092DF4D950436F
:10EFE00000F1A001782908D800EB800040003062D1
:10EFF000F77137720120BDE8F08120780028CDD16B
:10F000000020F8E72B51454E473A000073657276B1
:10F01000696E6763656C6C00840300200514002032
:10F02000F0B5024600200B460146044610E00A27D0
:10F03000A0FB075C01FB07C1002600FB06115B1E5D
:10F0400012F8010BDBB2303844F1FF362818714159
:10F05000002BECD1F0BD000010B500244FF40041AE
:10F060000848FBF7F7FB00B9012440210648FBF7ED
:10F07000F1FB08B944F002042046BDE81040034902
:10F08000FDF7C2B9000C014000100140120300203E
:10F0900010B516210348F9F7DFF803480021817104
:10F0A000017310BDEF1300208403002010B512215E
:10F0B0000648F9F7D1F805480D211230F9F7CCF8D8
:10F0C00003480021C164417110BD0000D01300202D
:10F0D000840300202DE9F0479846894623F0004636
:10F0E00021F000470546144633463946F9F742FDFC
:10F0F00002D22846394601E0204631466FF03302FD
:10F10000F9F7B3FC06460F462246434628464946D1
:10F11000F9F733FC21F0004132463B46F9F712FD86
:10F1200002D80120BDE8F0870020FBE72DE9F0417F
:10F13000984617460D0006464FF0000404D0F9F734
:10F140008BF800206D1E0CE00020BDE8F08100BFB0
:10F15000A1F13002092A02D83155641CE4B2401CE6
:10F1600080B2395C19B1AC4201DA4445F0D30020D9
:10F1700030552046E9E70000024B4FF6FF72FAF7E0
:10F18000ADBB00000CE40108026000228280C28056
:10F19000018170470A484178002910D00021417050
:10F1A0004FF47A72816082800278002A07D1026966
:10F1B0001E2A01D9012101E0192A00D201707047ED
:10F1C000A80200201D4810B5007800282FD01C4C44
:10F1D000A08848BB6088401C81B22046618080685E
:10F1E000142925D217490968814220D940F6E44004
:10F1F00081421CD2144880881421B0FBF1F0F9F749
:10F200005CFC124A124BF9F7BEFBF9F782FC01468F
:10F21000E060012001F07CF9D4E90210884200D9B5
:10F22000A060A088002802D080B2401EA08010BD3F
:10F230000021618020610120607010BD7A040020EF
:10F24000A802002040030020500300208B6CE7FB45
:10F25000A9F1E63F0249C860C8680028FCD17047A0
:10F26000EC03002000B50B46024601F039F908B165
:10F27000002000BD91881068405C1870908811894A
:10F28000401CB0FBF1F301FB13009080012000BD96
:10F2900001490120087070477C03002030B50D46FD
:10F2A000044601F025F908B1002030BDE18820684E
:10F2B0004554E0882189401CB0FBF1F201FB1200AB
:10F2C000E080012030BD2DE9F04104001CD022680F
:10F2D000D2B1636813B1A068984215D24FF00046CE
:10F2E000B14211D2A568491C6818834202D3501953
:10F2F000BDE8F081216939B9B0F1804F06D3B04241
:10F3000002D26FF0004702E00020F1E74700236AD5
:10F3100000262BB1394610469847050012D00CE064
:10F32000A1693846884705000CD0A2682168521CA4
:10F33000F8F76BFFE16920688847C4E90057A068C7
:10F340002844D5E7E1692068884766602660DBE7E6
:10F350002DE9F84FDFF8088301250024B8F81800DC
:10F3600000286AD1BF48A8F8185035210068BE4B64
:10F3700048436421B0FBF1F0C8F834001988BB4F52
:10F380004646B9B1BA4A3868504340F242324A431D
:10F39000B0FBF2F0F063DFF8DCA2DFF8DC92B063E0
:10F3A0009AF80500B9F800209B4608F03BFC0128BC
:10F3B00003D00CE02046F463EDE73888694680B25C
:10F3C00006F01CFB012802D1BDF80000B063D6E9AD
:10F3D0000D12B04651434FF47A76B1FBF6F1C8F8FE
:10F3E00040109AF80500B9F80020BBF8001008F0AA
:10F3F00019FC01281DD1D8F83410D8F83C00B146CA
:10F400004143B1FBF9F708F05FFB868A08F05CFB2B
:10F41000808C00F57A7000EB800040004643B6FB1C
:10F42000F9F0874205D8D8F83C0006F014F8012816
:10F4300003D188F80A5006F077FB98F8000046469A
:10F440004FF00209012803D030B102280CD013E09C
:10F45000307A78B934700FE0307A68B14FF4FA60DE
:10F46000308286F8009007E0307A0028F2D0308AA7
:10F4700010B93570B08E7082B0780028F08A08D04C
:10F4800040B1642809D8B470718A306B0844306385
:10F4900003E010B9306BC008B082307A002822D067
:10F4A000F08A00287DD17078DFF8D0A1DFF8D0B1E4
:10F4B00020B1012818D0022873D144E0B08AF9F7AE
:10F4C000FCFA52465B46F9F75EFA07468846708AB0
:10F4D000F9F7F3FA43463A46F9F734FB61D24FF4B1
:10F4E000FA70F08475705CE0F08CB0F5EB7F13D8A7
:10F4F000B08AF9F7E2FA52465B46F9F744FA074652
:10F500008846708AF9F7D9FA43463A46F9F71AFB62
:10F5100002D286F8019044E0F08CB0F5F57F40D936
:10F52000B08AF9F7CAFA52465B46F9F72CFA074651
:10F530008846708AF9F7C1FA43463A46F9F71AFB4A
:10F540002FD2F4842CE0F08C012817D9B08AF9F777
:10F55000B4FA52465B46F9F716FA07468846708AAF
:10F56000F9F7ABFA43463A46F9F704FB19D2F078BB
:10F57000FF2801D2401CF0707572E2E788B9B08AAA
:10F58000F9F79BFA52465B46F9F7FDF907468846BC
:10F59000708AF9F792FA43463A46F9F7EBFA00D245
:10F5A0007470B08B38BB374F3888B0F5487F04D2C1
:10F5B000707B10B9757308F0EBFC388840F252315B
:10F5C000884205D9707B012802D1747308F0E0FCF1
:10F5D0003888B0F5486F04D9307B10B9357308F01E
:10F5E000D7FC388840F61C41884204D2307B10B1E9
:10F5F000347308F0CDFC707A0028307902D040F0E6
:10F60000010001E020F001003071B07A002830796B
:10F6100002D040F0020001E020F002003071F07AE8
:10F620000028307902D040F0040001E020F004000E
:10F630003071307B0028307902D040F0080001E0C2
:10F6400020F008003071707B0028307902D040F043
:10F65000100001E020F010003071BDE8F88F0000CC
:10F66000BC0200203C0300200603002044030020CD
:10F67000A08601001C0F0020040300209A9999998C
:10F680009999E93F64000020F0B42F494879FF2898
:10F6900000D008B9042048712C480289A2F1FA036D
:10F6A000B3F59B7F02D8B2F5117F02D14FF40C72F3
:10F6B000028183884FF6FF72934200D00BB91E235C
:10F6C0008380C388934200D00BB90023C380048891
:10F6D00042F2107640F68C23944202D00CB1B44230
:10F6E00000D90380458841F26804954202D00DB1EB
:10F6F000B54200D944800A7EFF2A01D101220A7650
:10F7000091F91920521C01D155224A768A7FFF2A8D
:10F7100000D00AB921228A7791F83F20072A02D91E
:10F72000072281F83F20418841F29412914200D98A
:10F730004480028841888A4203D90380994200D2DA
:10F740000180F0BC00F038B81C0F0020020300203C
:10F750000844008840BA704710B58022104911480B
:10F76000F8F753FD0F481049027A4A70427A0A703E
:10F770000839027C4A70427C0A70891C827C4A707B
:10F78000C27C0A70891C027D4A70427D0A70891C05
:10F79000827D4A70C07D0870BDE81040FFF774BFDD
:10F7A000F80000201C0F00200A030020130A435415
:10F7B000084442707047000010B50F480F4C417963
:10F7C000417122890821FFF7F1FF228810210A48A0
:10F7D000FFF7ECFF628812210748FFF7E7FFA288D6
:10F7E00014210548FFF7E2FFBDE8104080220249DE
:10F7F0000348F8F70ABD00001C0F00200203002098
:10F80000F80000202DE9F041074608F05DF90546B3
:10F8100006F022FA012806D0EFB1284608F08CF94C
:10F82000012818D102E00420BDE8F08110213846FB
:10F83000FFF78EFF064612213846FFF789FF044680
:10F8400014213846FFF784FF79792A7C914202D14E
:10F85000E98A814201D00120E6E74CB1288BA04221
:10F8600006D31EB1A64203D80020DDE70220DBE765
:10F870000320D9E770B50D4608F026F940B10B4CCE
:10F88000094862884079A18808F0CCF9012801D0A4
:10F89000012070BD25B16088854203D9032070BD69
:10F8A000022070BD002070BD1C0F0020020300204C
:10F8B00070B5134A0024AA23904202D90020088080
:10F8C00005E0104DD5F8A822824202D90B80022013
:10F8D00070BDE218520855F82260864204D24AB13F
:10F8E000A2F1010293B203E007D902F1010294B23E
:10F8F000A342EED20B80012070BD0A80002070BDB3
:10F90000FBEB040020E701080B4A10B552F8203049
:10F910000A4A52F820406343074C103C083354F81D
:10F9200020404C4304EB131101F500631B0B42F81C
:10F930002030080C10BD000010E7010890130020D3
:10F9400000218180C180704770B50E4610498978CA
:10F95000D9B9D6B1050018D003220EA1F8F7DAFC08
:10F9600098B93046F8F7ABFC0404240C0DD0B4F57C
:10F97000006F0AD203F0C4F8012806D022463146AF
:10F980002846BDE8704001F063BB022070BD000056
:10F99000840300204D532F004AF2C571884203D9D9
:10F9A00064214843592102E0024948430249B0FB1F
:10F9B000F1F07047A0860100685C0100002807D0C4
:10F9C000806801E00068491E002801D00029F9D1B3
:10F9D0007047000070B51149D1F80052D1F8040207
:10F9E000B1F8086220F07F440D498D4213D00D49D3
:10F9F000884210D07CB1204602F03AFA01280AD1A0
:10FA0000A00708D1032E06D1A00808F027FDA842C0
:10FA100001D1012070BD002070BD0000004002082F
:10FA200078563412EFCDAB892DE9F0418846A8B362
:10FA3000B8F1000F33D084680AB90AE024686CB3C7
:10FA4000216A59B34046F8F741FC0028F6D120E07E
:10FA500024681CB3266A5FEA0805F9D0002EF7D0A7
:10FA6000B54218D002E098B16D1C761C2878F8F7E2
:10FA7000BCFB07463078F8F7B8FB87422878F2D00D
:10FA8000F8F7B3FB05463078F8F7AFFB8542DFD1D6
:10FA900024B1206A10B12046BDE8F081FFE70020C4
:10FAA000FAE7000010B586B0002002901148816985
:10FAB00041F008018161816901F0080104918169C7
:10FAC00041F01001816180690B4C00F0100004903E
:10FAD0004FF40270009001200190032003906946CA
:10FAE0002046FAF7ABFD002208212046FAF7B9FEBE
:10FAF00006B010BD00100240000C01400148007823
:10FB0000704700001403002070B5164D88B181B114
:10FB1000154C02222270A0600120A070E2702171B9
:10FB2000A5F15400FCF7B0F8002638B105F1080142
:10FB300010E02946012000F071FC0EE0094854381D
:10FB400000684068A168012206485438FCF796FA1C
:10FB500028B1294600F062FC2670002070BD01200B
:10FB600070BD00000C1200201403002008B50C48E2
:10FB7000FCF737F80B4A002111709170D1701171A8
:10FB8000916028B106495C3100F048FC002008BDB6
:10FB9000034802681368526800920164012008BD9E
:10FBA000B81100201403002070B50E4D98B191B12A
:10FBB0000D4C01222270A060A270E170A168A5F135
:10FBC0005400FCF75BFA58B1294600F027FC0020EE
:10FBD0002070002070BD2946012000F01FFCF8E7CE
:10FBE000012070BD0C1200201403002030B585B038
:10FBF00000250446049540050ED1FAF709FD58B9D1
:10FC00000120CDE9024004A900956846FAF748FCB6
:10FC10000446FAF7A3FC14B1002005B030BD012062
:10FC2000FBE72DE9F04115460F0080464FF0010635
:10FC300008D03DB15FEA887004D1A80702D1FAF775
:10FC4000E7FC10B10020BDE8F08100240FE0381976
:10FC50000268501C0AD008EB040100230220FAF7C6
:10FC600087FC18B10026FAF779FC0CE0241DAC42A1
:10FC7000EDD3FAF773FCAAB23946404608F0E0FB30
:10FC8000012800D000263046DDE710B5002302E051
:10FC9000C45CCC545B1C9342FAD310BD70B500F029
:10FCA0004DFE2C4C07260025E07908280FD2DFE80E
:10FCB00000F00E0E040F393F41450320E071002291
:10FCC0001146072001F024FB41F27070A08270BD44
:10FCD000E078012814D0A08A0028F8D12571607935
:10FCE000401CC0B26071032819D96571A079401C0D
:10FCF000C0B2A071022810D2FDF7C2FFE57170BD3D
:10FD0000E570A2891449042001F002FBA0780028C4
:10FD1000F5D0A5700120207108E0A57170BD02200A
:10FD2000E07170BDA0780028FBD0A570E67170BDB1
:10FD30000620F5E720780428F8D070BDE078012887
:10FD4000FBD1E570A289BDE870400349042001F0B1
:10FD5000DFBA000076040020B515002010B50F4C66
:10FD6000207A68B1401E10F0FF00207208D10120F7
:10FD7000E070618AA1810A4802F0C0FE0020608222
:10FD8000608908B1401E6081E08908B1401EE081B1
:10FD9000A08A002801D0401EA08210BD7604002059
:10FDA000B515002002480068406B80B27047000023
:10FDB00024120020014840887047000020030020E2
:10FDC00010B54FF400510348FAF744FD012800D064
:10FDD000002010BD0010014030B58FB02C4D002424
:10FDE0000994A86940F00400A861A86907A900F077
:10FDF00004000D90A8150790022008900A9025484D
:10FE0000FAF71CFCA86940F40060A861A8691C21ED
:10FE100000F40060CDE90C400B946846F8F71CFA3A
:10FE20001E4D1D4828604720C5E9010440F2E73017
:10FE3000C5E903048020C5E905402846FBF764FDB9
:10FE400008B1F9F7B2FC0B940BA914480C94FBF71A
:10FE500072FA08B1F9F7A9FC702000904FF4FA701B
:10FE6000CDE90104039404940594002269460B48EB
:10FE70000694FBF7E0FC08B1F9F797FC002107486E
:10FE8000FBF790FD29684FF47A7048630FB030BDDE
:10FE90000010024000080140002C01402412002004
:10FEA00001230022114600F001B800002DE9F047BF
:10FEB0001F4DDFF880809946174604004FF000067A
:10FEC00009D0012901D1012F05D105F0BFFE01287C
:10FED00007D1012F05D001F0E7F92E70D8F8000006
:10FEE0001CE04FF47A70844200D904462046B9F1F0
:10FEF000010F02D1104909886018D8F80020474640
:10FF0000D16A884200D9084620B150633968496BEC
:10FF1000814207D001F0C8F92E70386846636E80C0
:10FF2000BDE8F0876C8001F0C7F901202870F7E781
:10FF300020030020241200200803002000231A467A
:10FF40001946FFF7B3BF10B5044605F085FE02461B
:10FF500020460023BDE810400121FFF7A7BF10B5E0
:10FF6000044605F079FE024620460123BDE8104014
:10FF70001946FFF79BBF7047144808B5C16941F0A7
:10FF80000101C161C0694FF0804100F001000090A3
:10FF90000F484FF6FF7201608F2141600021C0E9D8
:10FFA00002128161FBF70AFA08B1F9F7FEFB094A70
:10FFB0000E210748FBF772FD002211461C20FAF7BC
:10FFC000FFFCBDE808401C20FAF7ECBC0010024022
:10FFD0009C0F0020D9FF0008FBF729BA10B58AB0A2
:10FFE000002407941C2168460894F8F735F91B484B
:10FFF0001949C0E9001440F60F61C0E902418021AF
:020000040801F1
:1000000004618161FBF780FC08B1F9F7CEFB07942E
:1000100007A912480894FBF78EF908B1F9F7C5FB58
:10002000702000904FF46160CDE901040C22694614
:100030000A480494FBF7FFFB08B1F9F7B6FB074841
:10004000FBF7C6FB0C210548FBF7ACFC002801D0F0
:10005000F9F7ABFB0AB010BD0004004050100020BF
:10006000214810B581698CB041F008018161806937
:10007000002400F008000A904020CDE9040404A9FF
:100080001A480694FAF7DAFA1A4808940994009480
:10009000019402941649039401604721C0E90114B8
:1000A0004FF6FF71C0E903148461FBF75DFA08B1F4
:1000B000F9F77BFB089408A90E480994FBF73BF974
:1000C00008B1F9F772FB022000900120CDE901048C
:1000D0000022694607480394FBF7EBF9002801D09A
:1000E000F9F763FB0CB010BD00100240000C01409A
:1000F000000800400411002003490878002801D0BE
:10010000401E0870704700000C03002030B5B3B0EB
:10011000B4216846F8F7A0F8174C00252F95A06980
:1001200040F00800A061A0692DA900F008003190FE
:1001300080202D9002202E90032030900F48FAF757
:100140007DFAE06940F00400E061E06900F004003D
:1001500031900B4800904720CDE901054FF6FF7024
:10016000CDE903056846FBF729F9002801D0F9F726
:100170001CFB33B030BD000000100240000C0140F9
:100180000008004030B585B02448002402948169FD
:1001900041F480418161816901F480410491816968
:1001A00041F00401816180691D4D00F0040004905C
:1001B0004FF40070009002200190032003906946E4
:1001C0002846FAF73BFA2815CDE9000401200290F1
:1001D00069462846FAF732FA1348124901604FF48B
:1001E000E131C0E901140C21C460C0E9044184611B
:1001F000C461FBF7B1FE08B1F9F7D7FA0022062176
:100200002520FAF7DDFB2520FAF7CCFB0122074970
:100210000548FBF7D4FE05B030BD000000100240D9
:100220000008014000380140D812002024030020BB
:10023000064882B0002201680B6849680091026498
:100240000122034902B0FBF7BABE0000D812002019
:1002500024030020044A51800146906000209080D1
:1002600001220248FBF70ABF24030020D812002015
:1002700070B518B111B1B1F5803F01D3012070BD47
:100280000B4A92F83D20202A01D0022070BD094C73
:10029000002501226180A0600146A5800448FBF78B
:1002A000EDFE0028F2D06580A560A58070BD00003D
:1002B000D8120020240300200168491C02D00168E4
:1002C000491C01607047000000282BD016490A68BD
:1002D00002604A6842608A688260CA68C2600A69CD
:1002E00002614A6942618A698261CA69C2610A6AB5
:1002F0000262A1F14402136C4362496A816292F87E
:100300003D1080F82C1092F83E1080F82D1007490F
:100310000A7880F82E208A7880F82F20097980F8D2
:100320003010012070470000FC1100201403002051
:100330000148C06870470000FC1100202DE9F04121
:1003400086B00024282130480294F7F785FF2F4813
:1003500084608470C470047104702D48C16941F4D4
:100360000031C161C16901F400310491816941F03A
:10037000040181618069032700F00400CDE9037066
:1003800002250126DFF88C80CDE9005669464046FB
:10039000FAF754F90420CDE9000569460397404671
:1003A000FAF74CF908208DE8510069464046FAF703
:1003B00045F915481849443801604FF49651C0E991
:1003C00001140C21C460C0E904418461C461FBF7DD
:1003D000C3FD08B1F9F7E9F9002207212620FAF751
:1003E000EFFA2620FAF7DEFA084907480122491CED
:1003F0004438FBF7E4FD002803D00349143100F032
:100400000DF806B0BDE8F081FC11002014030020B7
:1004100000100240000801400044004010B50446AE
:100420000846FFF749FF0B48FFF746FF022C02D0B2
:10043000032C03D006E00748103001E005481430D3
:10044000FFF73AFF03485038006C02490C39486204
:1004500010BD00000812002072B60A484FF0E021DB
:100460004861012080F31388BFF34F8F064801686D
:10047000064A01F4E06111430160BFF34F8F00BFF2
:10048000FDE70000A55AA5000CED00E00400FA0508
:100490002DE9F0410B3020F00706104D19E02068DF
:1004A000B04215D3B0420AD9871B201DD4F804806E
:1004B000F7F7ABFEA019C0E90078286004E0606897
:1004C0002860201DF7F7A1FE201D2660BDE8F08101
:1004D000251D2C68002CE2D10020F7E7D80600206B
:1004E0008188C088814201D1012070470020704777
:1004F000C1880289491CB1FBF2F302FB1311808809
:10050000814201D1012070470020704770470000F0
:100510000EB5064B1A68521C1A608DF80400009242
:100520006846029107F0F8FE0EBD00003000002082
:10053000014901208870704776040020064AD2786D
:100540003AB1322251436422B1FBF2F10180012021
:10055000704700207047000078020020054810B561
:10056000054900680860FDF78BFB0449002008700E
:1005700010BD0000D00300208C0400207D0400206A
:100580008848C6B000258949C0F8D0508648012463
:100590000860FAF7B5F9FBF78CFF08F00BF8FBF7EA
:1005A00059FEFBF741FEFBF7F3FD8148F9F7DCF953
:1005B000FFF7C4FEFFF7E6FDFFF7DEFC07F010FED5
:1005C000FFF7A4FDFFF74CFDFFF708FDFFF704FC64
:1005D00000F040FE05F00AFF05F01CFB754A764965
:1005E000764805F071F87649764805F073F80021F1
:1005F000084605F017FF0020FFF752FCFFF7E0FB6D
:100600008146FFF7CFFB8046FFF7D4FB0746FAF79A
:100610002FF901264B4642463946009605F058FF11
:1006200001F0FEFF06F0B8F806F0CEFE012803D177
:1006300006F094FE01282BD106F0F2F8012827D10C
:1006400001A803F055FB012822D19DF806000128DE
:1006500008D1DDE90232BDF810100DF1120005F0ED
:1006600019FB04469DF80500012808D107F01AFC83
:10067000002003F09CFB01280AD18DF80550012CC5
:1006800006D15148018851480088FFF7F3F820B19E
:100690000021012005F064FC0FE09DF804109DF896
:1006A000050005F05DFC9DF80500012805D09DF8CA
:1006B0000400012801D105F049FD0DF013FE0DF0F5
:1006C00009FC4348D0F89C10491C01D1C0F89C504B
:1006D00007F0CAFDFFF7E6F902F096FA40F2EE20C5
:1006E000FEF7B8FD02F0C6FF07F058F9FFF736FF36
:1006F00062B6384F384C00BF07F072FFA07820B1C7
:100700003648A570056007F0CDFB07F071FDFAF7DC
:10071000AFF8334905F084FD0DF0F6FAFFF7BEFAA5
:1007200007F050FEFEF72CF807F074FC0AF072FF99
:1007300002F082FBFCF7D0FF00F06EF902F0E0FB64
:10074000FBF73EFE08B907F0A5FD02F0BDFFFCF780
:10075000DFFA00F065F8387878B9607821780843D6
:1007600006D16670F8F7F4FE02F072FDF8F7C6FFE6
:100770006078012801D102F071FD42A807F0FCFD6C
:1007800007F028F9FEF706FDFEF7E2FD07F0DEFBB5
:1007900007F03EFC0DF0D8FDFFF7B8FE07F028FF8C
:1007A000AAE70000002002400080000808ED00E0F9
:1007B0001C130020057D0108E17C0108A57E0108CD
:1007C0006D3D0108AF3D0108020300200A0300202F
:1007D000E00000209803002000000020800300209B
:1007E000E006002008488188491C8180C178491CA6
:1007F000C9B2C170642901D10021C17001780029FA
:1008000001D0491E01707047000000200348807825
:10081000092801D000207047012070470004002003
:1008200004498878002803D00E2801D00020887061
:1008300070470000000400200C4840F2DC52416880
:1008400091420ED8416903290BD2C169022908D20D
:10085000416A052905D2C16A052902D2406B0528E3
:1008600001D300207047012070470000C00700201E
:100870002DE9F04707F088FC804600F099FB81469F
:100880002848076828482A4C066828480568C4F89C
:100890000C8007F07FFC2749C4F81890B0FBF1F0FA
:1008A00027622549A662256320614B68002298458E
:1008B00007D06069431C01D0401C6061C1F804800E
:1008C00000E062618B68994507D0E069431C01D064
:1008D000401CE061C1F8089000E0E261C86887420E
:1008E00006D0606A431C01D0401C6062CF6000E00B
:1008F00062620869864206D0E06A431C01D0401C4F
:10090000E0620E6100E0E2624869854207D0606BF8
:10091000421C01D0401C60634D61BDE8F0876263FA
:10092000FBE70000F00300207C0000208000002096
:10093000C0070020401901004000002070B5254D7F
:10094000284629784078052909D2DFE801F0030814
:100950000909090008B9FDF793F90320287070BD53
:100960000024C8B1FFF752FF0128F8D11A4E1949E7
:10097000194A1631194802F08FF90028EFD0348057
:10098000E98A164802F0BAF8E88A801E81B2134854
:10099000FBF71EFDEC82EAE7FDF768F90128DED1DE
:1009A00000F046FB0128DAD003E00C4801F06CFBB4
:1009B000EC8200F06DF90028D1D100F039FB00285D
:1009C000CDD1044900221631044802F02DF9002847
:1009D000EBD170BD8403002074040020B515002005
:1009E00070B505460B480C46807888B985B17CB156
:1009F000B4F5006F0CD202F083F8012808D00AF099
:100A0000F1FE28B122462946BDE8704000F020BB27
:100A1000022070BD840300207CB5444CA0780028DF
:100A200036D1207C0025072832D2DFE800F03104DF
:100A30001527327C7C003E48F7F741FC81B23C48E8
:100A400002F048FAE582FBF7E5FFE06102201EE0D4
:100A50009DF800003E280FD069463648FEF702FC9C
:100A60000028F5D141F28831E069FBF7D9FF002871
:100A70000ED0012130A052E0032008E0618BE06D30
:100A800007F0DAFCE582FBF7C5FFE0610420207483
:100A90007CBD2649002216312B4802F0C5F878B3F8
:100AA000294801AA694600F089FA012805D1218B5D
:100AB0000098884201D1019830B1234E23A13046DD
:100AC000F7F7D5FBC0B905E0206B401C2063E58239
:100AD0000520DCE7304600F0EBF901280CD001AA34
:100AE0006946304600F06AFA01280AD1218B009845
:100AF000884206D1019820B1E582002115A00EE0C0
:100B000004E0114801F0C0FAE5827CBD47F23051A3
:100B1000E069FBF785FF0028F7D0012110A0BDE8B0
:100B20007C4000F075BA25747CBD00008403002071
:100B3000F62600207C37002070726F6D70745F7431
:100B4000696D656F75740000B51500204552524FF0
:100B50005200000061636B5F6572726F720000008B
:100B600061636B5F74696D656F75740010B5040027
:100B700005D023A1F7F77BFB00283ED101E0002040
:100B800010BD22A12046F7F772FB002835D122A123
:100B90002046F7F76CFB00282FD122A12046F7F75B
:100BA00066FB002829D122A12046F7F760FB002828
:100BB00023D122A12046F7F75AFBF0B922A1204603
:100BC000F7F755FBC8B923A12046F7F750FBA0B9AA
:100BD00023A12046F7F74BFB78B924A12046F7F76D
:100BE00046FB50B924A12046F7F741FB28B925A1BF
:100BF0002046F7F73CFB0028C2D0012010BD0000C2
:100C000041542B514D54434C4F53450041542B51AB
:100C100049434C4F5345000041542B5148545450C4
:100C20004346470041542B514854545000000000A3
:100C300041542B51464C53540000000041542B5159
:100C4000464C44530000000041542B514644454C4F
:100C50000000000041542B514644574C0000000056
:100C600041542B51464F50454E00000041542B51EA
:100C7000465345454B00000041542B5146524541D7
:100C80004400000041542B5146434C4F5345000053
:100C90000448407B18B1072801D00120704700208C
:100CA00070470000840300200148C07B70470000AB
:100CB0008403002010B50A4C206D00280FD009A134
:100CC000F7F7D5FA50B90AA1206DF7F7D0FA28B98D
:100CD0000AA1206DF7F7CBFA002800D0012010BD43
:100CE0008403002041542B514D544F50454E000079
:100CF00041542B514D54434F4E4E000041542B5103
:100D00004D54535542000000054810B5006D28B100
:100D100004A1F7F7ACFA08B1012010BD002010BD06
:100D20008403002041542B514343494400000000F8
:100D300070B5050036D01C4C206D002832D0FFF76E
:100D4000E3FF01282ED0FFF7B5FF002829D017A117
:100D50002846F7F78CFA002822D1284600F0A8F898
:100D600001281DD013A1206DF7F781FA20B114A13D
:100D70002846F7F77CFA98B914A1206DF7F777FAAF
:100D800020B115A12846F7F772FA48B915A1206DD0
:100D9000F7F76DFA30B116A12846F7F768FA08B1EF
:100DA000012070BD002070BD840300204552524FC9
:100DB0005200000041542B514D544F50454E0000FD
:100DC0002B514D544F50454E3A00000041542B5189
:100DD0004D54434F4E4E00002B514D54434F4E4EF9
:100DE0003A00000041542B514D545355420000002D
:100DF0002B514D545355423A00000000F8B5164CA3
:100E0000E17BC9B105004FF0000612D013A1F7F73E
:100E10005DFA98B113A12846F7F758FA70B113A1FB
:100E20002846F7F753FA48B113A12846F7F74EFAC8
:100E300020B1FCF725FF0CE00020F8BD0120E6738F
:100E40000090FA230FA20F210FA002F053F90F20F8
:100E500020710120F8BD000084030020514D544F43
:100E600050454E00514D54434F4E4E00514D54533A
:100E700055425F444F574E00514D545355425F55B4
:100E8000500000004F4B000041542B514D54434C37
:100E90004F53453D300D0A000449CA7922B118B1BB
:100EA000096A016001207047002070478403002018
:100EB00010B504460AA1F7F7DAF978B90DA1204672
:100EC000F7F7D5F950B90FA12046F7F7D0F928B9AF
:100ED00010A12046F7F7CBF9002800D0012010BD63
:100EE0002B51495552433A20227064706465616306
:100EF000742200002B514D54535441543A20302C4D
:100F0000310000002B514D54535441543A20302CA1
:100F1000320000002B514D54535441543A20302C90
:100F20003300000010B5094C0120A070206DFFF7C0
:100F30001DFE002138B9216561656175A165E16219
:100F4000A173072060736174217410BD84030020B5
:100F500002488078002800D00120704784030020D8
:100F600070B50C4618B114B1B4F5A07F01D90120B9
:100F700070BD0A4601460648F7F747F9044D054893
:100F8000FEF7DEFC21462846BDE8704007F056BA61
:100F9000B61D00207C3700200148406B70470000E0
:100FA000840300200148006B704700008403002088
:100FB0000148806B70470000840300207CB5144614
:100FC0000D4680B17DB174B109A1F7F750F9002841
:100FD0000AD02B4601AA09A10094F7F7BBF9032810
:100FE00001D1019808B100207CBD01207CBD00002A
:100FF0002B514D5450554245583A00002B514D54F9
:1010000050554245583A2025752C25752C256400ED
:101010000648012902D1816B491C8163416B491C3F
:10102000416300214174062101747047840300204C
:101030000648007C012807D0022805D0032803D0E9
:10104000042801D00020704701207047840300204D
:101050002DE9FC4115460E46070018D0BEB1B5B1CA
:10106000B5F5006F13D201F04BFD01280FD00AF047
:101070006FFC114C034611A22083CDE9007580213D
:101080001648FCF747FE002801DD802802DB02201D
:10109000BDE8FC812A4631461148F7F7B6F81048FA
:1010A000E06565830020607401202074FBF7B2FCCA
:1010B000E0610020ECE700008403002041542B5144
:1010C0004D5450554245583D302C25752C312C300F
:1010D0002C222573222C25750D0A0000F6260020EF
:1010E000F61E00200148807C704700008403002029
:1010F0000548817C012906D100218174C174C16336
:10110000416C491C416470478403002010B5124CA7
:10111000A07C01281ED1FFF71BFF01281AD0FBF786
:101120004FF9012816D00D49E06BFBF779FC012837
:1011300010D1A06C401CA064E07C032801D30120E6
:1011400000E0401CE074FBF765FCE063BDE8104084
:10115000FCF796BD10BD00008403002020BF0200F4
:1011600010B5FFF7F5FE012814D0FBF729F9012887
:1011700010D0094CA07C01280CD00120A074E07490
:10118000FBF748FCE063206C401C2064BDE8104085
:10119000FCF776BD10BD0000840300200349002049
:1011A000487210210248F7F757B800008403002066
:1011B000051400200148007A7047000084030020D5
:1011C00008B500F029F8002812D0FFF7C1FE012869
:1011D0000FD0FBF7F5F801280BD0074900201423A6
:1011E0000872009005A2172105A001F083FF0120DD
:1011F00008BD002008BD0000840300204F4B000004
:1012000061742B71656E673D2273657276696E67D6
:1012100063656C6C220D0A00054810B5407B28B947
:10122000FFF706FF012801D0012010BD002010BDEE
:1012300084030020044900200870486003490870B6
:1012400003490870704700007C0300200003002061
:101250008602002010B586B00020029010488169F7
:1012600041F01001816180690E4C00F01000049083
:101270004FF4C04000900120019003200390694684
:101280002046F9F7DBF9002261142046F9F7E9FA64
:10129000012291032046F9F7E4FA06B010BD0000E0
:1012A000001002400010014000224FF4005101489C
:1012B000F9F7D7BA00100140012251030148F9F7AC
:1012C000D0BA00000010014005484188002906D02E
:1012D000491E0904090C418001D101214170704768
:1012E0007603002010B501280CD1074C02200749D5
:1012F000207001200870FBF78DFB6060BDE8104096
:10130000FFF716B910BD0000E40300207A040020A6
:1013100002460A48032A07D0042A0BD0072A0CD118
:10132000012101700CF078BA0021017004480170AD
:101330000AF01CBB0846FDF7FFBA7047E403002023
:101340007A040020A0F14101192901D82030C0B24F
:101350007047000003490020088340F6010102485D
:10136000F6F77ABF00040020B515002010B509F08B
:101370005DF910B10178002914D10B48007848B903
:101380004FF480710848F6F767FFFF2207A106486F
:10139000F6F77FFF044B08A2802103F22130FCF70F
:1013A000B9FC0F4810BD000048490020636174314A
:1013B0002E62696E00000000687474703A2F2F343A
:1013C000372E3132302E31352E3232303A383838ED
:1013D0002F646F776E6C6F6164732F25730000004C
:1013E000694C002020B10288531CB3F5007F01D363
:1013F00000207047044B99540188491C89B2018030
:101400000020585401207047E94C002010B50446D4
:101410002021FFF7E7FF2E212046FFF7E3FF2E21D3
:101420002046FFF7DFFF2046BDE810402E21FFF7E2
:10143000D9BF00002DE9FC4716460F46040057D0DF
:10144000002F55D007F0B0F823464FF4007430A2B7
:10145000214632480096FCF75DFC002848DBA04698
:10146000404504DB2D49002081F8FF013EE0ADF846
:1014700004000024DFF8A89036E03D5DA5F12000CF
:101480005E2805D8294620E001A8FFF7BFFF2DE020
:101490000D2D2FD00A2D4FF05C0101A832D0FFF79F
:1014A000A1FF0028F0D0782101A8FFF79BFF0028BA
:1014B000EAD009EB1510017801A8FFF793FF002887
:1014C000E2D005F00F0119F8011001A8FFF78AFF1B
:1014D0000028D9D0BDF80400001D404502D3601C8F
:1014E000B042D1D3641CA4B2B442C6D307F05CF8B6
:1014F000BDE8FC875C2101A8FFF774FF0028C3D07A
:101500007221E2E7FFF76EFF0028BDD06E21DCE715
:101510002573206C656E3D25753A2000E94C00204E
:10152000CCE901080A46014601A0FFF783BF00008D
:101530005B4F54415D5B5241575D5B52585D00000B
:1015400010B5040007D0F6F7BAFE81B22046BDE818
:10155000104000F001B810BD002806D0002904D0CA
:101560000A46014601A0FFF765BF70475B4F544133
:101570005D5B5241575D5B54585D000070B5FFF7ED
:10158000F5FE0446072228A1F6F7C4FED8BBE01DED
:101590000146044600E0641C207818B13A2801D0C6
:1015A0002F28F8D1601A05042D0C2CD0502D2AD2EA
:1015B0002A461F48F6F729FE1D4900204855217884
:1015C00050203A2913D100206FF02F0205E000BF10
:1015D00000EB800002EB4000084414F8011FA1F169
:1015E0003003092BF4D970B1B0F5803F0BD211490B
:1015F0000884207848B12046F6F761FE0204120CF8
:1016000001D0802A07D3002070BD09480AA10988AB
:10161000A0F8501005E0064821465030521CF6F75D
:10162000F4FD012070BD0000687474703A2F2F0023
:1016300088470020000400202F00000010B500F0B3
:10164000CBFC012801D0002010BD08480123026D09
:10165000521C0265C479072124B9447B24B1C46CAF
:10166000A24201D34374C172012010BD00040020C6
:1016700070B5304C0021E27A082A44D2DFE802F04B
:1016800004070B3C5155434F00F056F847E0BDE8C6
:101690007040FFF7D3BF0D2841D0264A01230A2806
:1016A000926D04D03B280CD0A17B71BB0BE02AB11A
:1016B000C4E91521A1730320E07230E063740720B0
:1016C000FAE7A3732BE01B49A0F13002092A896DC8
:1016D00000EB011101D8303904E0A0F16102052AC4
:1016E00002D85739A1651AE04138052801D83739A1
:1016F000F8E70820E07206E0616D042531B1FFF7DC
:101700009DFF012804D0002070BD08E0E57206E0CE
:10171000606D401E606502D1E07A0728F6D1012095
:10172000F2E70D28FBD10520C6E7A165A1730220D1
:10173000C2E70000000400202DE9F0412C4C2D4FA1
:1017400004F17005E17B01F00302491CA854E17328
:101750002146498C4A1C92B20A2830D00D2803D069
:101760007F2901D278546284E07B042825D3011FAD
:1017700001F00301695C0D291FD1C11E01F00301B5
:10178000695C0A2919D1811E01F00301695C0D29E8
:1017900013D1401E00F00300285C0A280DD1207CE4
:1017A0000825012638B1607BD0B113A1E06C00F0B0
:1017B00051FB012814D02672E572BDE8F0810026A5
:1017C0007F2902D27E54628401E087F87F60094855
:1017D00000F01EF866843E70E07A0828EDD0C3E77A
:1017E000207B08B1022000E00120E072E5E7000064
:1017F00000040020584800207261775F687474709C
:101800005F636F6E74656E745F6C656E677468009D
:101810002DE9F04105003ED032A100F01DFC01266B
:10182000324C6FF02F07012811D031A1284600F06B
:1018300013FC012831D032A1284600F00DFC01280C
:1018400029D134A12846F6F712FD78BB42E02021C9
:101850002846F6F72AFD0823D8B100E0401C01789D
:101860002029FBD000210A4608E000BF01EB8101DE
:10187000521C07EB41012944D2B2401C0578A5F166
:10188000300CBCF1090FF1D9032A02D12674C82902
:1018900001D02672E372BDE8F0810F3500E06D1CC7
:1018A00028782028FBD00021084609E018E000BF76
:1018B00001EB8101401C07EB41011144C0B26D1CDA
:1018C0002A78A2F13003092BF2D90028E3D0E16491
:1018D0006673E0E711A12846F6F7C9FC0028DAD0C4
:1018E0002673D8E7485454502F000000000400200D
:1018F000436F6E74656E742D4C656E6774683A0044
:101900005472616E736665722D456E636F64696EA5
:10191000673A00006368756E6B6564004368756EB6
:101920006B65640070B5144C002550216584E57228
:1019300025736573E56425656565A565A57365749F
:10194000A574A584E5746566A56625756575E58449
:10195000A5752574E5730948F6F77EFC0748202134
:101960005030F6F779FC2567BDE8704003488021C8
:101970008038F6F771BC000000040020D848002031
:101980002DE9F84F1848017D002920D0202901D2E7
:10199000002700E0477D0025144EA9462C463570EF
:1019A00080461CE03819124900F01F00085C0090C6
:1019B0007CB110A3C5F500718A4670190EA2FCF720
:1019C000A9F9002803DD824505DC86F8FF91BDE812
:1019D000F88F0BA3EEE72844641C85B2E4B298F8B4
:1019E00014008442DED3F2E700040020E94C00201A
:1019F00028490020200000002573253032580000BF
:101A00000000000010B50B4C0120E074FBF702F859
:101A100060660020A06620756075A08420210648BD
:101A2000F6F71AFC04485021BDE810405038F6F78C
:101A300013BC0000000400202849002070B51CA041
:101A4000FFF77EFDFFF786FC102119A0FFF788FA4B
:101A5000FAF7E0FF04461B4D4FF4FA6621E000BFA1
:101A600006F0A2FD174900221831174801F0DCF8F2
:101A7000B8B1298B1448FFF755FD14A11248F6F7A9
:101A8000F6FB15A11048F6F7F2FB20B913A10E489A
:101A9000F6F7EDFB18B1BDE87040FFF75BBCFFF750
:101AA00059FC31462046FAF7BBFF0028D8D070BD5C
:101AB00041542B514953544154453D312C300D0A6A
:101AC0000000000000040020B51500202B514953F0
:101AD000544154453A0000004F4B00004552524FCC
:101AE0005200000010B5084C08A0A174FFF728FDB3
:101AF000FFF730FC0E2105A0FFF732FAFAF78AFF54
:101B0000A0620F20607010BD0004002041542B51D2
:101B100049434C4F53453D300D0A0000F8B5354C54
:101B20000746E07C08B9FFF76DFF06F03DFD002594
:101B3000314E4EE0A16E304B491CA166607D5033A2
:101B40009DF800201A54401CC0B26075202800D3B4
:101B50006575207D202801D2401C2075880601D1A2
:101B600006F022FD9DF800103E290DD0A08C4F28D4
:101B700004D23154401C80B2A08435541FA11E48A9
:101B8000F6F775FB78B909E0A18C21B11A48FFF787
:101B9000C9FCA5843570E5740120F8BD1AA116486A
:101BA000F6F765FB40B1A18C1348FFF7BBFCA58499
:101BB0003570E5740220F8BD9DF800000A2802D0B7
:101BC000A08C4F2805D3A18C0B48FFF7ABFCA58454
:101BD000357069460E48FDF745FB0028AAD1394605
:101BE000606EFAF71DFF0028E5D0FFF7C9FEE57427
:101BF0000320F8BD00040020D84800202B434D45A9
:101C0000204552524F523A004552524F5200000066
:101C10007C37002010B54FF49670F8F72DFCBDE826
:101C2000104001F0C9BA000010B5FFF793FB07A000
:101C3000FFF786FC0E2105A0FFF792F9FAF7EAFEFE
:101C4000064988622420487010BD000041542B5181
:101C50004854545053544F500D0A000000040020C3
:101C60002DE9F043DFF8608085B0002488F8064055
:101C700088F80540A8F81C40114E124DC8F83C40A9
:101C8000F8F7C6FC4FF0FF39012702AA009482E85A
:101C9000A00204A96846F8F703FC28B1F8F75EFC37
:101CA000002005B0BDE8F08306F07EFC05F5006578
:101CB000B542EAD3F8F752FC88F806700120F0E745
:101CC0000000040800400208000400202DE9F04153
:101CD00015000F46064640D02148807900280AD0DA
:101CE000F00707D11F48864204D370191E49401ED1
:101CF000884202D90020BDE8F081F8F789FC002471
:101D0000A0461AE0385D611CA94204D2391949780D
:101D100040EA012201E040F47F4231190023012012
:101D2000F8F726FC10B1F8F719FCE3E714F0FF0F01
:101D300001D106F039FCA41CA4B2AC42E2D3F8F7FE
:101D40000DFC002007E0315C3A5C914201D0404636
:101D5000D1E7401C80B2A842F5D30120CBE70000B8
:101D60000004002000400208FFFF030810B50E4CDD
:101D7000607958B160780D2806D0A28B0B49E06BD2
:101D8000FFF7A4FF012803D0002010BD012010BDE3
:101D9000A18BA06B0844A06300206071A083E06366
:101DA00006F002FCF2E7000000040020883F00205B
:101DB00010B50C4C60780D2805D0607928B1FFF77C
:101DC000D5FF012801D0002010BDE079617C0843D7
:101DD00005D0608B18B1BDE8104000F055B8012067
:101DE00010BD0000000400200844C178006861F3C1
:101DF0001F60704770B5104C0020012520632071D2
:101E00006063A0636083E063A0836071E07120720F
:101E10006072A07220646064E083A064A07900B95D
:101E20002572E078002806D004A1E06A00F012F8DC
:101E3000012800D0257270BD000400207168747400
:101E4000706765745F636F6E74656E745F6C656EEA
:101E50006774680010B5044600F00AF8002804D042
:101E60000248012104630171084610BD00040020EE
:101E700040F20A21884202D3B0F5E03F01D90020A8
:101E8000704701207047000070B5174C608B40B35D
:101E9000607930B160780D280ED0FFF767FF012818
:101EA0000AD11248A16B0D18854205D3628B1049E7
:101EB000A818401E884201D9002070BD0D4901F5C7
:101EC0000060F6F7A2F9E563608BA08301206071E2
:101ED0000020608360780D2803D0BDE87040FFF7D4
:101EE00045BF012070BD0000000400200040020832
:101EF000FFFF03088837002070B51F4C607A98BB3D
:101F0000608B40F20A2188422ED30126667271024C
:101F10001A48FFF769FF60644FF401711748FFF733
:101F200063FF164920F07F452564B1F80812E1836C
:101F3000134A616C91420CD01249884209D028465C
:101F4000FFF796FF012804D1A80702D1E08B0328F0
:101F500004D02079002800D0002070BDA67220791E
:101F600020B1206B8542F7D1012070BD2846BDE825
:101F7000704005A1FFF76EBF0004002088370020E5
:101F800078563412EFCDAB896669726D77617265F0
:101F90005F6865616465720010B50E4C207AB8B94F
:101FA000FFF706FF012802D00120207210E02079FF
:101FB00000280ED0D4E90C01814209D1A16B8142E5
:101FC00006D1A07A002804D0FDF704FD012800D036
:101FD000002010BD0004002070B51D4CE179227A6C
:101FE000114301D0002070BD194922790125496BA8
:101FF00022B1226B914201D3E57126E0154B628B31
:10200000491C9854521C62836163FFF775FF0128D5
:1020100012D1207940B1D4E90C01814204D1FFF7FB
:1020200033FF012808D1E7E7608BB0F5006F05D3D7
:10203000FFF72AFF012801D02572D3E7A16C606B5E
:10204000411AB1F5005F00D3A064012070BD00000B
:10205000000400208837002070B50C4605000AD027
:102060004CB10CE02878FFF76DF906462078FFF7B1
:1020700069F9864201D0002070BD641C6D1C207877
:102080000028EFD1012070BD38B5174C05462078E7
:1020900002280FD003280DD12846FEF709FF50B1C2
:1020A000002211460320FFF733F900F0EFFE0FA0E6
:1020B000FFF756F838BD11A12846F6F7D8F80028E2
:1020C000F8D02A466946104800F016FE0028F1D0E4
:1020D00060780028EED100F0A3FEBDF800200A4988
:1020E0000420FFF715F938BD840300207572635F83
:1020F0006C696E6B5F6C6F73740000002B514D54F4
:10210000524543563A000000B51500202DE9F04134
:1021100007460025C8680C462E46B0F57A7F5BD28C
:10212000401CE0602168A068095C5B2954D1401C18
:10213000A0602046FCF732FC4CB1D4E90110884283
:1021400003D22268125C5D2A33D0884203D3A06890
:10215000401EA06040E0401E04F11008A060404610
:10216000FCF79AFD98B30DB3306046600646A06850
:10217000401CA0602046FCF711FC2146304600F0D0
:10218000D1F930B32046FCF709FC14B3D4E90110AF
:10219000884203D22168095C2C29E0D06268904211
:1021A00017D22168085C5D2813D102E005462E464F
:1021B000DDE7E068401EE06005B16E602020C7E901
:1021C0000250A068401CA0600120BDE8F081FFE73C
:1021D00015B12846FCF7BCFC0020F6E7034610B515
:1021E00000200246995CA1F13004092C01D8303856
:1021F0000AE0A1F14104052C01D8373804E0A1F12F
:102200006104052C08D857380844032A00D200017D
:10221000521C042AE6D310BD002010BD2DE9F04168
:1022200092B04FF0000506460C004FF02E032846F2
:1022300010953CD02168D1B36A4627E0276839441D
:10224000415C34291BD00ADCA1F12B07092F23D2D2
:10225000DFE807F015221517221515151500382986
:102260000DD006DC35290AD0362908D0372913D1FC
:1022700005E0392903D0452901D065290CD1115435
:1022800000E01354401C3F2806D22CB1A168D4F8BA
:1022900004C00F186745D1D31554904610A91046B5
:1022A00000F0BEFF0F4610990546884503D1002077
:1022B00012B0BDE8F081C6E90657114A114B284615
:1022C0003946F6F757FC02D86FF000400DE00022C7
:1022D0000D4B28463946F6F735FC02D84FF0004042
:1022E00003E028463946F6F7F5FB70610820F060F8
:1022F000109AA168A2EB08000844A0600120D7E76B
:102300000000C0FFFFFFDF410000E0C12DE9F04108
:1023100007460026C8680C463546B0F57A7F78D265
:10232000401CE060002C74D0D4E90110884270D2C7
:102330002168095C7B296CD1401CA0602046FCF719
:102340002DFBD4E90110884203D22268125C7D2A59
:102350004CD08842A0F10100A0605AD204F11008CC
:102360004046FCF799FCE8B3F6B1286045600546A5
:10237000A068401CA0602046FCF710FB21462846C0
:1023800000F049F878B32046FCF708FB286928627A
:10239000002028613CB3D4E90110884236D221687C
:1023A000095C3A2932D102E006463546E0E7401C96
:1023B000A0602046FCF7F2FA2146284600F0B2F869
:1023C00088B12046FCF7EAFAD4E90110884203D22A
:1023D0002168095C2C29C3D06268904216D221681A
:1023E000085C01E011E011E07D280FD1E068401E9B
:1023F000E06006B175604020C7E90260A068401C3B
:10240000A0600120BDE8F08103E016B13046FCF782
:102410009FFB0020F6E72DE9F84380468B680868AB
:102420004FF00009C418CDF8009008680E46651CEE
:10243000C15C641C22296ED10022716808E0BCF1E5
:102440005C0F04D17F1C8F4265D2521C641C641C3B
:10245000271A8F4204D294F800C0BCF1220FEED1AB
:10246000271A8F4257D22178222954D11844201A92
:10247000801A3169401C884707004CD0009737E02C
:1024800029785C2905D000986D1C00F8011B00908C
:102490002EE00220611B012939DB6A78662A14D0FC
:1024A00008DC222A12D02F2A10D05C2A0ED0622AF1
:1024B0002DD108E06E2A0ED0722A0ED0742A0ED0CA
:1024C000752A24D10DE0082200E00C22009901F8C1
:1024D000012B00910BE00A22F8E70D22F6E7092212
:1024E000F4E76A462146284605F0CEFF78B1054458
:1024F000A542C5D3009981F800901021C8E90317BF
:102500003068201A401CB0600120BDE8F88317B184
:1025100071693846884715B13068281AB0600020C4
:10252000F3E7000070B50C0005465ED02068002877
:102530005BD0A16863680A1D9A4205D8084404224A
:1025400031A1F5F7E7FE78B3A0686268411D012666
:10255000914206D82168052208442DA1F5F7DAFE3C
:1025600028B3A0686268011D914206D82168042240
:10257000084429A1F5F7CEFEE8B1D4E90101814272
:1025800003D22268525C222A1DD0814221D22268C5
:10259000525C2D2A02D0303A092A1AD82146284600
:1025A000BDE87040FFF73ABE0420E86006E0EE6048
:1025B000A068401D04E002206E61E860A068001D74
:1025C000A060012070BD21462846BDE87040FFF79D
:1025D00022BF814203D22268525C5B2A07D081422B
:1025E00003D22068405C7B2807D0002070BD2146C4
:1025F0002846BDE87040FFF789BD21462846BDE862
:102600007040FFF783BE00006E756C6C0000000028
:1026100066616C73650000007472756500000000EF
:10262000024A41F201010248FCF7AEBD78270020C2
:102630007C3700202DE9F04185680C000FD0012186
:102640002046FCF740FE00280AD05B210170A068FC
:10265000401CA060E068401C0026E06025E00020EF
:10266000BDE8F0812146284600F0E0F90028F7D0C7
:10267000204605F0D3FE2868B0B1606908B1022792
:1026800000E00127791C2046FCF71DFE0028E7D05A
:102690002C2100F8011B616911B1202100F8011BF8
:1026A0000670A0683844A0602D68002DDAD10221A0
:1026B0002046FCF708FE0028D2D05D21017046704C
:1026C000E068401EE0600120CAE700002DE9F04705
:1026D00006468AB0D6E90654884600271C2168467B
:1026E000F5F7BAFD0020CDE908004FF02E09B8F14A
:1026F000000F42D00DB1012000E0002020432E4900
:1027000020F00040081AC00F4FF0000A12D1480014
:10271000B0EB440F00D16DB17069F6F7BDF92A46F0
:102720002346F6F70FFA0AD124A168467269FBF72F
:1027300009FB1FE022A16846FBF704FB1AE02A46CA
:10274000234621A16846FBF7FDFA064608AA20A108
:102750006846F5F7FFFD012806D1DDE908012A46A4
:102760002346FCF7B7FC30B92A46234619A1684630
:10277000FBF7E8FA06461A2E03D300200AB0BDE89C
:10278000F087711C4046FCF79EFD0028F6D0694694
:102790002E2306E0CA5D4A4501D1C35500E0C2556B
:1027A0007F1CB742F6D300F807A0D8F808008119BB
:1027B0000120C8F80810E1E70000F07F2564000060
:1027C0006E756C6C0000000025312E3135670000FD
:1027D000256C670025312E31376700002DE9F04761
:1027E00085680C0003D0606920B1022603E0002058
:1027F000BDE8F0870126711C2046FCF764FD002827
:10280000F6D07B2100F8011BE168491CE160616999
:102810000A2701B10770A0684FF00008304409266C
:10282000A06059E088B12046E168FCF74CFD002823
:10283000DED0002103E000BF00F8016B491CE26814
:102840008A42F9D8A0681044A0602146286A00F0A6
:1028500065F80028CCD0204605F0E0FD606908B19D
:10286000022000E00120814601462046FCF72BFDB6
:102870000028BDD03A2100F8011B616901B1067042
:10288000A16801EB0900A0602146284600F0CEF8BF
:102890000028ADD0204605F0C1FD606900B10120DF
:1028A000296801B1012100EB010909F1010120466C
:1028B000FCF709FD00289BD0296811B12C2100F8F4
:1028C000011B616909B100F8017B80F80080A168F3
:1028D00001EB0900A0602D686069002DA2D110B144
:1028E000E168491C00E002212046FCF7ECFC0028CE
:1028F00086D0616949B1002103E000BF00F8016B97
:10290000491CE268521E8A42F8D87D21017080F885
:102910000180E068401EE060012069E72DE9F04792
:102920000A0005464FF0000601D01DB120E000204E
:10293000BDE8F08703211046FCF7C5FC0028F7D05E
:1029400037A1F5F7DEFC5AE00C2927D006DC082970
:1029500024D0092922D00A2906D11FE00D291DD033
:1029600022291BD05C2919D0202900D2761D401CB9
:1029700001780029E8D1401B8719F91C1046FCF7A3
:10298000A2FC041ED4D04FF022084FF0000984F8B6
:1029900000802EB1661C4FF05C0A28E0761CE6E74A
:1029A0003A462946601CF5F730FC23E01F2803D97E
:1029B000222801D05C2830D106F801AB2A78504695
:1029C0000C2A23D006DC082A1ED0092A24D00A2A81
:1029D00006D11DE00D2A1DD0222A12D05C2A1CD05F
:1029E00010A13046FBF7AEF9361D6D1C761C287819
:1029F0000028DBD1E01980F8018080F802900120E6
:102A000096E786F80080F0E7622006E0662004E0A2
:102A10006E2002E0722000E074203070E5E70000D4
:102A200022220000752530347800000070B50400C3
:102A30000E4613D096B1207B102843D008DC012825
:102A400016D002281ED004280AD0082806D121E07A
:102A500020283CD040283FD0802820D0002070BDC6
:102A600005213046FCF72FFC0028F8D01DA106E018
:102A700006213046FCF727FC0028F0D01BA1F5F713
:102A800040FC1DE005213046FCF71DFC0028E6D087
:102A900018A1F4E72046BDE87040FFF717BE206993
:102AA0000028DCD0F5F70BFC401C054601463046FB
:102AB000FCF709FC0028D2D02A462169F5F7A5FBCE
:102AC000012070BD2069BDE87040FFF727BF204698
:102AD000BDE87040FFF7AEBD2046BDE87040FFF78F
:102AE0007DBE00006E756C6C0000000066616C734A
:102AF0006500000074727565000000007047704743
:102B0000064810B5417C007C014305D1FEF7C0F8B2
:102B1000012801D0002010BD012010BD8403002039
:102B200010B5FFF7EDFF08B1002010BD012010BD6A
:102B300002480021417401747047000084030020A2
:102B40002DE9FC4700258046ADF804502C4664284A
:102B500000D96420294EA6F80A8005F07FF8814646
:102B600005F0B6F901280AD0254890F8A00030B148
:102B70005FF00007B9F1000F20D017B11EE0012768
:102B8000F8E7B079D0B905F033F9012816D11D481E
:102B90006421008800FB09F03230B0FBF1F080B214
:102BA000824601A903F09AF801280FD001A95046E6
:102BB00005F046F9012801D0ADF8045003F046F8BD
:102BC00002460095B07918B1032102E00124F5E72F
:102BD00000213B46BDF8040002F025FCADF80400DE
:102BE00018B114B1FDF7AAF901E0FDF759F949460A
:102BF000404605F0B7F9BDE8FC87000088020020D8
:102C0000E00000200203002000224FF40071014880
:102C1000F7F727BE000C0140012251020148F7F7E7
:102C200020BE0000000C01402DE9F0410026904636
:102C30000C460546374619E02088401C80B22080AB
:102C4000B0F5006F01D9278010E002280ED3A91E2D
:102C5000415C0D290AD1691E415C0A2906D102286E
:102C6000F1D080B22F542088BDE8F081208841192E
:102C70000848FCF7F7FA0028DED1B8F1000F06D0BB
:102C80001420FCF7E7FA761CF6B2642EEED300208F
:102C9000EAE700007C3700202DE9F0470027914645
:102CA0000D460446A0F10208461E1AE02888401C82
:102CB00080B22880B9F800108A1D904201D92F8077
:102CC0000FE002280DD910F808200D2A09D1825DE5
:102CD0000A2A06D1884204D980B227542888BDE840
:102CE000F087288801190348FCF7BCFA0028DDD1D9
:102CF000F5E700007C3700202DE9F04700278946E2
:102D000006460F8090467B211046F5F7CEFA051E49
:102D10000CD07D21F5F70DFB38B1A84205D3401B3F
:102D2000401C84B2B4F5006F02D90020BDE8F087E2
:102D3000414628460DE000BF10F8012D202A08D09A
:102D4000092A06D0D0B2222801D0002004E00120B8
:102D500002E08842F0D8384680462246294630466E
:102D6000F5F753FA3755B8F1000F19D02146002076
:102D7000044612E0335C5C2B0AD1421C8A4207D223
:102D800032185278222A0FD05C2A0DD02F2A0BD06D
:102D9000401C3355641C80B2A4B28842EAD3375534
:102DA000A9F800400120C1E73255641C801CA4B280
:102DB00080B2F2E72DE9F04704008A4616D054F8B5
:102DC000047CD4F800903E1F564500D95646204654
:102DD000FAF7CCFF05468846324621465046FDF7B5
:102DE00057FB40B1C0F80090BDE8F087BDE8F04760
:102DF0000846FAF7E9BF44E9017955B129686A182C
:102E0000211F8A4202D9611B091F2960C5F804806D
:102E1000EAE7024AC2F80080E6E70000D806002090
:102E200001490120C8707047760400200149012043
:102E300008707047EC03002010B5134C217801296D
:102E40000ED020460229006910D0032907D141F293
:102E50008831F9F7E5FD002801D00520207010BD6C
:102E6000FFF7DAFEA06820610220F7E74FF47A71DD
:102E7000F9F7D6FD0028F2D0FFF7C6FE0320207038
:102E8000A068206110BD0000EC030020064910B5C9
:102E9000002008700549087005490870F9F7ACFA78
:102EA000BDE8104008F062BDE40300207A04002071
:102EB0007D04002010B501460448FCF7EFF9002816
:102EC00003D103484168491C416010BD7C37002094
:102ED000EC03002070B5084A9278002A0AD1044613
:102EE0000D460648FCF72CFD29462046BDE87040FB
:102EF00005F0A2BA70BD0000840300207C370020DA
:102F00002DE9F041FEF794F8012822D0614C072604
:102F1000A07818B1206DFDF729FEC8B1607B0127AC
:102F2000DFF874810025062813D2DFE800F01203D1
:102F300003301243FDF7E8FE01280CD0FDF7BAFE7E
:102F400001281DD00521A07B81421BD8A573E77302
:102F50006673BDE8F081A07B032813D3207B00B902
:102F6000277316214C48F5F777F915224BA14A48EB
:102F7000F5F78FF988F81550A571A573E573E7E7A4
:102F80000121E0E7401CA07303206073E1E7FDF737
:102F9000BBFEA078617D0028206D02D0FDF7E0FF28
:102FA00001E0FFF797FF05206073F9F733FDC4E9EF
:102FB0000A05CEE71421A06AF9F732FD0028C8D02F
:102FC0003449002216313B48FFF72EFEC8B339487A
:102FD000FDF76EFF012804D037A13648F5F747F911
:102FE00038B13448FFF750F8E582607B052828D0D7
:102FF000AFE73048FBF718FFFDF786FE012806D142
:1030000030A12C48F5F733F908B102202073294884
:10301000616DF5F72CF9A0B32CA1206DF5F727F918
:1030200098B1607960B11C4900201F390A5C303AC0
:103030000A2A05D2401CC0B20F28F7D3C87B20B1A2
:10304000E582BDE8F04100F08BB8FDF75DFE012898
:1030500012D1A0790028F3D00020424606E0303992
:103060000A29EDD2401CC0B2152802D2115C0029F9
:10307000F5D113380128E3D8E582E5736673A573AB
:1030800067E7FFE70B48FDF753FE0128D8D1E5823B
:103090005CE7000084030020EF1300203030303064
:1030A0003030303030303030303030303030303020
:1030B00000000000B51500202B514D5452454356D9
:1030C0003A0000004552524F5200000041542B4339
:1030D00047534E000348407B072801D0002070472B
:1030E0000120704784030020014900204873704785
:1030F000840300202DE9F041134C80461D46A07842
:1031000016460F4620B14046FDF730FD002819D085
:10311000C4F8508067750020E062C4E91565A073AB
:10312000E0730AA14046F5F7A2F810B1FBF7BEFF25
:1031300006E008A14046F5F79AF808B1FBF7A8FFAA
:1031400002206073BDE8F0818403002041542B43CA
:1031500047534E0041542B51434349440000000063
:1031600010B50B4CE06A401CE062A16D884203D2AE
:10317000F9F750FCA06210BDFDF7C6FD012803D190
:10318000207B08B9012020730220607310BD00006D
:103190008403002010B5FDF7C5FE03490120087522
:1031A000BDE81040FAF78EBA8403002001490820D8
:1031B000C8717047760400204FF000614868054AE6
:1031C00050601060096881F308884FF0E0220249DE
:1031D0005161004738000020A55AA50070B50200D3
:1031E0004FF000001BD0910F93000125012901D958
:1031F0000120491E0F224FF6FF7600BF890006EA24
:10320000400001EB937105EB40049B00A14202D307
:10321000091B401C80B2521E1204120CEED170BD6C
:1032200000B583B00A460021CDE900110146684689
:10323000F5F74DFDDDE9000103B000BDC0F3074225
:1032400002EB1061C0F307221144C0B2084470477A
:103250000149002008727047080F00202DE9FE4345
:103260000025404C009501950295A0884FF001087B
:103270004746002873D13220A0803B48F6F716FA63
:10328000394EB079FAF722FD632819D800F5FA60B3
:10329000ADF806003079FAF719FD411E0B290FD859
:1032A0008DF80500F078FAF711FD411E1E2907D8A8
:1032B0008DF804007079FAF709FD411E062902D93C
:1032C0004FF0000801E08DF80300B078FAF7FEFC3B
:1032D00017280DD88DF802007078FAF7F7FC3B2814
:1032E00006D88DF801003078FAF7F0FC3B2801D9B8
:1032F000002701E08DF800001B4E01200A3EB8F1C6
:10330000000F0BD08FB18DF8080000983060019845
:103310007060BDF80800308165701FE0357261781B
:10332000FF2901D2491C61702FB93572A178FF299C
:1033300001D2491CA17061780A2907D340F2E471D7
:10334000F18070713071F9F771F86570A0780A2812
:1033500005D3B57075703570F9F768F8A570BDE8DC
:10336000FE83000098020020120F00200549888883
:1033700008B1401E88800878002801D0401E0870DF
:103380007047000098020020002804D001684A1C01
:1033900001D0491C016070470748816BC16301215E
:1033A000C17000218161C161016441818164034870
:1033B00040F89C1FC180704758000020E0000020AA
:1033C0001521AFF3008010B500280BD0AD230122EA
:1033D00004E0845C521C23449BB2D2B28A42F8D9E6
:1033E000D843C0B210BD1421FFF7EDBF70B5140073
:1033F000054603D000F048F8012801D0002070BD38
:10340000D5F8010020F07F402060686820F07F4000
:103410006060D5F8070020F07F40A060D5F80A0072
:1034200020F07F40010201D540F07F40E060D5F8F8
:103430000D0020F07F402061288AA082E87CA075E2
:10344000012070BD002806D0817C19B9017D09B921
:10345000407D08B1002070470120704710B504007E
:1034600010D0207855280DD12046FFF7A9FFA17D67
:10347000884207D02046FFF7B6FFA17D884201D1E0
:10348000012010BD002010BD10B5040012D0172976
:1034900010D1207855280DD12046FFF791FFA17D4E
:1034A000884205D02046FFF79EFFA17D884201D1CA
:1034B000012010BD002010BD0146014800F07EB87B
:1034C0001408002070B58EB00C00064604D0684683
:1034D000FCF7FAFE012802D000200EB070BD224D8C
:1034E00028682060009860600198A0600298E06001
:1034F0001E48406A206103986061A868A061E8687E
:10350000E061686820623046FFF7D6FF6062099884
:10351000A0620A98E06204982063059860630698A8
:10352000A0630798E06308982064304600F0B8F87C
:1035300084F844009DF82C0084F845009DF82D0087
:1035400084F84600E87C84F847009DF82E0084F853
:1035500048009DF82F0084F849009DF8300084F859
:103560004A000120B9E7000014080020580000209C
:1035700070B500250F4C012804D1606A411C01D0B0
:10358000401C60620C4800F022F80646012806D173
:10359000FCF7ECFA05460146074800F04AF802201D
:1035A0002070012E01D1012D02D06420E08070BD79
:1035B0000A20FBE7580000201408002020B1027CFC
:1035C00012B14068081A70474FF0FF30704710B5CD
:1035D00000280CD0817C39B1002181740321C17491
:1035E0000C30FFF7D1FE01E0417C09B1002010BD95
:1035F000012141748174C1740830FFF7C5FE0120B8
:1036000010BD002808D00021016041608160C160C8
:10361000017441748174C174704700B5FFF7CEFF27
:10362000411C04D0B0F5FA7F01D8012000BD002074
:1036300000BD00280BD0012909D0817C002906D0CB
:10364000002181740321C1740C30FFF79DBE7047C7
:1036500070B50D4604000BD0FFF796FE01206560A3
:103660002074A07C08B10220E07400206074A07473
:1036700070BD000010B50848FFF7C3FF074C0020DD
:1036800020626062E062FCF753FE6064A0620A2080
:10369000E0800220207010BD140800205800002097
:1036A00001460148FFF7B9BF140800200448054946
:1036B00050F89C2FCB691A4402600020C861704703
:1036C000E0000020580000202DE9F04F95B0FCF7F5
:1036D0002FFEDB4C616C884204D0A0626064002045
:1036E000FFF746FF2078002833D002260327D54D68
:1036F0004FF064094FF0580A4FF0000801280CD031
:10370000022850D0032824D1FCF7F8F904285FD010
:10371000E08800281DD101206AE0607890B101287E
:103720001AD0022824D0032813D1FCF7E7F968B394
:10373000FCF7E4F9042832D0E088002809D184F8A5
:103740000180E8E755211D2000F0D4F9012800D1BF
:10375000607015B0BDE8F08FFCF7D0F90028F8D103
:10376000C721192000F0C6F90128F2D16670F0E7F0
:10377000FCF7C4F90028ECD100211D2000F0BAF9B3
:103780000128E6D16770A4F80690E2E785F800A06A
:10379000192068700421AB48FCF7B6F9D9E7267008
:1037A000A4F80680D5E7E0880028D2D1A4F80690D6
:1037B00085F800A0AA2068701721A248FCF7A4F998
:1037C000012801D12770C4E726700A20E080C0E7F5
:1037D000F7F74EF809900CAA17219A48FFF706FE52
:1037E000012808D0206A411C01D0401C2062002022
:1037F000FFF7BEFEADE70C9808900D9807900E9865
:103800000A90DDE90FA00B90BDF8440002909DF8EE
:1038100046B007278B48FFF715FE012800D10F2778
:103820008848FFF70FFE012804D18648FFF716FEEF
:10383000012804D1E06A411C01D0401CE0628148AB
:1038400009991830FFF704FF69780098424661F340
:103850000700A97861F30F20E97861F3174062F35C
:103860001F604FF41D61B0FBF1F189B2E1812B794A
:1038700063F307006B7963F30F20AB7963F31740B1
:1038800062F31F6040F65723B0FBF3F39BB259433A
:10389000B1FBF9F10904A381090C6182AB7A63F3EE
:1038A0000700EB7A63F30F202B7B63F3174062F37F
:1038B0001F604FF06703B0FBF3F39BB2A3822CD0E1
:1038C0004FF0640C03FB0CF3B3FBF1F1C9B22171AF
:1038D000632901D963212171697B61F30700A97B09
:1038E00061F30F20E97B61F31740216B62F31F60E6
:1038F000884204D2A178FF2901D2491CA17020631B
:10390000FCF74AF8A063A17819B14F4B01FB030003
:10391000A063E078012803D005E022712282DBE772
:10392000A06BE063E270D4E90E01884201D3411A32
:1039300000E00021A161616B6063411AA06C084442
:10394000A064608A50B3E0892579A0FB00136D4321
:10395000A1FB050C03FB05C301FB023142F210720F
:103960000023F4F701FC81463848A18947F6B822C4
:10397000807F4FF0000CA0FB0113A1FB020803FBAA
:10398000028201FB0C21324A6346F4F7EDFB8046CC
:1039900042F21070854203D2401B02E0228217E0FF
:1039A0000020010C000442F210720023F4F7DCFB4B
:1039B000FFF714FCE1894143C81701EB106108EBE4
:1039C000212000FB00900002FFF708FC0009208284
:1039D0006946079802F000F8012802D1BDF80000FE
:1039E000A0816946089801F099FF012802D1BDF82D
:1039F000000020826946504601F0BFFF01280CD12B
:103A0000BDF8000041F69911884206D800EB80000D
:103A10004FF6FF7101EA4000A08201206071226A26
:103A20000849CDE9041706920B99CDF80CB0CDE901
:103A300000A1DDE908100A9B079A02F015FDC3E614
:103A400058000020FC070020F3A31F011C0F0020DA
:103A500000E1F505184830B4C18809B1491EC1809C
:103A6000018941F27072491C89B20181914220D9C9
:103A700000210181828A036C3C241A44B2FBF4F3D6
:103A8000C5692B44B2FBF4F504FB1522C361026443
:103A90004289521C92B24281B2F5347F09D3074A5F
:103AA000418152F89C4F23441360C16130BC02F045
:103AB000B5BE30BC7047000058000020E000002078
:103AC00010B58AB181B1A0FB01014FF40003C01809
:103AD00041F10001000E40EA0120090E4FF6FF748B
:103AE0000023241A8B4101D2002010BD1080012038
:103AF00010BD000030B40A4AA8230C0C137050709B
:103B00000B0A91701944A83008442044D370C04374
:103B10001471507130BC06211046FCF745B8000006
:103B2000FC0700202DE9F041069DF8B1F1B1EDB19F
:103B3000022A1BD304689C4218DC00EB820454F870
:103B4000044C9C4212DB01242DE000BF00EB8407F3
:103B500050F8246057F8047CBE4207DD01EB440CAA
:103B600031F814703CF802CC674502D20020BDE861
:103B7000F0819E4216DB00EB840001EB440150F81B
:103B8000040C31F8024C321A1B1AB8B2061B50084A
:103B90000021E6FB03010023F4F7E6FA2044288025
:103BA0000120E4E7641C9442D0D301EB420030F8DA
:103BB000020CF4E7F0B5059DF0B1E9B1E5B1022AD8
:103BC0001AD304889C4217D800EB420434F8024C04
:103BD0009C4211D301242AE000EB440730F8146022
:103BE00037F8027CBE4207D901EB440C31F814705F
:103BF0003CF802CC674501D20020F0BD9E4215D3AF
:103C000000EB4400B6B230F8022C01EB4401B01ACC
:103C10009A1A31F8023CBEB2F11A514301EB50013D
:103C2000B1FBF0F0184428800120F0BD641C9442E0
:103C3000D2D301EB420030F8020CF4E72DE9F04159
:103C4000069DF8B1F1B1EDB1022A1BD304689C4284
:103C500018D800EB820454F8044C9C4212D301247F
:103C60002DE000BF00EB840750F8246057F8047C77
:103C7000BE4207D901EB440C31F814703CF802CC79
:103C8000674502D20020BDE8F0819E4216D300EBCA
:103C9000840001EB440150F8040C31F8024C321A54
:103CA0001B1AB8B2061B50080021E6FB03010023D3
:103CB000F4F75AFA204428800120E4E7641C944277
:103CC000D0D301EB420030F8020CF4E700214FF6AC
:103CD000FF7200BF01EB810302EA8303834201D13B
:103CE00001207047491C89B20B29F3D3002070478B
:103CF00070B58EB004000ED04FF48271F4F7ACFAB8
:103D0000002304220CA9802003F0B0F8012501282B
:103D100004D0657028E000200EB070BD2570002131
:103D2000684603F0E1FD012812D003F0FBFD0146D7
:103D3000002001290ED0207084F8015004F10802FF
:103D4000901D211D064603F003F8012804D00BE066
:103D50009DF80C006070F1E7304602F0F7FC012896
:103D600002D1A570F420A0810120D5E7F8B51D4649
:103D700014460E46070016D0ADB1F42E13D102F052
:103D8000E5FC01280FD13146384603F091F9A042F5
:103D900009D16A462946384602F0C2FF012802D1FD
:103DA0000098A04201D00020F8BD0120F8BD0AF023
:103DB000C9B8AFF30080C178006861F31F60704735
:103DC000C178006861F31F60704799B1A0F13002BB
:103DD000092A01D80A700BE0A0F14102052A01D896
:103DE000373804E0A0F16102052A03D8573808707B
:103DF00001207047002070472DE9F0410D4607462D
:103E000003F062FE044695F847600088F4F755FE1B
:103E100002460B467AA13846FAF708FE2089F4F7E5
:103E20004CFE02460B4679A13846FAF7FFFDE068E2
:103E3000F4F743FE02460B4678A13846FAF7F6FD42
:103E4000207CF4F73AFE02460B4679A13846FAF791
:103E5000EDFD608AF4F731FE02460B4675A1384647
:103E6000FAF7E4FDA08AF4F728FE02460B4676A195
:103E70003846FAF7DBFDE08AF4F71FFE02460B46F0
:103E800074A13846FAF7D2FD208BF4F716FE0246ED
:103E90000B4672A13846FAF7C9FD74480088F4F75A
:103EA0000CFE02460B4672A13846FAF7BFFD724877
:103EB0000088F4F702FE02460B4670A13846FAF776
:103EC000B5FDE08BF4F7F9FD02460B466EA13846CE
:103ED000FAF7ACFD94F82000F4F7EFFD02460B462C
:103EE0006DA13846FAF7A2FD608CF4F7E6FD0246B4
:103EF0000B466CA13846FAF799FD00226E4B6FA174
:103F00003846FAF793FD00226F4B70A13846FAF756
:103F10008DFD00224FF080436FA13846FAF786FDF1
:103F20000022714B71A13846FAF780FD0022754BD3
:103F300075A13846FAF77AFD0022764B76A138460D
:103F4000FAF774FD012E53D05FF00000F4F7B5FDD1
:103F500002460B4674A13846FAF768FD012E49D097
:103F60005FF00000F4F7A9FD02460B4672A1384647
:103F7000FAF75CFD012E3FD05FF00000F4F79DFDE5
:103F800002460B466FA13846FAF750FD012E35D098
:103F90005FF00000F4F791FD02460B466DA1384634
:103FA000FAF744FD95F84300012800D00020F4F70B
:103FB00084FD02460B466BA13846FAF737FD95F8AB
:103FC0004400012800D00020F4F777FD02460B469C
:103FD00067A13846FAF72AFDB5F84000F4F76DFD01
:103FE00002463846BDE8F0410B4666A1FAF71EBD11
:103FF0000120ABE7286BB5E7E88FBFE7E86AC9E7C0
:1040000070726F66696C65496400000070726F665B
:10401000696C6556657273696F6E000070726F66C9
:10402000696C6546696E6765727072696E740000CE
:104030006D69640068617264776172655265766962
:1040400073696F6E000000007261746564506F7771
:10405000657257007273334D6F686D0068617264EA
:10406000776172654D61784D6100000004030020A6
:1040700068774D61784D6100020300207365744FCD
:1040800075746375724D610070776D46756C6C5315
:1040900063616C650000000070776D506F6C617239
:1040A000697479006F636F486172647761726552F9
:1040B00065766973696F6E0000002640706F696EE7
:1040C00074436F756E740000000034406C65766553
:1040D0006C537465700000007061796C6F61645698
:1040E000657273696F6E00000000104073746F7228
:1040F000616765466F726D617456657273696F6E44
:104100000000000000407F407261774D6178416798
:10411000654D730000E06F406361706162696C69B6
:10412000746965730000000068617343616C6962C3
:10413000726174696F6E000067656E6572617469A3
:104140006F6E00007061796C6F61644C656E6774AE
:10415000680000007061796C6F6164437263333290
:1041600000000000736166657479526561647900CE
:1041700070657273697374656E63655265616479A5
:10418000000000006661756C74466C616773000026
:1041900070B50C46050039D0002C37D000221C4BDE
:1041A0001CA1FAF743FC621C1BA12846FAF758FC35
:1041B0002078012814D00D2812D0A06CF4F77DFCD3
:1041C00002460B4615492846FAF730FCE06CF4F736
:1041D00074FC0B461149024608312846FAF726FCC2
:1041E000607BF4F76AFC02460B460DA12846FAF7FD
:1041F0001DFC207CF4F761FC02460B4609A1284611
:10420000FAF714FCBDE8704005F09ABF002070BDBD
:1042100000000840760000006F700000544D010857
:10422000726300007374000070B505460C460868A0
:10423000F4F743FC02460B463EA12846FAF7F6FB8C
:104240006068F4F73AFC02460B463EA12846FAF7AE
:10425000EDFBA068F4F731FC02460B463CA1284672
:10426000FAF7E4FBE068F4F728FC02460B463AA1B3
:104270002846FAF7DBFB2069F4F71FFC02460B46E1
:1042800037A12846FAF7D2FB6069F4F716FC02461C
:104290000B4637A12846FAF7C9FBA069F4F70DFCD5
:1042A00002460B4636A12846FAF7C0FBE069F4F750
:1042B00004FC02460B4636A12846FAF7B7FB206AF3
:1042C000F4F7FBFB02460B4636A12846FAF7AEFB95
:1042D000606AF4F7F2FB02460B4637A12846FAF76C
:1042E000A5FB94F84400F4F7E8FB02460B4634A122
:1042F0002846FAF79BFB94F84500F4F7DEFB0246EC
:104300000B4631A12846FAF791FB94F84600F4F7E2
:10431000D4FB02460B462FA12846FAF787FBA06A7A
:10432000F4F7CBFB02462846BDE870400B462CA1B3
:10433000FAF77CBB76616C69644672616D65436FA8
:10434000756E74006F7265436F756E7400000000C7
:104350006665436F756E74006E65436F756E7400AD
:1043600074696D656F7574436F756E74000000003D
:10437000756172744572726F72436F756E7400006E
:104380007265636F76657279436F756E74000000B5
:104390007265636F766572794661696C436F756E9D
:1043A000740000006C61737456616C6964467261DC
:1043B0006D655469636B0000626C4167654D730005
:1043C000626C4672657368007561727447537461FC
:1043D000746500007561727452785374617465007D
:1043E000756172744572726F72436F64650000008C
:1043F00030B505460878FBB00C46012804D00D28DE
:1044000006D0052811D01AE02846FFF7F5FCAFE0EA
:10441000617B0029FBD194F86310012918D104F1C4
:104420008C012846FFF700FFA2E0617B19B1062945
:1044300001D00929EBD194F86110012902D0617BE8
:1044400031B195E004F16401284600F0D3F88FE023
:10445000801E0928DBD2DFE800F0051B228B29290A
:104460003A4E580003F030FB0088F4F726FB024672
:104470000B4641A12846FAF7D9FA03F025FBC0689C
:10448000F4F71BFB02460B463EA12846FAF7CEFA8C
:10449000206DF4F712FB0B4602463FA127E0208F68
:1044A000F4F70BFB0B4602463DA120E0B4F85E009A
:1044B000F4F703FB02460B463BA12846FAF7B6FA8F
:1044C000606DF4F7FAFA0B4602463BA10FE094F850
:1044D0006000F4F7F2FA02460B463BA12846FAF7D1
:1044E000A5FA608FF4F7E9FA0B46024638A1284690
:1044F000FAF79CFA3CE0A06DF4F7DFFA02460B46AF
:1045000036A12846FAF792FAD0E794F8620001281B
:104510000AD1B4F85E1040F2E9136A4604F1D800FB
:1045200000F0B8FE012802D000207BB030BDA06DA5
:10453000F4F7C3FA02460B4628A12846FAF776FAA2
:10454000B4F85E00F4F7B9FA02460B4616A1284605
:10455000FAF76CFA606DF4F7B0FA02460B4616A152
:104560002846FAF763FA6A461FA12846FAF778FA4E
:1045700005F0E6FDD9E7000070726F66696C654969
:104580006400000070726F66696C6546696E6765ED
:10459000727072696E7400006C656173654D7300B2
:1045A0006C6576656C0000007061796C6F61644CBD
:1045B000656E6774680000007061796C6F616443B8
:1045C000726333320000000070657263656E7400C0
:1045D00061637475616C50776D00000067656E658E
:1045E000726174696F6E00007061796C6F6164480C
:1045F0006578000070B505460C460888F4F75DFA4A
:1046000002460B463DA12846FAF710FA6088F4F7F7
:1046100054FA02460B463BA12846FAF707FAA0884F
:10462000F4F74BFA02460B4639A12846FAF7FEF991
:10463000A068F4F742FA02460B4637A12846FAF77B
:10464000F5F9E068F4F739FA02460B4636A1284638
:10465000FAF7ECF92069F4F71FFA02460B4636A187
:104660002846FAF7E3F9A08AF4F727FA02460B4640
:1046700034A12846FAF7DAF9E08AF4F71EFA02467E
:104680000B4637A12846FAF7D1F9208BF4F715FA33
:1046900002460B4639A12846FAF7C8F9608BF4F7B1
:1046A0000CFA02460B463BA12846FAF7BFF9A08B4D
:1046B000F4F703FA02460B463CA12846FAF7B6F98E
:1046C000206AF4F7FAF902460B463DA12846FAF7AC
:1046D000ADF9A08CF4F7F1F902460B463AA1284651
:1046E000FAF7A4F9E08CF4F7E8F902462846BDE8A9
:1046F00070400B4637A1FAF799B900006C657665F2
:104700006C00000061637475616C50776D0000008F
:104710006F636F5261770000626C566F6C746167F3
:104720006552617700000000626C43757272656EBD
:104730007452617700000000626C506F77657252AE
:1047400061770000636F727265637465644F75749E
:1047500070757443757272656E744D61000000006F
:10476000636F72726563746564496E707574566FB9
:104770006C7461676530315600000000636F7272BF
:104780006563746564496E70757443757272656EA5
:10479000744D6100636F72726563746564496E7015
:1047A0007574506F77657230315700006F75747093
:1047B0007574566F6C746167653031560000000087
:1047C000626C4167654D730076616C6964466C612B
:1047D000677300006661756C74466C6167730000F6
:1047E000074A012313708B6C5360CB6CC2E9023013
:1047F0000878107402484FF4E6721430F3F705BDE0
:10480000C0790020484001494843704793010001A6
:1048100010B50C46C9B2FFF7F5FFC4F30721FFF747
:10482000F1FFC4F30741FFF7EDFF210EBDE8104093
:10483000FFF7E8BF70B50D00044633D023A128462A
:10484000F3F744FD00283FD021A12846F3F73EFDB1
:10485000002839D0012C25D00D2C0BD01DA12846C5
:10486000F3F734FD00282FD01BA12846F3F72EFDC7
:10487000002829D0A41E072C14D2DFE804F0040E6F
:1048800015131713230015A12846F3F71FFDD8B100
:1048900015A12846F3F71AFDB0B118A12846F3F781
:1048A00015FD88B1002070BD16A1F7E717A12846B5
:1048B000F3F70CFD40B119A12846F3F707FD18B135
:1048C0001AA1EBE71CA1E9E7012070BD760000000A
:1048D0006F700000736964007365710070726F66B9
:1048E000696C65496400000070726F66696C6546AA
:1048F000696E6765727072696E7400006C656173D1
:10490000654D73006C6576656C0000007061796CB4
:104910006F61644C656E6774680000007061796C4B
:104920006F61644372633332000000007061796C20
:104930006F6164486578000070657263656E74002D
:104940002DE9F34FA7B0804603F0BEF80025F84CE0
:10495000834624950C95089504F5E6701B951C95E7
:104960000695ADF87450F1A60A952190ADF8245043
:10497000ADF81C50ADF82C50AA46B8F1000F06D087
:10498000289820B1EBA12430F3F7A0FC18B1002047
:1049900029B0BDE8F08F38210DA8F3F75DFC0020A9
:1049A0008DF834000DA801F0F5F8E3A14046FAF7C0
:1049B00018F95FEA000922D0E0A1FAF712F90746D8
:1049C0004846FAF74EF9D0B1CFB13846FAF752F966
:1049D000A8B13F699FB13E460125DFF8648303E03B
:1049E0000E2D01D3D7A101E058F825103046F3F77A
:1049F0006DFC20B16D1CEDB20D2DF1D900254FF0ED
:104A000000080DAF4FF4E6712046CDF80880F3F7AB
:104A100023FC2570C4F848800298E064012060738C
:104A2000611C002016B906E00A54D8B2325C12B1FB
:104A3000431C0C2BF8D34FF0000801F800802FB175
:104A40003822394604F11000F3F7DFFBB9F100001A
:104A500048D0FAF706F9E0B324AABBA1484600F013
:104A6000E3FA01283ED1249803283BD18DB3012DD0
:104A70000CD0052D0AD00A2D08D00D2D06D0B3A1DB
:104A800028983430F3F722FC18BB01E0B0A1F7E717
:104A9000D9F8086013E02846316AFFF7CBFE0128F9
:104AA00020D1D9F8087007E0386A20B1316A11B115
:104AB000F3F70CFC68B13F68B742F5D13668002EB9
:104AC000E9D10127012D10D00D2D0ED04E460CAA94
:104AD00000E007E00DF120089EA1484600F0A4FA8E
:104AE00001281ED0214628989DE19AA14846FAF750
:104AF00078F80028F6D198A14846FAF772F800280D
:104B0000F0D184F80D800D2DECD1F5F7B1FE04F154
:104B10008C01FEF7D7FC84F863000128E2D009205D
:104B200089E142468DA1304600F07EFA0128D9D1B4
:104B30000C990029D6D008980028D3D0B846C4E9EB
:104B40001210AF1E072F70D2DFE807F0043C526F3F
:104B5000706FD4001DAA82A1484600F055FA0128C2
:104B60007ED11CAA81A1484600F05EFA0128F7D147
:104B70001BAA83A1484600F057FA0128F0D10898F3
:104B80000128EDD1DDE91B32BDF87410284600F094
:104B900025FA1B9906467C4AA1F57A70904201D30A
:104BA00005200DE0BBF80000BDF87420904204D150
:104BB000DBF80C001C9A904201D00A2000E0002093
:104BC000216509E11BAA6EA1484600F02DFA0128D3
:104BD00046D100231A4628461B9900F0FFF91B997D
:104BE000694A0646A1F57A70521E9042E7D9D7E786
:104BF00009AA66A1484600F007FA012830D100232F
:104C00001A46BDF82410284600F0E8F9BDF8241033
:104C10000646C82905D81420B1FBF0F200FB12109B
:104C200000B10520A4F85C10D6E0CDE059A14846BB
:104C3000F9F7D7FF064607AA59A1484600F0E4F95C
:104C400001280DD106AA5AA1484600F0EDF9012825
:104C500006D12EB13046FAF70DF808B1306900E000
:104C600037E0B0B3BDF81C10F42932D104F1D801FB
:104C7000F422894600F0E2FA01282AD1F4214846BC
:104C800000F04EFA0346BDF81C102846069A00F0C4
:104C9000A5F90646F421484600F042FA06998842F2
:104CA00001D007201FE0F4214846219A00F058FA6D
:104CB000012801D0012016E0219800F027FB0128EF
:104CC00005D15946219800F094FB012802D0052017
:104CD00009E02AE05946219800F000FB012801D0A4
:104CE0000A2000E00020BDF81C10A4F85E10069910
:104CF000616571E0484632A101AA00F095F90128EA
:104D000073D10198FF2870D8C1B200238A461A4691
:104D1000284600F063F90646BAF1640F01D8002076
:104D200000E0052084F860A056E05EE0000000008E
:104D3000A07B002063616C00445400006F70000091
:104D400040EA010800000000760000005700000063
:104D5000520000007369640073657100736571002F
:104D600070726F66696C65496400000070726F66EE
:104D7000696C6546696E6765727072696E74000071
:104D80006C656173654D7300D92309006C657665A8
:104D90006C0000007061796C6F6164486578000098
:104DA0007061796C6F61644C656E677468000000B7
:104DB0007061796C6F61644372633332000000008C
:104DC00070657263656E740000231A4619462846A2
:104DD00000F004F9064600207F490C9B089A91F8E0
:104DE00000C0BCF1010F31D102E084F80D8079E6FA
:104DF000D1F804C09C4529D18B68934219D1087C15
:104E0000A84214D1CA68B24211D191F8240038B135
:104E1000F5F72EFD0DA901F003FA9DF8340060B1FD
:104E20006D492898143100F03BF90120B0E50120CC
:104E300001E00BD90220607354E60420607338222D
:104E40000DA904F11000F3F7E0F9C0E030BB0B2F1F
:104E500073D2DFE807F0061624314858667384A63B
:104E6000B000F5F705FD0146BDF8740004F110032C
:104E70001C9A8DE80D00089B1B9A0C9800F078FB9B
:104E8000A4E0F5F7F5FC014604F110000090089B42
:104E90001B9A0C9800F080FEE169216596E0F5F719
:104EA000E7FC04F1100100910146BDF82430089A96
:104EB0000C9801F0E9F889E0F5F7DAFC014604F115
:104EC0001000009004F16403089A0C9800F034FF7D
:104ED00038B1062805D0092803D0002184F86110D4
:104EE00074E00121FAE7F5F7C3FC0146BDF81C00A8
:104EF00004F11003069A8DE80D00C833089A0C9847
:104F000001F03EF962E0F5F7B3FC014604F110034D
:104F1000089A0C9800F0F4FAA18FA4F85E10A16A28
:104F20001BE0F5F7A5FC014604F110000090534684
:104F3000089A0C9801F04AF848E046E0F5F798FC2A
:104F4000014604F11003089A0C9800F073FC216BE1
:104F5000A165E18FA4F85E10E16A616536E0F5F7BE
:104F600087FC014601AF04F110050AAB06AA0BA8A5
:104F700087E82D00F420009004F1D803089A0C98DB
:104F800000F016FFBDF82C10A4F85E1006996165BC
:104F90000A99A16518B1002184F8621016E0012178
:104FA000FAE7F5F765FC014604F11003089A0C983E
:104FB00000F062FA0AE0F5F75BFC014604F1100329
:104FC000089A0C9800F05CFF00E001206073214615
:104FD0003046FFF705FC85E5C079002070B50C462A
:104FE00001461D4616460748FFF712FC2146FFF70B
:104FF0000FFC3146FFF70CFC2946BDE87040FFF777
:1050000007BC0000C59D1C8138B514466A4600F0F7
:105010000BF8012803D10098B0F5803F01D30020A0
:1050200038BD2080012038BD2DE9F041164660B31F
:1050300059B356B3F9F7D5FD040026D0F9F708FEA9
:1050400018B32046F9F7BCFD05460C4602460B4650
:10505000F3F778FD19D10022134628462146F3F7CD
:1050600071FD12D30C4A0D4B28462146F3F782FD01
:105070000BD328462146F3F74CFD0746F3F71DFDF9
:105080002A462346F3F75EFD02D00020BDE8F081FA
:1050900001203760FAE700000000E0FFFFFFEF416A
:1050A0002DE9F0410E464A7B012105F071F805001B
:1050B0004FF0FF3710D016A004F0F5FF040018D011
:1050C000024616A12846F9F7A7FC31462046FFF70D
:1050D0005FF801280DD102E03846BDE8F081314685
:1050E0002046FFF785F9012803D105F029F80128AA
:1050F00003D02846F9F72CFDEEE70021284608F0FA
:105100009FFF04462846F9F723FD2046E5E7000007
:1051100063616C2E76332E4454000000445400002A
:1051200070B54FF0FF3210B100230C4D11E091B17A
:10513000002070BDC45C62400024D60702D085EA1E
:10514000520200E05208641CE4B2082CF5D35B1C48
:105150009BB28B42EED3D04370BD00002083B8EDEC
:105160002DE9F05F1546040014D09DB1F42911D14A
:10517000207843280ED1607841280BD1A0784C28A4
:1051800008D1E078502805D1A088022802D1E08813
:10519000F42802D00020BDE8F09F4FF48C71104637
:1051A000F3F75AF8208928806089688004F10C00A0
:1051B000FEF706FE6860207C2872607C6872608A58
:1051C000688100264FF0140A4FF0400B0AEB86006E
:1051D000204405EB860102888A814088C8810BEB58
:1051E0008600204406EB460902880A8740884887E3
:1051F0006C2101EB490020448046FEF7E1FD05EB00
:10520000C607AE2147F8640FB8F80400B88001EB78
:10521000490020448046FEF7D3FDB865761CB8F8F7
:105220000400F6B2A7F85C000B2ECFD304F1F00017
:10523000FEF7C6FDC5F814010120ACE77CB50E46AB
:10524000050018D0BEB1F42A15D3F3F738F8B0F53D
:10525000F47F10D15FF00004694615F81400FEF7E2
:10526000B4FD012807D105EB440001A94078FEF701
:10527000ACFD012801D000207CBD9DF804009DF804
:10528000001040EA01103055641CA4B2F42CE3D3A2
:1052900001207CBD70B528B122B1F42902D1B3F54B
:1052A000F47F01D8002070BD0B4C002302EB4306B5
:1052B000C55C04EB15152D7802F81350C55C5B1C1A
:1052C00005F00F059BB2655D75708B42EED3002033
:1052D00082F8E801012070BD0CE6010830B50C46EB
:1052E000054600F013F801280CD15CB1288821880C
:1052F000884207D168882189884203D16868E168BB
:10530000884201D0002030BD012030BD30B5E8B367
:10531000017A0B2965D1417A142962D141891F296B
:105320005FD1D0F8141189B300214FF47A7400BF13
:1053300000EB81029389A34253D841B31589AB4254
:105340004FD9558FD3899D424BD1F1B15589AB428D
:1053500047D9138F928E934243D900EBC102D56D8A
:10536000536EAB423DD9B2F86830B2F86050AB42F0
:1053700037D3D2F8B450D2F8BC30AB4231DDB2F8FA
:10538000C030B2F8B82093422BD301E029E02AE0E4
:10539000491CC9B20B29CBD3C18EC289914220D9F5
:1053A000B0F86010028F91421BD9B0F86210428FA2
:1053B000914216D9426ED0F8B410914211D9B0F88A
:1053C000B810B0F8682091420BD9D0F8BC20D0F8C2
:1053D0000C11914205DDB0F81011B0F8C000814207
:1053E00005D8002030BD8389002BFAD1A9E7012020
:1053F00030BD30B50C460546FFF788FF01280AD1BD
:105400004CB1218B002205EB8200C3898B4202D86C
:10541000408F884201D9002030BD521CD2B20B2AE5
:10542000F1D3012030BD10B5029C40B1012B06D054
:10543000012A06D049B1012907D0022903D0002052
:1054400010BD0229FBD1012CF9D14FF47A718842A9
:10545000F6D9084610BD70B5054602F035FB044686
:1054600002F06AFB012802D1E08CA84201D8012099
:1054700070BD002070BD00002DE9FC47DFF878808A
:105480000D461C49C8F8241091461F4600938246D9
:105490000E2401AB0A22494600F052FB012808D035
:1054A00023464A462946504600F02AFD040004D00F
:1054B00018E09DF80400BDE8FC8700F077FD0F4E72
:1054C000002586F83650D8F8101019B1002088470A
:1054D000012803D086F83450082403E086F83550BC
:1054E00000F096F923460A2249465046009700F0FC
:1054F000FBFAE0E7C59D1C81B40000208C08002069
:105500002DE9FC410C46184980461648486216466B
:105510001D46009301AB06223146404600F010FBC9
:10552000012808D0042332462146404600F0E8FC1A
:10553000040004D00EE09DF80400BDE8FC810B4F90
:1055400097F83600012801D0022403E000F02EFD78
:10555000032038702346062231464046009500F06D
:10556000C3FAEAE7C59D1C81B40000208C08002026
:105570002DE9FF4F83B09A4616460746DDF840B046
:10558000129C02F0A1FA4D4D80464B4831466862AC
:1055900000F0E6FD5946686200F0E2FD686211998C
:1055A00000F0DEFD686201AB0122514638460094EE
:1055B00000F0C6FA012806D017B1BAF1010F07D0E2
:1055C0000123009409E09DF8040007B0BDE8F08FC6
:1055D000A86A874204D1042300940122514666E060
:1055E0003749A6F57A70884202D305230094F4E780
:1055F000DFF8D09099F8000010B103230094ECE795
:10560000404602F099FA012808D1B8F8001059452F
:1056100004D1D8F80C101198814202D00A230094CA
:10562000DBE799F83400C846012806D1286920B183
:1056300098F8330001280ED102E008230094CCE74B
:10564000686840B1A86830B1E86820B100F026FA77
:1056500030F0020002D009230094BEE700F0A6FC5F
:10566000296901208847024600200121012A06D02D
:1056700088F8340088F835100823009416E088F87C
:105680000010C8F80470C8F80C60049A0023324473
:10569000C8F80820C8F8141088F83600A8F82C00BC
:1056A000C8F8180088F83510A8620094012238461E
:1056B00000F01AFA89E70000C59D1C81B4000020A3
:1056C000D92309008C080020014B83E807007047AC
:1056D000B800002000B90348034A106101B903492A
:1056E00051617047AF3D0108B40000206D3D0108D5
:1056F00070B5A0B00C0006464FF03F0539D0282108
:105700002046F2F7A9FD6946304600F023FF3F4EE0
:10571000308D20801998206200F0C0F9E084BDF837
:10572000620060B1BDF8580096F83210884206D188
:10573000BDF85C006080A08C40F00100A084BDF842
:105740004C00E8B1BDF84A00A080BDF846103522F3
:1057500051436422B1FBF2F1A183A18C40F20242D9
:105760001143A18404F1140100F048F9012803D089
:1057700006E0012020B070BDA08C40F04000A08465
:10578000BDF8360048B30398A0600299E16005991E
:105790002161A18C41F01C01A18404F1160100F0EB
:1057A0001BF9012803D1A08C40F08000A08404F1F3
:1057B0001801E06800F0B2F8012803D1A08C40F491
:1057C0008070A08404F11A01206900F0D6F8012845
:1057D00003D1A08C40F40070A0849DF87A0018B129
:1057E000A08C40F02000A08460887085E08C30861A
:1057F000A08C854301D00620BCE7E08C618809B904
:1058000020F002000028B5D00920B3E78C08002062
:1058100007480021017041608160C16041610185DC
:1058200080F83210418580F836108185816170479B
:105830008C0800202DE9FE4F2D4F82464FF00008C6
:105840002A48CDF80480786291461E460C460093A3
:1058500002AB08224946504600F072F9012808D0F0
:1058600008234A462146504600F04AFB050004D072
:1058700031E09DF80800BDE8FE8F1E4C94F836001C
:1058800001280DD1786958B100F090FB7F6901AB18
:10589000F42104F13800A269B847012823D101E0BE
:1058A000022518E0019FF7B11249F422383101F1C5
:1058B000F400F2F7AAFC012084F83700F420E08518
:1058C000A069C4E9070784F83680A4F82C80042076
:1058D000C4F8188020702B4608224946504600968E
:1058E00000F002F9C7E70825F5E70000C59D1C8117
:1058F000B40000208C08002010B5044600F0CEF85B
:10590000054908862CB138222046F2F77EFC01209A
:1059100010BD002010BD00008C0800202DE9F04FC4
:1059200093B08946834600F029FB20B3B9F1000FFC
:1059300021D006460DF104080CAF00244FF06C0A8C
:1059400004EB44010AEB410035182846FEF733FA10
:1059500048F82400A88827F81400641C0B2CEFD307
:105960005B460B220CA901A8CDF80090FEF766F962
:1059700013B0BDE8F08F0020FAE72DE9F04F93B0A7
:105980008946834600F0FAFA20B3B9F1000F21D01E
:1059900006460DF104080CAF00244FF0AE0A04EBEC
:1059A00044010AEB410035182846FEF702FA48F890
:1059B0002400A88827F81400641C0B2CEFD35B4646
:1059C0000B220CA901A8CDF80090FEF7ABF813B09C
:1059D000BDE8F08F0020FAE770B50C46054600F0F0
:1059E000CDFA002809D0F030FEF7E5F9014622464D
:1059F0002846BDE87040FEF763B870BDF0B58DB0C5
:105A00000D46064600F0BAFAC8B1C5B1002201AB96
:105A100007A9402707EB82040444B4F800C023F828
:105A200012C0648821F81240521C0B2AF2D333466C
:105A30000B2201A80095FEF7BDF80DB0F0BD0020C7
:105A4000FBE700002DE9F0478146002400F0AEFAA4
:105A5000104D114E002785F8367031694FF001085E
:105A600021B1002088470446012804D085F83580FC
:105A700085F8347001E085F83570C6F828903770E5
:105A8000FFF7C6FE012C03D008206870BDE8F08740
:105A90000420FAE78C080020B40000200D49002003
:105AA000097801B101200C49097809B140F00200E0
:105AB0000A49097809B140F004000949097809B197
:105AC00040F0080007490978002901D040F0100093
:105AD00070470000C6020020C7020020C802002054
:105AE000C90200207A02002070B50D4C1D46049BAF
:105AF000657021616668864203D166698E4200D274
:105B00006161084C01262670C4E906016270A57027
:105B1000606A20621846FFF7EFFE284670BD00005D
:105B20008C080020B400002010B500F03FFA034CB0
:105B300009206070FFF7B2FF208610BD8C0800209E
:105B400070B5134C0E46049D2178012909D143B14B
:105B5000A169814205D1E069B04202D160789042EA
:105B600001D0002070BDD4E90801884201D1A0789D
:105B700000E0012018702846FFF7BEFE35B1D4E9D9
:105B80000801884202D0012068702E61012070BD9A
:105B9000B4000020FFF7B0BE2DE9FC470E46814659
:105BA000984614461E27114616480A9D00F0D8FA5A
:105BB000154901AB02224862414648460095FFF76D
:105BC000BFFF012807D01149A4F57A70884206D397
:105BD0000523009510E09DF80400BDE8FC873B46D6
:105BE00042463146484600F08BF9030003D108488D
:105BF0003119C0E902140095022241464846FFF7D8
:105C000073FFEAE7C59D1C81B4000020D923090079
:105C10008C08002010B538210848F2F71DFB074911
:105C20000020074A0870487006490A614860064A21
:105C300088604A61C8600870886210BD8C080020C6
:105C4000AF3D0108B40000206D3D0108014890F807
:105C5000350070478C080020074890F8351001295E
:105C600006D1416821B10078012803D0032801D072
:105C700000207047012070478C08002004490A78F2
:105C800022B18968401A01D4012070470020704772
:105C90008C0800202DE9F0411D461646074600F00D
:105CA000D3FA0D4C80B97DB1F422394604F59670D3
:105CB000F2F7ABFA012084F83700F420E085C4E95C
:105CC00007650120BDE8F081002084F83700E085F9
:105CD000E0612062F6E700008C080020F0B58DB08E
:105CE0000D46064600F04AF900B3FDB1002201ABB3
:105CF00007A9142707EB82040444B4F800C021F874
:105D000012C0648823F81240521C0B2AF2D3334687
:105D10000B2201A80095FDF74DFF012807D005488B
:105D200050F8241F4A1C01D0491C016000200DB00E
:105D3000F0BD00008C0800202DE9FC4788461B4977
:105D4000814619480A9D486217461E460A2401AB3F
:105D50000422394648460095FFF7F2FE012808D094
:105D600023463A464146484600F0CAF8040008D0A7
:105D700012E031464046FFF7BBFC9DF80400BDE849
:105D8000FC8731464046FFF7B3FC0446062801D0A5
:105D9000092C01D100F00AF923460422394648466D
:105DA0000095FFF7A1FEEAE7C59D1C81B400002025
:105DB0002DE9FF4F83B02F4ADDE91008DDE91365B7
:105DC0000C462B49129F5FEA030B516206D05FEA33
:105DD000080103D017B10EB1F42802D201230095B7
:105DE0003FE0009501AB092205990398FFF7A8FE53
:105DF000DFF884904FF0F40A012808D010232146E0
:105E0000059A039800F07CF8040015D027E09DF86F
:105E1000040060B9F42219495846F2F7F6F9A8F8D7
:105E200000A0D9F81C103960D9F8200030609DF826
:105E3000040007B0BDE8F08F99F83700012801D0C1
:105E400002240CE0F4220D495846F2F7DEF9A8F8D6
:105E500000A0D9F81C103960D9F820003060234622
:105E60000095092205990398FFF73EFEE1E700003F
:105E7000C59D1C81B40000208C080020B8090020BA
:105E80002DE9FC471C4E81461A48706290461D461B
:105E90000C46009301AB0B2241464846FFF750FEEB
:105EA000012808D0102342462146484600F028F831
:105EB000040004D015E09DF80400BDE8FC8700F064
:105EC00075F831690D4F002619B100208847012867
:105ED00003D087F83460082403E087F83560FFF7C3
:105EE00097FC23460B22414648460095FFF7FCFDF0
:105EF000E3E70000C59D1C81B40000208C08002051
:105F00002DE9F0411E46174605001DD0E7B1124CA1
:105F1000207818B16068A84207D108E00F48806A6D
:105F2000854202D10420BDE8F0810220FBE708464B
:105F3000FFF7A4FE012809D02178012088403042D3
:105F4000F3D06069B84205D30120ECE72846FFF79B
:105F500079FDE7E70020E6E78C080020B400002088
:105F6000054A012802F8341F507001D0012901D0E0
:105F700000F01CB8704700008C0800200948017828
:105F8000032903D190F83610012905D090F8370085
:105F9000012804D00020704702483830704702487A
:105FA000704700008C080020B8090020054810B593
:105FB000406800B1804704490020088581F832001C
:105FC000488510BDB40000208C0800202DE9FE4F4C
:105FD000814600208A46ADF804001C4693460C9F7B
:105FE0001946264800F0BCF8DFF8948002AB07227F
:105FF000C8F82400594648460097FFF7A1FD01283C
:106000000AD0204E642C0BD97168494501D1FFF7A5
:10601000CDFF052300972AE09DF80800BDE8FE8F1C
:1060200008235A4651464846FFF76AFF05001CD12F
:1060300044B15046FDF734FB012803D0FFF7B6FF0B
:10604000062512E0D8F80C2022B101A9204690477D
:10605000012803D0FFF7AAFF092506E086F83240A1
:1060600060003085BDF8040070852B46009707223C
:1060700059464846FFF738FDD0E70000C59D1C8112
:10608000B40000208C0800202DE9FE4F804600203F
:106090008946ADF804001D4692460C9C19462848D6
:1060A00000F05EF8274F02AB03227862514640466B
:1060B0000094FFF745FD01280DD02846FDF706FEA8
:1060C000214E01280BD07168414501D1FFF76EFFC9
:1060D000052300942DE09DF80800BDE8FE8F022303
:1060E000524649464046FFF70BFF030001D000949B
:1060F0001FE04DB14846FDF7D3FA012804D0FFF761
:1061000055FF0623009414E0BA6822B101A928467D
:106110009047012804D0FFF749FF0923009408E0C5
:106120006808358586F83200BDF8040070850023C4
:106130000094032251464046FFF7D6FCCDE700000D
:10614000C59D1C81B40000208C0800200349012853
:1061500081F8330001D0FFF729BF70478C08002079
:106160000022D30021FA03F3DBB25840034B521C48
:106170005843D2B2042AF4D37047000093010001BF
:106180002DE9FC5F8946DDE90D56DDF830A0834638
:106190001F46904651461F48FFF7E2FF1E4C294616
:1061A0006062FFF7DDFF606201AB052241465846A1
:1061B0000096FFF7C5FC012808D002234246494655
:1061C0005846FFF79DFE040004D01BE09DF8040034
:1061D000BDE8FC9F2A465146384600F035F8044693
:1061E000FFF7E4FE74B9F42239460C48F2F70DF8D3
:1061F0000A480121383880F83610F42181850221BF
:106200008561017023460522414658460096FFF7F6
:106210006BFCDDE7C59D1C81B4000020C408002094
:1062200070B50D460024FFF729FD012804D105486B
:106230004068FFF707FC01242846FFF75DFB204676
:1062400070BD00008C0800202DE9F04F97B0154676
:106250000F46044601F038FC064600200C900B90D7
:106260000A9009900790069004B3F42F1ED1394686
:106270002046FEF755FFA84203D0072017B0BDE81F
:10628000F08F042251A12046F2F72EF870B9A088B1
:1062900002280BD1E088F42808D1207C0B2805D1F6
:1062A000607C142802D1608A1F2801D00120E5E714
:1062B000304601F041FC01280ED120893188884206
:1062C0000AD160893189884206D104F10C00FDF7BA
:1062D00072FDF168884201D00A20CFE70025142022
:1062E00000EB850305EB4501402000EB85006C22A7
:1062F000AE2702EB410207EB410904EB03082044FF
:10630000B8F8007001880591B0F802B004EB020AF9
:106310005046FDF750FDA14403904846FDF749FD66
:106320000DF1340CBAF80430B9F80420B8F80210B2
:106330002CF81510B7F57A7F45D8E5B338F8048CFA
:10634000B84540D2378BE046B9423CD85F453AD396
:10635000039FB7F1807F36D210F5000F33DBB0F525
:10636000000F30DACDB108EB450737F8027CB942AF
:1063700029D90C9F0599B94225D90B9FBB4522D33A
:106380000A9F0399B9421ED9099988421BDD0799D2
:106390008B4218D306998A4215D305996D1CCDE915
:1063A0000BB103990B2DCDE90901CDE9062396D355
:1063B00004F1F00000E004E0FDF7FDFC18B100205E
:1063C0005CE7002FBED0052058E7000043414C5049
:1063D00000000000884201D3401A7047081A704735
:1063E0000AB1401A70474FF0FF3070470B4810B5A4
:1063F000002141608160C160018041803C210848EA
:10640000F1F72AFF064814213C30F1F725FF044834
:106410001421BDE810405030F1F71EBFA400002049
:1064200028080020014A108051807047A4000020F5
:10643000F0B50B4DDDE90567AC68641CAC60094C38
:10644000D4F800C00CF1010CC4F800C060602181D8
:106450006281A381E6812782A868401CA860F0BD04
:10646000A4000020640800202DE9F04F0DAC164D6B
:1064700094E8404209AC94E8001D6C68641C6C60B0
:10648000124C27687F1C27606060A160E260236176
:10649000C4F81480C4F818A0A4F81CB084F81EC076
:1064A00000207EB1315C2218D177401CC0B2172881
:1064B000F7D3A4F83690C4F838E06868401C6860E8
:1064C000BDE8F08F0021EEE7A4000020280800209E
:1064D000F0B50B4D059EEC68641CEC60094C276818
:1064E0007F1C276060602888208168886081A18186
:1064F000E28123746682E868401CE860F0BD000019
:10650000A40000207808002030B5002817D00F4BD9
:106510000F4900229C68E50712D10D6805604D689F
:1065200045600D8905814D8945818D898581CD899C
:10653000C5810D8A05829D68AC4201D1012030BD24
:10654000521CD2B2032AE5D3002030BDA4000020A3
:10655000640800202DE9F0410C0006464FF00105CB
:106560002CD07C212046F1F777FEA81E6066A0663D
:10657000E06620676067204600F062F8012820D0BE
:106580005FF0000504F13C00FFF7BEFF01281FD0BB
:106590005FF0000504F1500000F08AF801281ED0D9
:1065A0000025E28E30466168FFF71AFF6066411CE5
:1065B0001CD0B0F5FA7F19D8012018E00020BDE802
:1065C000F081B4F8780040F00100A4F87800D9E731
:1065D000B4F8780040F00200A4F87800DAE7B4F8E4
:1065E000780040F00400A4F87800DAE7002084F88E
:1065F0007A00B4F84C203046216CFFF7F1FEA0661B
:10660000B4F862203046616DFFF7EAFEE066E08E86
:106610006768666D216C80B1B4F84C0028B13846CB
:10662000FFF7D8FE2067E08E38B1B4F8620020B1E1
:1066300031463846FFF7CEFE60672846BFE70000C8
:10664000F0B5002828D0184C184900236568EA07DF
:1066500023D10A6802604A6842608A688260CA6818
:10666000C2600A6902614A6942618A6982618A8BF1
:1066700082838A7F827700228E18F67F8718521CC9
:10668000D2B2FE77172AF7D3CA8EC2868A6B82638C
:106690006268954201D10120F0BD5B1CDBB2032B87
:1066A000D4D30020F0BD0000A40000202808002062
:1066B00030B5002819D0104B10490022DC68E507DE
:1066C00014D10D6805604D6845600D8905814D89BF
:1066D00045818D898581CD89C5810D7C05744D8A63
:1066E0004582DD68AC4201D1012030BD521CD2B2DE
:1066F000032AE3D3002030BDA40000207808002046
:1067000010B504001AD004220EA1F1F7EDFDA8B9CE
:10671000201D00F0A6FD022810D1A01D00F0A1FD53
:10672000F4280BD1207C0B2808D1607C142805D1DB
:1067300004F1120000F095FD1F2801D0002010BDCB
:10674000012010BD43414C500000000030B5C7B0DF
:10675000054601F0B9F904462846FFF7D1FF0128A4
:1067600017D16A46F4212846FEF7FAFC012810D119
:106770006846FEF7CBFD01280BD121466846FEF79F
:10678000ADFD012805D121466846FEF732FE0128FD
:1067900000D0002047B030BD30B5A3B04FF4CC716D
:1067A0001B48F1F759FD1A4D6420002385F8A0001D
:1067B000842201A9184600F059FB05F118040128AC
:1067C00019D0802001462861FF222046F1F73DFDC7
:1067D000F8F7C2FF00F0F8FD00900E4B0E4A20467D
:1067E000296900F049FD012803D001210A20F9F7A9
:1067F0008FFE23B030BD802201A92046F1F705FDB0
:1068000021A800F032FD2861F8F7A6FFF1E70000AB
:10681000E00000202DE30108BDA20108AFF30080D5
:1068200000B5A1B080220A496846F1F7EEFC08489D
:106830001838016920A800F041FE0023842269462F
:10684000184600F06FFB012800D0002021B000BDE9
:10685000F80000202DE9FF4F8BB017460C46054687
:106860004FF001084FF00009DDF860A01A9E00F01B
:106870003DFC01287ED1204600F064FD012879D13D
:106880000E98002876D02989514573D1199800288F
:1068900070D0002E6ED0E9881B9881426AD827B14B
:1068A00051460E98B847012864D105A8CDE900608B
:1068B00000233A462146284600F03AFE08A8CDE9D2
:1068C000006001233A462146284600F031FE02AA24
:1068D00008A905A801F044F8012809D10398401C33
:1068E0005FEA000801D14FF001089DF8090078B176
:1068F000E868698982461B9801EB0A0B00903346D1
:10690000414628460E9A00F053FE012856D103E076
:106910004FF001092869ECE7E8886268001F1FFA58
:1069200080F85046E1689047012847D1D4E902C376
:10693000424631465846E04701283FD1D4F800C0CE
:10694000424631465846E368E047012836D10020E8
:106950000346009042463146284600F083FE012857
:106960002CD106F1140082461FB12989B8470128AD
:1069700024D100E022E01649304600F09FFDD4E922
:1069800002C30BEB080004223146E047012815D171
:10699000E3682468EA8831465846A04701280DD1AB
:1069A000EA8831462846199B00F056FE012805D199
:1069B00047B129895046B847012803D000200FB0BD
:1069C000BDE8F08F1999012081F80190F7E70000E8
:1069D000ED7EA1C02DE9F04F8BB09A46DDE915653B
:1069E00090460F460446DDF85CB0DDF8509000F0AC
:1069F0007DFB01280FD1384600F0A4FC01280AD104
:106A0000BAF1000F07D02189494504D81EB115B14C
:106A1000E188594503D900200BB0BDE8F08F05A8E7
:106A2000CDE90050002342463946204600F080FD63
:106A300008A8CDE90050012342463946204600F01F
:106A400077FD02AA08A905A800F08AFF4FF0000907
:106A5000012821D19DF8090050B120696189FB68A6
:106A600008443F68E2882946B847012814D101E06C
:106A7000E068F3E7E28833462946204600F0ECFD63
:106A8000012809D11435B8F1000F0CD0218928460E
:106A900042469047012806D0C6F80090C6F80490F8
:106AA000C6F80890B7E79DF809007070228929465A
:106AB0005046F1F7AAFB0120AEE7F0B587B00DF123
:106AC000300E9EE8F010ADF810300594ADF8185077
:106AD00001238DE8C81004AB00F002F807B0F0BD48
:106AE0002DE9F04F93B00446DDE91C8B0020119096
:106AF000994616460D46DDF878A0204600F0F6FAD5
:106B000001287DD1284600F01DFC0128F9D1B9F1FA
:106B1000000F75D0B8F1000FFBD0BBF1000FF8D01B
:106B2000BAF1000FF5D0E1881F98814268D80020A3
:106B300015E000BF00EB400209EB82014B68002B1F
:106B4000E7D009890029E4D039F8222023899A4224
:106B5000ECD89A1A92B28A4252D3401CC0B2404535
:106B6000E8D30BA9CDE900A10023324629462046EF
:106B700000F0DEFC0EA9CDE900A101233246294632
:106B8000204600F0D5FC08AA0EA90BA800F0E8FEEC
:106B90000128B6D19DF8210050B1206961892F6884
:106BA0000844E2885146EB68B847012828D101E043
:106BB000E068F3E7E2885B465146204600F04CFD72
:106BC00001281DD10AF1140002901EB12189B0479D
:106BD000012815D10298002703901EE007EB47001B
:106BE00009EB80010091049039F8203003980A895C
:106BF00049681844F1F778FB68B10098028900E011
:106C000083E04168049839F8203003981844F1F77C
:106C1000FCFA012011907F1CFFB24745DED311988A
:106C2000012804D09DF821108BF8011073E026B1E3
:106C300021890398B047012867D10999491C00D1DF
:106C400001219DF8210078B1E7684FF000086089C4
:106C50005346384401901F9800902046039A00F054
:106C6000A7FC012851D103E04FF001082769EEE7A6
:106C7000E0886A68001F1FFA80F93846E968904783
:106C8000012842D1D5E902734A4651460198B847D6
:106C900001283AD12F684A465146EB680198B84717
:106CA000012832D10020034600904A465146204632
:106CB00000F0D8FC012828D126B121890298B047DC
:106CC000012822D11549504600F0F8FB0198AF6821
:106CD000EB68484404225146B847012815D1EB68B7
:106CE0002D68E28851460198A84701280DD1E28815
:106CF0005B465146204600F0AFFC012805D146B165
:106D000021890298B047012803D0002013B0BDE8C4
:106D1000F08F8BF801800120F8E70000ED7EA1C024
:106D20003EB514460D4638B101466B46F42207487D
:106D300000F030F8012801D000203EBD0DB10198CF
:106D400028600CB10298206001203EBDC0E6010819
:106D50003EB514460D4638B101466B46F42207484D
:106D600000F0D4FA012801D000203EBD0DB10198F9
:106D700028600CB10298206001203EBDC0E60108E9
:106D800010B5F42903D1FFF7E1FC012800D0002061
:106D900010BD00002DE9FF411D4614460E46074672
:106DA00000F06AFB024640F25C400649CDE9021061
:106DB000334605493846CDE90045FFF74BFD04B0A1
:106DC000BDE8F081AC0A0020D8E601082DE9F041C9
:106DD00004003AD0B1F5886F37D100F075F801287A
:106DE00033D194F8D70080BB5FF0000303EB0310AE
:106DF00000EB8310011991F8B40101F5DA71012853
:106E000023D84A78012A20D80A7CF2B90A7EE2B94E
:106E1000012806D18878C0B1082816D888790228B8
:106E200013D800205FF01907C0EBC00207EB820502
:106E30004A199678062E08D8D27832B905EB820620
:106E4000361DB6B20E44F67816B10020BDE8F081CA
:106E5000521CD2B2062AF1D3401CC0B20228E3D39E
:106E60005B1CDBB2082BC1D30120EFE7FEB51D464A
:106E700016460F00044615D0A6B14FF4886294421E
:106E800010D8C4F5886080B2B0420BD36B460C4971
:106E90000C4800F03BFA012804D1094800F014F82E
:106EA000012801D00020FEBD0548324601193846B0
:106EB000F1F7ABF90DB1019828600120FEBD00008B
:106EC000AC0A002090E6010858B190F83C1441B992
:106ED00090F83D1429B990F83E1411B990F83F0488
:106EE00008B10020704701207047C9B1B0F5886F24
:106EF00016D8C0F5886292B28A4211D3014489B291
:106F000084290BD94FF4DA72842801D3914205D930
:106F1000904205D340F23C40814201D801207047A5
:106F200000207047F0B50E4689B01C46154607464E
:106F30001146FFF7DAFF01281ED100F045FA0128BB
:106F40001AD000230422104940F23C40FFF78EFF84
:106F5000012811D10C4905AACDE9022140F25C407B
:106F60000B49CDE9006504903B46084AA1F1480071
:106F7000FFF7A3FD012802D0002009B0F0BD0CB13D
:106F8000069820600120F8E7AC0A0020CD6D0108CA
:106F9000D8E60108F0B587B017460E46050030D098
:106FA0007EB300F011FA01282BD000240DE000BFC1
:106FB00004EB440005EB800135F820000989FFF758
:106FC00094FF01281DD1641CE4B2B442F0D3002325
:106FD0000422104940F23C40FFF748FF012810D13D
:106FE00040F25C400B4904AA00960390CDE90121D0
:106FF0000A492B46084AA1F14800FFF771FD012814
:1070000002D0002007B0F0BD0FB105983860012014
:10701000F8E70000AC0A0020CD6D0108D8E60108B1
:107020003EB54FF48B646946002000F051FA012808
:1070300032D11A48F8F7DAFD01282DD1174D224632
:107040002D1D17492846F8F7ECFD012824D12246CA
:1070500013492846F8F719FE6B4622461049114895
:1070600000F09FFA012817D10D484FF488611430C1
:10707000FFF7ACFE01280FD10B49094800F01EFABA
:10708000042207490948F8F7CCFD012804D16946D4
:1070900000F01EFA012800D000203EBD0058000874
:1070A000AC0A002090E60108ED7EA1C05C5C0008FF
:1070B00070B54FF0FF3210B100240B4D10E089B1D4
:1070C000002070BD035D5A400023D60702D085EA38
:1070D000520200E052085B1CDBB2082BF5D3641CA3
:1070E0008C42EFD3D04370BD2083B8EDE8B1818AE4
:1070F000D9B10389CBB1C2881C339BB29A4214D157
:1071000040F25C439A4210D843898B420DD8CB1A87
:107110009BB2934209D3C2680069531801449A4252
:1071200003D8884201D8824201D100207047012053
:10713000704700002DE9FF412E48002100F11402A4
:10714000C0F850144FF48B673D1D034614460121CF
:107150002948009500F02CFA012845D1274E00233C
:107160003A462449304600F051F801283CD100232A
:107170003A462049304600F04BF8012834D101ABA3
:107180003A461C491C4800F00CFA01282CD14FF457
:10719000886739462046FFF719FE012824D118498F
:1071A000144800F08BF9002304221249154800F01E
:1071B0002DF8012818D100232A460E49304600F048
:1071C00027F8012810D101AB2A460A490A4800F0E5
:1071D00043FA012808D139462046FFF7F7FD012878
:1071E00002D100F0F1F818B1002004B0BDE8F08140
:1071F0000120FAE7AC0A002090E6010804500008DC
:10720000ED7EA1C05C540008F8F7F0BCF8F709BDAA
:1072100010B5F8F73AFD012010BD000070B50B4D18
:10722000002400BF55F82400F8F7E0FC012805D140
:1072300055F8240000F004F9012801D0002070BDA9
:10724000641CE4B2062CEDD3012070BDE8E6010811
:10725000884204D0401A002801DD01207047002038
:107260007047002800D000887047002803D0C178FC
:10727000006861F31F6070472DE9FE43214CDDF883
:1072800028801D4616468946070034D09EB395B324
:107290006B464FF48862A4F114011B4800F036F8E5
:1072A000012805D1A4F11400FFF70EFE012823D018
:1072B000B8F1010F1FD000F087F801281BD0FFF7AD
:1072C000ADFF012817D1802239462046F0F79DFFF7
:1072D000494604F1800000F0F1F84FF4987104F190
:1072E0008400B047012806D14FF4227104F5DA700A
:1072F000A847012802D00020BDE8FE83FFF71AFF4F
:10730000FAE70000C00A002090E601082DE9FF41DD
:107310001D4614460E46074600F0AEF8024640F2FF
:107320005C400649CDE90210334605493846CDE9AF
:107330000045FFF74FFB04B0BDE8F081AC0A002028
:10734000D8E6010838B1016829B1416819B18068EF
:1073500008B10120704700207047000010B586B0CA
:1073600000F032F8012802D0012006B010BD03A9B8
:10737000002000F0ADF804466946012000F0A8F8AE
:10738000012C02D001281BD107E001280BD1019963
:107390000498FFF75DFF012805D00A48F8F726FC9E
:1073A00001280DD102E0FFF73BFEEBE700F00CF8FF
:1073B000012805D06946012000F08AF80128D4D0C0
:1073C0000020D2E70050000808B5042269460648AC
:1073D000F8F75BFC6846FFF748FF0449884201D193
:1073E000012008BD002008BD00500008AA5555AA7C
:1073F0001CB50023042201A98020FFF737FD0128D6
:107400000FD10D4C042269462046F8F73EFC684631
:10741000FFF72BFF0949884201D101201CBD401C08
:1074200001D000201CBD684600F048F804226946DF
:107430002046F8F7F6FB1CBD00500008AA5555AAD7
:10744000F0B589B0054600246E464FF40067281950
:1074500020226946F8F719FC0020315CFF2902D090
:10746000002009B0F0BD401C2028F6D32034BC42D7
:10747000EDD30120F5E700000949884201D1094810
:10748000704707491831884201D1074870470449BD
:107490003031884201D10548704700207047000014
:1074A00090E60108CD6D010849790108816D010858
:1074B000002802D00170090A41707047002806D0E8
:1074C00001700A0A42700A0C8270090EC17070477E
:1074D00070B50C46050010D0114800BF40F25C4664
:1074E00032461049F8F7D1FB234632460D490E4883
:1074F00000F0B2F801280AD101E00C48EEE7094893
:107500004FF488611430FFF761FC012805D000209A
:1075100020606060A060657070BD6570012070BD06
:1075200004580008AC0A002090E601080450000846
:107530002DE9F0471E00DDE908951746044616D0F0
:10754000D4F810004FF00008C5F80080C5F804809A
:10755000C5F808806E70B4F80AC0CB686044D1F8F2
:1075600000C0E2884946E047012811D101E0E06807
:10757000E8E7E2882B464946204600F06DF80128EE
:1075800006D15FB1218909F11400B847012805D05F
:1075900085F800806E700020BDE8F0876E700120D5
:1075A000FAE708B50093002300F05CF808BD00007E
:1075B0002DE9F0411C46174688460546069EFFF712
:1075C00095FD012807D1B8F1000F04D01FB114B107
:1075D000E888B04202D90020BDE8F0812A89394606
:1075E00002F1140086B204F114000746F0F70DFE14
:1075F00028682060A988201DFFF75AFFE988A01D90
:10760000FFF756FF414604F10800FFF757FF2989AD
:1076100004F10C00FFF74CFF002104F10E00FFF70E
:1076200047FF29893846FFF743FD014604F1100062
:10763000FFF744FF31462046FFF73AFD0146A01907
:107640000346FFF73BFF181D0249FFF737FF0120F4
:10765000C2E70000ED7EA1C008B50093012300F051
:1076600001F808BD2DE9F0479A46089E17460C46DA
:1076700005461EB1002030607060B0602846FFF7FC
:1076800035FD012856D1ECB3E988BAF1010F0BD0D2
:107690000420081A80B2B8424CD804222946204659
:1076A000F0F722FE70BB01E00020F2E7201DFFF79B
:1076B000D8FDA98888423DD1A01DFFF7D2FDE988F9
:1076C000884237D104F10C00FFF7CBFD29898842AD
:1076D00030D104F10E00FFF7C4FD98B904F10800A1
:1076E000FFF7C3FD071E26D004F11000FFF7BDFD14
:1076F0008146298904F11400FFF7DAFC484519D1C5
:10770000288900E016E0143082B2A0188046FFF706
:10771000ACFD054611462046FFF7CAFC854209D15B
:10772000BAF1010F09D108F10400FFF79EFD0649E7
:10773000884202D00020BDE8F0871EB101203070E1
:10774000C6E901790120F6E7ED7EA1C010B590B041
:107750000C4600280BD0694600F060F80CAB3022D4
:1077600069460648FFF716FB012802D0002010B03A
:1077700010BD0CB10D9820600120F8E7A8E60108C3
:1077800070B50D4604000ED06DB1207B01280AD8DB
:10779000607B40B9A07B30B9E07B20B904F12A00BE
:1077A000FFF75FFD08B1002070BD30212846F0F7DB
:1077B00053FD2046FFF759FD2860201DFFF755FDBA
:1077C000686004F10800FFF750FDA860207B00B15D
:1077D0000120287304F11000FFF747FD286160695C
:1077E0006861A069A86104F11C00FFF73EFDE86133
:1077F00004F12000FFF739FD286204F12400FFF7AF
:1078000034FD686204F12800FFF72BFD288504F1A0
:107810002C00FFF72AFDE862012070BD70B50C4610
:10782000054630212046F0F717FD20462968FFF76E
:1078300045FE201D6968FFF741FE04F10800A968B4
:10784000FFF73CFE287B012800D00020207304F1C4
:1078500010002969FFF732FE68696061A869A061BC
:1078600004F11C00E969FFF729FE04F12000296AF0
:10787000FFF724FE04F12400696AFFF71FFE298D3B
:1078800004F12800FFF714FE002104F12A00FFF79D
:107890000FFE04F12C00E96ABDE87040FFF70EBE50
:1078A00010B58CB0040005D00021684600F01CF82B
:1078B000012802D000200CB010BD20212046F0F796
:1078C000CBFC04982060DDE90501C4E901010798BB
:1078D000E0600898206109986061BDF82800208365
:1078E0000B98E0610120E6E730B58FB00C4605004B
:1078F0000DD00CAB302269460948FFF707FD01287F
:1079000005D129466846FFF73BFF012802D0002039
:107910000FB030BD0CB10D9820600120F8E70000D9
:10792000A8E6010810B50648FFF78AFD012804D132
:107930000448FFF785FD012800D0002010BD00009D
:10794000007000080078000800B58DB0302904D11F
:107950006946FFF715FF012800D000200DB000BDDB
:1079600010B50B46044601781878012903D0012888
:1079700007D0002010BD012808D000BF94E80B00FC
:1079800000E00BCB82E80B00012010BD6168586855
:10799000FFF75EFC0128F4D0F0E7000000B585B0E9
:1079A0000020019002900948816941F00401816141
:1079B0008069694600F004000490012000900220D4
:1079C00003900348F2F73AFE05B000BD00100240F4
:1079D0000008014070B50E4C012520462178407802
:1079E00019B1012905D0022902D1012800D1257041
:1079F00070BD0028FCD1A08830B9FBF757FE06F017
:107A000093FA4FF41670A080A5700220207070BD0C
:107A10009E020020124810B5048812480A23002153
:107A20004278462C0AD30181C188491C89B2C180A1
:107A30000A290ED9C38062B9012109E0C1800489F5
:107A4000641CA4B204810A2C03D90381012A00D149
:107A500041708188002901D0491E818010BD00003D
:107A6000640000209E02002000B585B01222694605
:107A700000F02EF8012802D0002005B000BD122130
:107A8000684600F001F8F8E770B54FF0FF3210B12A
:107A900000230C4D11E091B1002070BDC45C624028
:107AA0000024D60702D085EA520200E05208641C86
:107AB000E4B2082CF5D35B1C9BB28B42EED3D043CF
:107AC00070BD00002083B8ED0048704744E601080F
:107AD00070B50D46040002D00DB1122A01D200206B
:107AE00070BD2189284600F099F82188A81C00F073
:107AF00095F8207C2871618A681D00F08FF8A18AB2
:107B0000E81D00F08BF8E18A05F1090000F086F825
:107B1000218B05F10B0000F081F8E18B05F10D00E0
:107B200000F07CF894F82000E873618C05F11000F7
:107B300000F074F8012070BD2DE9F041040062D01E
:107B4000606800285FD0208800285CD02089E8B3D6
:107B5000E068D8B3207CC8B3608AB8B3A08AA8B361
:107B6000E08B98B394F8200001284CD8608C68B35F
:107B7000A58B5DB3618B49B3E08A38B3238B2BB3FC
:107B8000E28C1AB3206B08B394F83460092E3AD112
:107B9000268DB4F82AC0664535D8A78DBC4532D8A5
:107BA000B0F800C0B4452ED8068CBE422BD3954207
:107BB00029D28D4227D8994225D89A4223D1C0890B
:107BC000884220D12046FFF74FFF00E01BE0E1682C
:107BD000884218D10020104D0223D4F83010861EA0
:107BE00035F8107031F82020BA420CD103EB800236
:107BF0008A5A42B1278BBA4205D838B106EB8007C2
:107C0000CF5BBA4202D90020BDE8F081401CC0B26F
:107C10000928E5D30120F7E77CE601080170090A8D
:107C2000417070472DE9F0410B4C074615460E4652
:107C30002046FFF781FF01280CD1207CB84209D1F2
:107C4000E08AB04206D12DB1208BA84202D3012098
:107C5000BDE8F0810020FBE744E6010838B50446A2
:107C600001466846F8F76AFC012804D1BDF8000017
:107C7000A04200D2044621466846F1F735FC0128AF
:107C800004D1BDF80000A04200D204462146684657
:107C9000F4F772FA012804D1BDF80000A04200D226
:107CA00004462146684600F009FB012804D1BDF8CE
:107CB0000000A04200D20446642C01D9642038BDE3
:107CC000E0B238BD10B500F003F9012803D0034835
:107CD0000078002800D0012010BD00007A020020AA
:107CE00070B50C00054603D0FBF7F0FF012801D06A
:107CF000002070BD2146C5F34700BDE8704000F08C
:107D000001B800002DE9F04188B00D0004466BD0A9
:107D1000642C69D800263CB1F2F7AAFD064600F0B3
:107D200067F8012804D01FE000F0BCF82E8054E072
:107D3000FFF7C8FF012817D03046FBF7B1FC012838
:107D400012D102A8FEF7E0FB01280DD1BDF8180002
:107D500050B10398301AB0F5FA7F05D801272046B4
:107D6000FFF77CFFA04202D000F09CF83CE01F48E7
:107D70006421008860433230B0FBF1F080B280466D
:107D800001A9FDF7ABFF0646012805D001A9404631
:107D900000F056F80128E7D1FFF794FF8046FDF781
:107DA00055FF0246434602210097BDF80400FDF747
:107DB0003AFBBDF804108842D6D1012E084610D0F7
:107DC000F8F7CDF82146084600F0CCF8F7F7F2FFB7
:107DD0002880BDF80410884206D1012008B0BDE813
:107DE000F081F8F7B0F8EDE70020F7E70203002094
:107DF00070B5FFF769FE0446FFF79EFE012815D116
:107E00000B480C4D0C4940792A880988FFF70AFF76
:107E100001280BD10948018841B1288830B181423D
:107E200004D8218B814201D3012070BD002070BD98
:107E30001C0F002004030020060300200203002082
:107E400049B10D4A128832B10C4B1B88B3F57A7FC9
:107E500001D2904201D900207047C3F57A739BB2DA
:107E6000584300EB5200B0FBF2F29A4200D91A4696
:107E70000A8001207047000004030020080300204E
:107E800010B5074C6071E0702171FAF759FEE07887
:107E90002179884203D0002020700120607010BD3D
:107EA0008802002010B5F9F7C5F908480021417093
:107EB000C1700171417141810846F7F7F1FF00215E
:107EC000BDE81040084600F04DB8000088020020D0
:107ED00006480749007809780843064909780843A5
:107EE00005490978084300D001207047C6020020E8
:107EF000C7020020C8020020C902002010B50446B5
:107F0000FDF7A4FE012804D02046BDE8104000F093
:107F100001B810BD0C4A58B1134651785B7901295C
:107F20000AD0D17909B1117A51B1D070FAF708BEEF
:107F300000205070D070F9E701461846FFF7A0BF47
:107F400001211172F8E700008802002004488178BE
:107F5000012904D100218170807AFFF7DBBF7047CF
:107F600088020020F8B5FEF75DFAF7F729FF06460C
:107F7000F7F718FF0546F7F71DFF0446F2F778FC00
:107F80000121009133462A462146FEF7A1FAF8BDA9
:107F900001490120887070478802002010B5144CF8
:107FA000607801281AD1204621780079C8291BD28F
:107FB000491CCAB22270E178C823884205D9401A08
:107FC0005043B0FBF3F0084404E0081A5043B0FB00
:107FD000F3F0081A6071C0B2FAF7B2FDE068002849
:107FE00001D0401EE06010BD00216170E070F3E739
:107FF0008802002005484188002906D0491E09044E
:10800000090C418001D1017041707047340000209B
:10801000704700002DE9F04736480023007E002815
:1080200044D035480A22354CB0F902004FF06409BB
:10803000002807DD401D90FBF2F0C3B2608908B94B
:10804000A4F80A90A088002830D12C48294994F837
:108050000280878991F919C0294E002501202949FC
:10806000B8F1000F10D0B8F1010F1FD19C4537DCDB
:10807000002F1BD1A281A3EB0C0265700A2A17DD29
:10808000207081F8A0500AE09C450DDC002F0DD136
:10809000A070A281207065701DE0307000E0357026
:1080A000BDE8F047FFF774BFA2816570BDE8F087B7
:1080B000052A05DB20704FF0320281F8A020ECE7A2
:1080C00009D2C2F1000202EB82024FF05A0303EB25
:1080D000420281F8A02091F8A0100029DFD0DCE74F
:1080E000A281657081F8A090FFF752FFA5702570FE
:1080F000DCE700001C0F00206C0300207802002049
:1081000075030020E00000200F48818809B1491E56
:108110008180C18809B1491EC1804178491CC9B21A
:108120004170642905D100214170818909B1491E3E
:108130008181018909B1491E01814189002901D04C
:10814000491E4181704700007802002010B5F6F703
:10815000A9FBFFF7D9FFFFF721FFFFF74BFFF7F769
:10816000CBFFF6F779FFFBF775FCF7F7F7FDFBF7A9
:10817000FDF8FFF74FFCF7F725F800F0EFF9BDE841
:108180001040F9F7A1B8000001488068704700006E
:10819000180000200148C068704700001800002047
:1081A0003EB5F2F765FB4FF0E0240190A0690B4D5E
:1081B000281A0290F2F75CFB0090DDE9001088427B
:1081C00002D0A069281A0290044B0A465B1C029850
:1081D0000021E2FB030102903EBD00003F190100B7
:1081E00010B5FFF7DDFF0149486010BD1800002001
:1081F0002DE9F041FFF7D4FF054600270D4E0E4C48
:1082000005E030446060FFF7A1FF7F1CFFB26068AB
:10821000291AB14201D3032FF3D3281AB04207D34E
:10822000E168884200D9E060A068401CA0606560F9
:10823000BDE8F08180FC0A0018000020094810B554
:108240000178491CC9B201700A290AD100210170C4
:10825000F6F7BCFBF8F7C6FABDE810400A2000F0BC
:10826000CFB810BD180000200948416811F00C0F6C
:108270000DD04168C1F38101012908D04168C1F3E3
:108280008101022903D14168C90300D540687047C4
:108290000010024010B5084C207800280BD04FF495
:1082A0007A716068F4F7BCFB002804D0F4F7B2FBE5
:1082B000606003F091FB10BDE4030020084A1278CF
:1082C00062B1084A127E4AB1074A92F8A0204A4396
:1082D0006421B2FBF1F1018001207047002070475A
:1082E000780200201C0F0020E0000020034890F8D6
:1082F000780008B10020704701207047380700203F
:10830000044890F878000A2801D000207047012026
:10831000704700003807002010B50246FFF7F0FF55
:10832000030014494FF00A0019D091F879305B1C12
:10833000B3FBF0F400FB143381F8793091F8784006
:1083400003EB0403B3FBF0F400FB143000EB40003C
:1083500001EB80000ECA80E80E00002010BD91F8ED
:1083600078305B1CDBB281F8783091F87940234497
:10837000E8E700003807002010B5024672B6FFF7A4
:10838000B5FF10B162B6002010BD0D490A2391F867
:108390007800401E81F8780091F87900401CB0FB0D
:1083A000F3F403FB140081F8790000EB400001EBCB
:1083B00080000BC882E80B0062B6012010BD0000EF
:1083C000380700200A480178002910D00021094A06
:1083D000017001211170084A4168C8B2117009B1D9
:1083E000052800D2002005490870FFF787BD7047B7
:1083F0007C0300208F020020860200200003002062
:1084000005498A6810448860C868002802D0C86896
:108410000A38C86070470000EC03002010B5040063
:1084200009D02068002806D0A1680844EFF747FF6C
:10843000A1680844A06010BDF7F70CBFF7F718BF9C
:1084400030B5002306E0CC5CC55CAC4201D0002016
:1084500030BD5B1C9342F6D3012030BD70B50024C3
:1084600005462346074E09E0A3F18000022804D305
:1084700056F82300FAF7E2FE04445B1CAB42F3D348
:10848000204670BD004002082DE9F0470546002750
:10849000481B1646894606285DDBA81CF9F79EFE98
:1084A0000446A0F55C414FF48060814253D3A4F5AB
:1084B0005841824651451AD2A81DA9EB00014FF040
:1084C0000C08062947DB01785C2944D141787529DD
:1084D00041D1801CF9F782FEA0F55C4151453AD2AA
:1084E000C4F3090161F39F2000F5803002E04FF0F2
:1084F00006082046802801D2012110E0B0F5006F67
:1085000002D20221C0270AE0B0F5803F02D2032147
:10851000E02704E0B0F5881F1DD20421F0274A1E91
:1085200008E000BF00F0BF03346843F08003800917
:10853000A354521E12F0FF02F4D1012901D938438D
:1085400001E000F07F00326810703068084430604D
:108550004046BDE8F0870020FBE700001148C18AD3
:1085600071B1027A62B1491E89B2C182502907D81D
:108570000A22B1FBF2F302FB131109B90121817048
:10858000018B09B1491E0183418B491C89B241838A
:108590000A2901D900214183818B002901D0491E7C
:1085A00081837047BC0200200148F2F79AB90000AD
:1085B000B4070020094810B5074901600621416051
:1085C0004FF49C718160F2F759F9002803D0BDE89F
:1085D0001040F1F7EAB810BD00300040B4070020A9
:1085E00010B5FFF7DDFD0149086010BD4000002017
:1085F00010B5FFF7D5FD1049114C0968401A0F4915
:10860000B0FBF1F06060A168814200D2A0602068F8
:10861000401C2060F8F72CF9F8F70EF9012805D076
:10862000A06B411C01D0401CA06310BD0448BDE8F4
:1086300010400C38F2F755B94000002040190100F5
:10864000C007002070B505460EA001F02CFD040007
:1086500017D0002213460DA1F6F7E8F900221346C1
:108660000BA12046F6F7E2F90022134609A12046A5
:10867000F6F7DCF922462846BDE8704001A1F6F77E
:10868000CBB970BD416E676C6500000078000000DA
:10869000790000007A00000070B5064614A001F0D1
:1086A00002FD040023D0144D55F8C00FF0F7F4F983
:1086B00002460B4611A12046F6F7B8F96868F0F7B4
:1086C000EBF902460B460FA12046F6F7AFF9A86872
:1086D000F0F7E2F902460B460BA12046F6F7A6F9A1
:1086E00022463046BDE8704001A1F6F795B970BD4D
:1086F000436F6D6D00000000847E00206D61696E27
:108700000000000073756200734175746F00000013
:108710002DE9F041064620A001F0C5FC050038D047
:1087200003F054F81E4F04463868F0F7B5F90246D6
:108730000B461CA12846F6F779F904B91BA422467A
:108740001BA12846F6F78CF93C463A1D19A128468C
:10875000F6F786F9124A19A114322846F6F780F97D
:10876000E06AF0F799F902460B4616A12846F6F79B
:108770005DF9206BF0F790F902460B4613A12846ED
:10878000F6F754F92A463046BDE8F04102A1F6F763
:1087900043B9BDE8F0810000446576496E666F001C
:1087A000847E002070726F74496400000000000035
:1087B000534E0000636C61730000000070726F64C0
:1087C0007470000068766572000000007376657250
:1087D000000000002DE9F04107462DA001F058FCF3
:1087E00006462CA001F05FFC0546002E4DD0002D62
:1087F0004BD02B4CA06EF0F74FF902460B4629A147
:108800002846F6F713F9E06EF0F746F902460B46F4
:1088100025A12846F6F70AF9206FF0F73DF9024640
:108820000B4623A12846F6F701F9606FF0F734F9FB
:1088300002460B4620A12846F6F7F8F8A06FF0F79D
:108840002BF902460B461EA12846F6F7EFF8E06F1B
:10885000F0F722F902460B461BA12846F6F7E6F888
:10886000D4F88000F0F718F902460B4617A1284605
:10887000F6F7DCF829463046F6F7CCF832463846AB
:10888000BDE8F04102A1F6F7C7B8BDE8F0810000ED
:1088900044696D0044696D2E6974656D00000000C7
:1088A000847E0020636E730064696D547000000064
:1088B000706F6C6172000000646C6D7400000000E9
:1088C000756C6D74000000007274690072745077EA
:1088D000720000002DE9F14F84B08CA001F0E3FBA1
:1088E00000908CA001F0D4FB03908DA001F0D0FB90
:1088F00002908EA001F0CCFB01908FA001F0C8FB8C
:10890000834690A001F0C4FB824691A001F0C0FB19
:10891000814692A001F0BCFB804693A001F0B8FB19
:10892000064694A001F0B4FB054695A001F0B0FB0B
:108930000446009800287DD0039800287AD0029839
:10894000002877D00198002874D0BBF1000F71D0B7
:10895000BAF1000F6ED0B9F1000F6BD0B8F1000F73
:1089600068D0002E66D0002D64D0002C62D08748DD
:108970000078F0F7A2F8F6F797F801460398F6F7B3
:1089800049F883480088F0F798F8F6F78DF8014623
:108990000298F6F73FF87F480088F0F78EF8F6F770
:1089A00083F801460198F6F735F87B48007800EB2C
:1089B00080004000F0F781F8F6F776F80146584657
:1089C000F6F728F87548642700883230B0FBF7F0D6
:1089D000F0F773F8F6F768F801465046F6F71AF81C
:1089E0006F4800683230B0FBF7F0F0F766F8F6F742
:1089F0005BF801464846F6F70DF86A48D0F89C1037
:108A00006948006832300844B0FBF7F0F0F755F8D9
:108A1000F6F74AF801464046F5F7FCFF6348006860
:108A2000F0F74BF8F6F740F801463046F5F7F2FF5D
:108A30005F4800E066E00068F0F73FF8F6F734F8CA
:108A400001462846F5F7E6FF5A480A210068401D0E
:108A5000B0FBF1F0F0F731F8F6F726F801462046C2
:108A6000F5F7D8FF2DA1039A0098F5F7D5FF2EA1B1
:108A7000029A0098F5F7D0FFDDE900022DA1F5F785
:108A8000CBFF5A462EA10098F5F7C6FF52462FA1FC
:108A90000098F5F7C1FF4A462FA10098F5F7BCFFF3
:108AA000424630A10098F5F7B7FF324630A1009852
:108AB000F5F7B2FF2A4631A10098F5F7ADFF22463F
:108AC00031A10098F5F7A8FF3B48007800B10120DC
:108AD000EFF7F3FF02460B4638A10098F5F7A6FF23
:108AE00037480068EFF7E9FF02460B4635A10098CA
:108AF000F5F79CFF009A049805B004A1BDE8F04F7B
:108B0000F5F78ABF05B0BDE8F08F0000456C6549F8
:108B10006E666F00456C65496E666F2E65000000DD
:108B2000456C65496E666F2E63000000456C6549B3
:108B30006E666F2E76000000456C65496E666F2E7E
:108B400066000000456C65496E666F2E700000007F
:108B5000456C65496E666F2E72456300456C6549CC
:108B60006E666F2E74456300456C65496E666F2EA8
:108B70006F630000456C65496E666F2E6F7600006E
:108B8000456C65496E666F2E6F700000C002002054
:108B900068000020640000205C0000206C000020C1
:108BA00070000020E000002074000020F40200208B
:108BB000F0020020FC020020A0020020707772006A
:108BC000B80200206C63000070B5064632A001F0C8
:108BD0006AFA04005ED0324D6879EFF76EFF024604
:108BE0000B4630A12046F5F721FF2F480088EFF70C
:108BF00064FF02460B462DA12046F5F717FF3248C9
:108C00000088EFF75AFF02460B4630A12046F5F7E1
:108C10000DFF31480088EFF750FF02460B462FA1A9
:108C20002046F5F703FF31480088EFF746FF02467C
:108C30000B462FA12046F5F7F9FE32480088EFF7E2
:108C40003CFF02460B4630A12046F5F7EFFE287E9A
:108C5000EFF733FF02460B462FA12046F5F7E6FE5D
:108C600095F91900EFF718FF02460B462FA1204691
:108C7000F5F7DCFEA87FEFF720FF02460B462FA199
:108C80002046F5F7D3FE22463046BDE8704002A1EB
:108C9000F5F7C2BE70BD0000466163746F72790063
:108CA0001C0F00204D4944000A030020424F554E3E
:108CB000445F4F55545055545F564F4C54414745AF
:108CC0005F30315600000000020300205345545F1E
:108CD0004F555443555200000403002048574D415E
:108CE000585F4F55544355520000000006030020C2
:108CF0004F55545055545F4355525F53454E534F53
:108D000052000000080300204F505F50574D5F4F46
:108D10004646534554000000494E4E52455F544567
:108D20004D505F50524F5F454E000000494E4E522D
:108D3000455F54454D505F50524F0000435800006E
:108D400070B5064614A001F0AEF9040022D0134D10
:108D5000E86DEFF7A1FE02460B4611A12046F5F79C
:108D600065FE286EEFF798FE02460B460DA12046E1
:108D7000F5F75CFE686EEFF78FFE02460B460AA120
:108D80002046F5F753FE22463046BDE8704002A16A
:108D9000F5F742BE70BD000047697300847E002075
:108DA0006C6E67006C6174007A6F6E650000000085
:108DB00070B5064610A001F076F905001BD002F050
:108DC00005FD04460E4A0FA12846F5F749FE04B9F1
:108DD0000DA422460DA12846F5F742FE084A0DA132
:108DE00010322846F5F73CFE2A463046BDE8704072
:108DF00001A1F5F711BE70BD4D646C496E666F0040
:108E0000B87E00206D76657200000000696D6569AE
:108E100000000000696363696400000070B50546E6
:108E20000BA001F040F9040011D00B48B0F902008A
:108E3000EFF732FE02460B4608A12046F5F7F6FD95
:108E400022462846BDE8704001A1F5F7E5BD70BD9A
:108E500050657253747300006C03002074656D706C
:108E60000000000030B50D46044685B057A12846E5
:108E7000EFF72CFA00285ED056A12846EFF726FA25
:108E800000285CD055A12846EFF720FA00285AD0D8
:108E900053A12846EFF71AFA002858D051A12846C6
:108EA000EFF714FA002856D050A12846EFF70EFA33
:108EB000002854D04FA12846EFF708FA002852D0D6
:108EC0004EA12846EFF702FA002850D04DA12846BF
:108ED000EFF7FCF9002850D04CA12846EFF7F6F93F
:108EE00000284ED04AA12846EFF7F0F9002853D0C9
:108EF00049A12846EFF7EAF9002851D047A12846B2
:108F0000EFF7E4F900284FD046A12846EFF7DEF945
:108F100088B346A12846EFF7D9F968B345A128469A
:108F2000EFF7D4F940B345A12846EFF7CFF990B356
:108F3000012005B030BD2046FFF7EAFB43E02046A4
:108F4000FFF736FF3FE02046FFF7FAFE3BE0204602
:108F5000FFF740FC37E0204600F086F933E020467A
:108F600000F072F82FE02046FFF7B4FC2BE020461B
:108F7000FFF754FF27E01BE01EE0204600F0B0F9A9
:108F800021E01421684601F055FB6A462DA12046D8
:108F9000F5F766FD17E013E02046FFF715FE12E037
:108FA000204600F011FA0EE02046FFF775FB0AE0BC
:108FB000204600F0C9F906E0204600F0C7F802E0BC
:108FC0002046FFF73FFB0020B3E7000044657649E9
:108FD0006E666F004D646C496E666F004769730082
:108FE00044696D0053656E736500000052756E53E1
:108FF00074730000456C65496E666F00506572536E
:10900000747300005369676E616C00005254430032
:10901000466163746F72790053767200436F6D6DB1
:1090200000000000537072656164000052756E5458
:109030006D0000004C69676874546D00416E676C88
:1090400065000000525443002DE9F04107462FA06F
:1090500001F029F806462FA001F01AF8054630A0C5
:1090600001F016F80446002E4DD0002D4BD0002CF8
:1090700049D02E48006808B11F2000E02020EFF7FB
:109080000BFDF5F711FD01462846F5F7C3FC28480E
:10909000017EE9B190F91910002919DD2548007801
:1090A00070B92548007801280AD02448B0F9020098
:1090B00000280DDD0A22401D90FBF2F0814207DC02
:1090C00000201F49F5F7F0FC01462846F5F7A2FC01
:1090D00001F0A4FAEFF7E0FCF5F7E6FC01462046C4
:1090E000F5F798FC2A4617A13046F5F795FC22467D
:1090F00015A13046F5F790FC32463846BDE8F04100
:1091000002A1F5F789BCBDE8F081000052756E53ED
:109110007473000052756E5374732E737473000071
:1091200052756E5374732E627269000080030020C2
:109130001C0F0020780200207A0200206C0300201F
:109140000080494073747300627269002DE9F14F29
:1091500082B004F017FE054604F00EFE064604F049
:109160001FFE814604F014FE3C248346B6FBF4F057
:10917000B5FBF4FA00902CA000F095FF80462CA0DF
:1091800000F091FF07462CA000F082FF06462EA0BB
:1091900000F07EFF0546B8F1000F42D0002F40D00E
:1091A000002E3ED0002D3CD0B9FBF4F0EFF785FC4B
:1091B00002460B4628A14046F5F738FC5046EFF72B
:1091C0007CFC02460B4626A14046F5F72FFC4246A2
:1091D00015A10298F5F720FCBBFBF4F0EFF76DFC4E
:1091E000F5F762FC01463046F5F714FC0098EFF7FE
:1091F00064FCF5F759FC01462846F5F70BFC3246AE
:109200000FA13846F5F708FC2A4611A13846F5F7B4
:1092100003FC029803B03A46BDE8F04F04A1F5F70D
:10922000FBBBBDE8FE8F000052756E546D00000060
:109230004C69676874546D004C69676874546D2E8E
:10924000744C7454696D65004C69676874546D2E74
:10925000724C7454696D65007454696D650000004A
:109260007254696D6500000070B5064614A000F0E8
:109270001AFF040023D0144D55F8840FEFF70CFCAF
:1092800002460B4611A12046F5F7D0FB6868EFF7C0
:1092900003FC02460B460EA12046F5F7C7FBA86863
:1092A000EFF7FAFB02460B460BA12046F5F7BEFB93
:1092B00022463046BDE8704001A1F5F7ADBB70BD58
:1092C00053656E7365000000847E002064690000B1
:1092D000734272690000000073427269546D0000AD
:1092E00038B5054612A000F0DEFE04001ED0684628
:1092F000F7F7D2FD012808D10098EFF7CDFB024621
:109300000B460DA12046F5F791FB0D48007800B102
:109310000120EFF7D2FB02460B460AA12046F5F7E3
:1093200085FB224602A12846F5F776FB38BD0000F2
:109330005369676E616C0000727372700000000008
:109340007A0400207265670070B5064614A000F02C
:10935000AAFE040023D0144D55F8CC0FEFF79CFB68
:1093600002460B4611A12046F5F760FB6868EFF74F
:1093700093FB02460B460FA12046F5F757FBA86862
:10938000EFF78AFB02460B460CA12046F5F74EFB91
:1093900022463046BDE8704001A1F5F73DBB70BDE7
:1093A0005370726561640000847E00206F6666738E
:1093B0006574000077696E646F770000696E74658C
:1093C0007276616C0000000070B506461BA000F0CC
:1093D0006AFE040031D01A4A1AA1F5F741FB184D74
:1093E000903D55F8B00FEFF757FB02460B4617A11B
:1093F0002046F5F71BFB6868EFF74EFB02460B466D
:1094000014A12046F5F712FBA868EFF745FB0246CA
:109410000B4612A12046F5F709FBE868EFF73CFB85
:1094200002460B460FA12046F5F700FB22463046C8
:10943000BDE8704001A1F5F7EFBA70BD5376720038
:10944000147F0020737672497000000073767250AA
:109450006F72740075506572696F64006850657250
:10946000696F640074506572696F64002DE9F05F84
:1094700000F004FF0446D0F86001A54F70B1D4F8A5
:10948000D8300BB94FF44863A248007808B10121E5
:1094900000E000213A88A04800F0C4F9D4F8640143
:1094A00078B1D4F8DC300BB94FF448739B4800789E
:1094B00008B1012100E0002197483A88103000F0FF
:1094C000B1F9DFF85CA2974ED4F8680178B1D4F80E
:1094D000E00010B9962000F03DF99AF8001001B1B3
:1094E000012103468C483268203000F09BF9DFF8F8
:1094F0003892D4F86C0178B1D4F8E40010B9502057
:1095000000F028F999F8001001B1012103468248C2
:109510003268303000F086F9DFF81082D4F870013C
:1095200068B18348D4F8E830007808B1012100E040
:1095300000217948D8F80020403000F073F9D4F8C1
:109540007C0178B1D4F8F43003B91E23794800784F
:1095500008B1012100E00021774802686E487030B0
:1095600000F060F9DFF8D4B1D4F8800198B1D4F8F4
:10957000F80008B900F03EF9054600F045F902464A
:109580009BF8000008B1012100E0002162482B4651
:10959000803000F047F9D4F8840190B15E4D9035E9
:1095A00000F06CFE3988A960D0F8FC0000B94620B4
:1095B000E8606348007820B1A87810B90120A8704D
:1095C000E870604F604DD4F8880198B1286830B1D8
:1095D000D4F800013968884201D2012100E000215D
:1095E000D4F800310BB94FF416734B483A68A030E9
:1095F00000F018F9D4F88C0170B1D4F8043103B933
:10960000642399F8000008B1012100E000214248DC
:109610003A68B03000F006F9D4F8900178B1D4F887
:10962000080110B9782000F095F89AF8001001B1FF
:109630000121034638483268C03000F0F3F8D4F80E
:10964000940190B1286840B1D4F80C01002804DDE1
:109650003168884201D9012100E000212E48D4F868
:109660000C31D030326800F0DDF8D4F89801A0B1A8
:10967000286848B1D4F81001002805DDD8F800109A
:10968000884201D2012100E000212348D4F81031A2
:10969000E030D8F8002000F0C5F8D4F89C01E0B123
:1096A000D4F8140108B900F0A5F8074600F0ACF8AA
:1096B000264E054696F91900002807DD00F0A4F8AB
:1096C00096F91910884201D9012100E000211248C1
:1096D0003B462A46F03000F0A5F8D4F8A001002857
:1096E00014D0D4F8180108B900F084F8044600F04A
:1096F0008BF802469BF8000008B1012100E0002130
:109700002346BDE8F05F124800F08CB8BDE8F09F3A
:1097100064000020C80200209C050020C90200202F
:10972000C6020020F4020020C7020020FC02002034
:10973000C5020020A8020020B80200207802002004
:10974000A0020020F0020020800300201C0F002057
:109750009C0600200449098821B141436420B1FBE3
:10976000F0F07047002070470203002010B5FFF7AB
:109770007DFEBDE8104000F001B8000070B513494F
:10978000002000BF01EB00129278CAB101EB001477
:10979000E07808B1012500E00025D4E90223208803
:1097A000294603F047FF48B90020A070617921B134
:1097B0001DB107490870207100E02571012070BDBE
:1097C000401C1128DED3002070BD00009C05002045
:1097D000A00200200020064B014600BF03EB001250
:1097E000401C9170D170117191601128F6D37047AF
:1097F0009C050020034890F91900002800DC002097
:10980000704700001C0F00200548B0F90200002836
:1098100001DC002070470A21401D90FBF1F07047E9
:109820006C03002000280FD0C0E90223012200238E
:109830000029817809D011B1C17801B9837001790B
:10984000002901D18270C270704711B1C17801B195
:10985000837001790029F7D08270C37070470000CF
:10986000002801DA002007E0642801DD642001E01F
:10987000002801DD0249487002490860F5F708BD7B
:10988000A4040020800300202DE9FC410F460600BF
:1098900007D0F5F7CDF920B13046F5F783F9002868
:1098A00002DC0720BDE8FC81002484E0214630462C
:1098B000F5F772F905000BD0F5F7D3F940B16B4617
:1098C00001AA41A1284601F0C5FD012802D00AE005
:1098D0000220E7E700980028E4D10198012801D090
:1098E0000620DFE7B8666B4601AA38A1284601F0DA
:1098F000B1FD012806D100980028D3D10198022893
:1099000054D2F8666B4601AA32A1284601F0A2FDA6
:10991000012806D100980028C4D10198022845D218
:1099200038676B4601AA2DA1284601F093FD012856
:109930000AD100980028B5D1019840F2DD52A0F577
:10994000FA71914232D278676B4601AA25A1284666
:1099500001F080FD01280BD100980028A2D10198C8
:1099600040F6B932A0F5D851583991421ED2B867A5
:109970006B4601AA1DA1284601F06CFD012806D105
:10998000009800288ED1019802280FD2F8676B4604
:1099900001AA17A1284601F05DFD01280AD100980F
:1099A000002896D10198B0F57A7F01D9032079E794
:1099B000C7F88000641C3046F5F7F4F8A0423FF782
:1099C00075AF00206EE70000636E730064696D542C
:1099D00070000000706F6C6172000000646C6D7448
:1099E00000000000756C6D74000000007274690066
:1099F00072745077720000002DE9FC4114460E4647
:109A00008046FEF761F80746B8F1000F15D0A6B101
:109A10009CB13846FEF790F801280ED14046F5F784
:109A200020F950B10020206001AB6A4665A1404694
:109A300001F010FD012803D009E00420BDE8FC81FD
:109A400001980028FAD1387C0099884253D101ABA3
:109A50006A465DA1404601F0FDFC012501280CD1BC
:109A600001980028EAD10098B0F5803F7ED282B2FA
:109A70000821304600F0A0FD256001AB6A4659A1DF
:109A8000404601F0E7FC01280FD101980028D5D10C
:109A9000009800286BDD42F21071884267D882B2CC
:109AA0001021304600F088FD256001AB6A4650A1C8
:109AB000404601F0CFFC01280ED101980028BDD10D
:109AC000009800287ADD398B814277DB82B212213F
:109AD000304600F071FD256001AB6A4648A1404662
:109AE00001F0B8FC012808D101980028A6D1F88A15
:109AF0000099884201D01420A0E701AB6A4645A135
:109B0000404601F0A7FC01280CD10198002895D10E
:109B10000098B0F57A7F3BD882B21621304600F02B
:109B20004BFD256001AB6A463EA1404601F092FC28
:109B3000012807D10198002880D10098022827D257
:109B40003076256001AB6A463BA1404601F082FCBD
:109B5000012807D101980028CED10098802817D27B
:109B60007076256001AB6A4637A101E010E023E082
:109B7000404601F06FFC012802D02068D0B10BE014
:109B800001980028B8D10098002801DDFF2801DBEA
:109B9000032053E7B07725603046F5F733FE002801
:109BA000AAD0022808D0032808D0042808D01B20F7
:109BB00044E703E0012041E716203FE719203DE795
:109BC0001C203BE74D494400424F554E445F4F55E2
:109BD000545055545F564F4C544147455F303156B1
:109BE000000000005345545F4F5554435552000048
:109BF00048574D41585F4F5554435552000000009F
:109C00004F55545055545F4355525F53454E534F33
:109C1000520000004F505F50574D5F4F464653452E
:109C200054000000494E4E52455F54454D505F5020
:109C3000524F5F454E000000494E4E52455F54451D
:109C40004D505F50524F0000435800007CB50C4609
:109C500005000BD0F5F705F840B101AB6A461E4987
:109C6000284601F0F7FB012802D00BE004207CBD60
:109C700001980028FBD119490098194A01449142E2
:109C800025D2E065144901AB6A46091D284601F05A
:109C9000E1FB01280AD101980028E8D11149009878
:109CA0000E4A0144521C914211D220660A4901AB6E
:109CB0006A460831284601F0CDFB01280AD10198F7
:109CC0000028D4D1009800F10C01192901D30320F8
:109CD0007CBD606600207CBDA08D01080095BA0A9D
:109CE000012A7515804A5D0510B5044600F0C8F9D3
:109CF0002046BDE81040FFF7B3BD00007CB50C4620
:109D000005000BD0F4F7ADFF40B101AB6A461D4929
:109D1000284601F09FFB012802D009E004207CBD09
:109D200001980028FBD10098022825D2C4F88400AD
:109D3000144901AB6A46091D284601F08BFB012836
:109D40000AD101980028EAD1009919B1A1F10A00BD
:109D50005B2811D2C4F888100A4901AB6A460C315D
:109D6000284601F077FB01280AD101980028D6D1B6
:109D70000098411E1E2901D303207CBDC4F88C002D
:109D800000207CBDCC920108002803D000211030B7
:109D900000F002B870470000F0B587B00F4630B34E
:109DA000017821B303A902F01FF9002820D003A8ED
:109DB0006E4603F069FF054600F060FA01004FF0BF
:109DC000080006D0496E11F10C0F02DB0C2900DCF3
:109DD00008464FF4616100FB0150314604F0E6F99A
:109DE000002805D00F4D287A012803D00CE0002070
:109DF00007B0F0BD684603F047FF0446094803F08A
:109E000043FF241A00D56442012F02D0287A01288A
:109E100003D0684604F04CF901E01E2CF9DC012067
:109E2000E6E70000080F00202DE9F0418AB00C465B
:109E3000060029D0F4F715FF30B3304637A10DF1F5
:109E40000408F4F7CBFE07004FF0000513D0F4F739
:109E500011FFE8B13969D9B11F224046EEF719FA6E
:109E60008DF823501F2201A904F190000095EEF710
:109E700010FA84F8AF506B4609AA2AA1304601F0C7
:109E8000E9FA012807D011E004200AB0BDE8F0810A
:109E900002200090F9E700980028F6D109980028E0
:109EA00035DDB0F5803F32DAC4F8B0006B4609AA60
:109EB0001EA1304601F0CEFA4FF4E165012807D12A
:109EC00000980028E1D10998A84220D8C4F8B4002D
:109ED0006B4609AA17A1304601F0BCFA012807D148
:109EE00000980028D1D10998A84210D8C4F8B80029
:109EF0006B4609AA11A1304601F0ACFA01280AD13B
:109F000000980028C1D10998B0F5E15F01D903207C
:109F1000BBE7C4F8BC000020B7E7000073767249C5
:109F200070000000737672506F7274007550657225
:109F3000696F640068506572696F6400745065727F
:109F4000696F64003EB50C46054601F03FFC70B1F8
:109F500000F1300100F120021030CDE90002029141
:109F6000002304A221462846F3F7D4FE3EBD4FF05D
:109F7000FF303EBD41542B514D54434F4E4E3D2575
:109F8000642C222573222C222573222C2225732255
:109F90000D0A00007CB50C46054600F06FF950B183
:109FA000D0F8B020002A01DC40F25B7290F89010EB
:109FB00021B1903003E04FF0FF307CBD04A0CDE92B
:109FC0000002002306A221462846F3F7A3FE7CBD2B
:109FD00034372E3132302E31352E323230000000FF
:109FE00041542B514D544F50454E3D25642C222554
:109FF00073222C25640D0A007CB50C46054601F041
:10A00000E5FB50B101213D30CDE90001002304A260
:10A0100021462846F3F77EFE7CBD4FF0FF307CBD25
:10A0200041542B514D545355423D25642C312C2223
:10A030002573222C25640D0A000000007CB50C4617
:10A04000054601F0C3FB50B10121B530CDE9000157
:10A05000002304A221462846F3F75CFE7CBD4FF0A6
:10A06000FF307CBD41542B514D545355423D256426
:10A070002C322C222573222C25640D0A00000000AE
:10A0800002480021C173C16401657047A404002027
:10A0900070B50546F4F7FCFC040002D1284600F038
:10A0A00023F8204670BD70B50546F4F72DFD040079
:10A0B00002D1284600F018F8204670BD1CB5074CA8
:10A0C000A078012808D0064800900648019068460C
:10A0D000F4F78AFD0120A0701CBD0000A40400203C
:10A0E000D9CC0008D5CC00080348C178012901D09B
:10A0F0000121C17070470000A404002010B5FFF7D3
:10A10000DDFF05480349C1624FF48051016300211E
:10A11000416310BDB8580020A404002010B5FFF71B
:10A12000CDFF06480449C1624FF48051016300210C
:10A130004163C17010BD0000B8680020A404002075
:10A140000548064AC16A914204D1C078012801D06D
:10A150000120704700207047A4040020B868002048
:10A1600070B51D461646F4F739FD04000ED0F4F71D
:10A1700081FD00280AD02169002907D06A1E3046D7
:10A18000EEF787F80020711901F8010C70BD00008E
:10A19000F0B585B017460E46040033D0FFF7BEFF7A
:10A1A00019A0FFF780FF05002CD01421684600F0AD
:10A1B00041FA224616A12846F4F752FC6A4615A138
:10A1C0002846F4F74DFC04F1240213A12846F4F7C5
:10A1D00047FC04F12C0211A12846F4F741FC04F1DC
:10A1E00034020FA12846F4F73BFC46B13846EEF79F
:10A1F00053FC02460B460BA12846F4F717FC2846F1
:10A2000005B0F0BD0020FBE7726F6F740000000026
:10A21000534E0000544D00005356000049440000C6
:10A22000435400004552000010B50C46491E0C294D
:10A2300001D3002010BD022C04D101F0D7F808B1E1
:10A240001D2010BD024800EB840050F8040C10BD26
:10A25000E0E9010810B504000BD003F08FF80028E6
:10A2600006D04FF4D27221460348EDF7CEFF01200D
:10A2700010BD002010BD0000847E00200048704703
:10A28000847E002010B5CCB00B4800F07DF80A4C5D
:10A2900000234FF4987269468420FCF7E7FD0128FB
:10A2A00003D16946204603F0ABF84CB00248BDE844
:10A2B000104000F01DB80000847E002010B5EAB008
:10A2C000040002D0B1F5987F02D000206AB010BD22
:10A2D000684600F059F82146684603F01BF9012052
:10A2E000F4E70000014800F003B80000847E00207D
:10A2F0002DE9F041002821D04430002114270446E4
:10A300000F4E0B46152207E0A5F1300CBCF1090FEA
:10A3100001D84554491C5B1CF55C1DB1914201DA22
:10A32000B942F1DB00226254EDF7C9FF002805D1E4
:10A330002046BDE8F04103A1EDF7E3BFBDE8F081A1
:10A34000EF130020303030303030303030303030AB
:10A3500030303030303030300000000000B5E9B02F
:10A36000684600F011F8684603F008F8002806D0A7
:10A370004FF4D27269460348EDF747FF012069B0F8
:10A3800000BD0000847E00202DE9F0410446FDF769
:10A390009BFB05464FF4D2712046EDF75DFF4FF071
:10A3A000640852A1201DC4F80080EDF7AAFF17220F
:10A3B00004F114006968EDF76CFF002584F82B5058
:10A3C00001260220C4E90B604AA104F13400EDF734
:10A3D00098FF2046FFF78CFF4848E0658010206614
:10A3E00008206066C4E91A654FF47A70C4E91C500D
:10A3F00042F22830C4E91E0504F18001C82050272C
:10A4000081E8C1000520C4F88C001F223CA104F1A2
:10A410009000EDF73EFF40F25B7044F8B00F4FF450
:10A420009670606004F108023C204FF4616182E89C
:10A43000430041F27071C4E907100A2060624FF4D2
:10A440004860A0624FF42560E066C4E905654FF4FA
:10A450004870C4F8B060E062C4F8B460C4F8B86092
:10A460004FF44D702563C4E91C056563A567A563BA
:10A47000E567E563C4F8BC60C4F88050C4E93065A2
:10A4800025641E20C4F884506064C4E93256C4F8C0
:10A49000D0601420A564C4E922054620C4F8D46025
:10A4A000E0644FF41670206540F22620C4F8D860AE
:10A4B000C4E92470C4F8DC60C4E915857820C4E9D7
:10A4C0002605E565C4F8A050C4E938652566C4F8DA
:10A4D000A4506566C4F8E860C4F8A850C4F8EC60FD
:10A4E000A56644F8AC5F6664BDE8F081444C2D4D30
:10A4F000584700004543383031450000000E27071B
:10A5000034372E3132302E31352E323230000000C9
:10A5100070B50C46050042D0A4B324A104F1240078
:10A52000EDF7D4FE40B12046FFF72EFC2146284629
:10A5300000F0AAFC20BB05E021462846BDE870409B
:10A54000FAF7FEB92146284600F020FDC0B92146A1
:10A55000284600F03BFA98B92146284600F0F6FB61
:10A5600070B92146284600F011FE48B92146284618
:10A5700000F040FB20B92146284600F0A5F810B1B4
:10A58000012070BD0BE004F1340009A10546EDF790
:10A590009DFE30B107A12846EDF798FE08B10020D6
:10A5A000EFE70121204603F00BF9E9E763616C0056
:10A5B0005700000052000000130A43540844427040
:10A5C00070472DE9F0411D4616460F46040023D082
:10A5D0003821EDF741FE01F0F9F801001CD00F22FF
:10A5E0002046EDF756FE142104F1100000F022F889
:10A5F0000722394604F12400EDF74BFE07223146CD
:10A6000004F12C00EDF745FE294604F13400BDE8C5
:10A61000F0410322EDF73DBEBDE8F081024800683D
:10A62000642800D9642070478003002000487047E8
:10A63000F5570020F0B5164C064685B0207A0D4639
:10A6400001281AD1E38840F2E470834215D360797F
:10A6500098B10C2811D8217979B11F290DD8227809
:10A660006778A478CDE903728DE8130009A2294622
:10A670003046F3F74FFB05B0F0BD6A1E0DA1304622
:10A68000EDF707FE0020711901F8010CF3E7000057
:10A69000080F0020253034642D253032642D2530FC
:10A6A000326420253032643A253032643A25303223
:10A6B00064000000323032362D30342D30322030FC
:10A6C000383A33303A3330002DE9F04FEDB00C46D4
:10A6D000050018D0BCB1ACA104F12400EDF7F6FDE3
:10A6E00088B9ABA12846F4F779FA054604F134009D
:10A6F000A8A10646EDF7EAFD48B1A7A13046EDF75F
:10A70000E5FD00287CD000206DB0BDE8F08F002D65
:10A7100077D0A2A12846F4F761FA5FEA0008F7D0E3
:10A72000F4F786FA0028F3D04046F4F73BFA002805
:10A7300067DDFFF7A3FD6990002201212046FFF7A6
:10A7400027FD5FEA000A18D091A0FFF7ACFC0500D6
:10A7500018D002468EA15046F4F75EF9F4F798F946
:10A7600006000FD002468DA12846F4F755F9404661
:10A77000F4F718FA0746002558E00C21204603F0AC
:10A78000F5F966E05046F4F7E3F9F6E72946404666
:10A79000F4F702FA5FEA000947D0F4F759FA88B3F0
:10A7A0004846F4F70DFAEEF795F9A0F51C5010386D
:10A7B0000A283AD28346F4F7A7F95FEA000934D0B1
:10A7C00042F210710BEB0100EEF766F902460B4600
:10A7D00074A14846F4F72AF9699800EB8B0BDBF873
:10A7E000D800EEF759F902460B4670A14846F4F737
:10A7F0001DF9DBF81C01EEF74FF902460B4602E0AB
:10A8000029E037E011E06CA14846F4F70FF9DBF8D6
:10A810006001EEF741F902460B466AA14846F4F79B
:10A8200005F949463046F4F7F5F86D1CBD42ADDB3D
:10A830003046F4F7B7F9002803DC5046F4F788F9FE
:10A8400047E00021504603F0FBFB10B15046F4F7FF
:10A850007FF9012058E76DB150A12846F4F7BEF901
:10A86000060007D0F4F7E4F920B13046F4F79AF97E
:10A87000002801DC052181E7FFF700FD01464FF4C8
:10A88000D2726846EDF7C1FC3046F4F78BF9074603
:10A890000025E9466DE029463046F4F77DF95FEA88
:10A8A000000856D0F4F7DDF9F0B33EA14046F4F7C6
:10A8B00095F95FEA000A4CD0F4F7CAF9A0B3504604
:10A8C000F4F77EF9EEF706F9A0F51C5010380A28C7
:10A8D00001D3042152E709EB8000824650F8D81FCB
:10A8E0006A91D0F844B0DAF8600169902FA140462F
:10A8F000F4F774F96B9040B1F4F7AAF9A0B16B9832
:10A90000F4F75EF9EEF7E6F86A902BA14046F4F70B
:10A9100065F96B9050B1F4F79BF928B16B98F4F797
:10A920004FF9EEF7D7F800E013E0834625A1404643
:10A93000F4F754F95FEA000812D0F4F789F918B96E
:10A940004046F4F77EF920B14046F4F79CF928B967
:10A9500001E0022112E7D8F8140000B1012069904B
:10A960006A98CAF81CB1CAF8D80069986D1CCAF870
:10A970006001BD428FDB6846FFF76CFC08B1002127
:10A98000FCE66321FAE60000616C616D00000000E6
:10A99000445400005200000057000000616C6D73C9
:10A9A00000000000616C6D4964000000616C6D5630
:10A9B000616C75650000000072656356616C7565B9
:10A9C00000000000616C6D456E0000002DE9FC4741
:10A9D0000D4604000CD05DB174A105F12400EDF723
:10A9E00075FC28B973A105F13400EDF76FFC10B1C7
:10A9F0000020BDE8FC8770A12046F4F7EFF80700BF
:10AA00001FD0F4F72EF9E0B16CA13846F4F7E6F860
:10AA10006B4C06004FF0010840D0F4F72BF9C0B39F
:10AA20003069B0B367A1EDF751FC60B167A130693F
:10AA3000EDF74CFC70B167A13069EDF747FC98B1B8
:10AA40002AE0052113E00021284603F08FF884F85E
:10AA500005801CE00021284603F088F884F809806E
:10AA6000F1F7D8FF606412E0A07A98B903E02846B5
:10AA700003F07CF80BE0F6F7A3FB58B13822294627
:10AA80005748EDF7C2FB84F80B8084F80A80012058
:10AA9000AFE703E00C21EAE70121E8E751A13846DE
:10AAA000F4F79CF8060028D0F4F7D2F820B17469C6
:10AAB000072C03D30321DAE70221D8E7022CEBD0DD
:10AAC000032CE9D0042CE7D01CB1012C01D0062CBA
:10AAD00006D1FFF743FC30B1FFF7D2FA03F0B4F828
:10AAE000052C02D007E06321C1E7F8F755FC03F01D
:10AAF000B3F90128F7D10021B9E73CA13846F4F7B2
:10AB00006DF85FEA00093FD0F4F792F80028D3D03F
:10AB10004846F4F747F8061E01DC0721A7E700279F
:10AB20000AE039464846F4F737F801AA694603F0C7
:10AB300099FB01009BD17F1CB742F2DBFFF76EFD52
:10AB4000824600271DE039464846F4F725F801AA59
:10AB5000694603F087FB010089D10098FEF780FE6B
:10AB60000198002802DCFFF78BFA09E04FF47A71B4
:10AB70004843C4E9140AF1F74DFFE06484F80F80FC
:10AB80007F1CB742DFDBB6E76946384601F0C0FA02
:10AB900010B1052806D006E0FFF772FA0098FEF71C
:10ABA0005FFEA8E70120014661E700006374726C54
:10ABB000000000005700000044540000444F000013
:10ABC000A4040020706174726F6C00007265626F83
:10ABD0006F7400005369676E616C5175657279001E
:10ABE000B8780020726573746F726500636E437489
:10ABF000726C00002DE9F0410D4604000CD05DB1EF
:10AC000043A105F12400EDF761FB28B941A105F14D
:10AC10003400EDF75BFB10B10020BDE8F0813EA1F0
:10AC20002046F3F7DBFF78B13CA1F3F7D7FF040030
:10AC30000AD0F4F71FF838B1206928B1072238A1EB
:10AC4000EDF768FBA0B904E00521284602F08EFF6D
:10AC50005AE02069EDF733FBC02809D20D212069A5
:10AC6000EDF723FB20B90A212069EDF71EFB08B19F
:10AC70005B21EAE72C4FF87D48B92C48007830B9C1
:10AC8000F1F79EFB012802D02948007808B10C2179
:10AC9000DBE725480026072205F12C01C030EDF73F
:10ACA000F8FA2148C030C671216901F069F801281D
:10ACB00001D06321C9E721691E4C39B3BF22204668
:10ACC000EDF7E7FA84F8BF604FF480711A48EDF7AA
:10ACD000C3FAFF2219A11848EDF7DBFA29463822FA
:10ACE0001948EDF792FAF6F75DF90F4C8034606180
:10ACF000F6F752F9A061F6F75BF9E061F1F78AFE29
:10AD000020623E760120F875012086E72670DBE799
:10AD10006F746100570000004454000075726C00AD
:10AD2000687474703A2F2F00A40400209803002048
:10AD300002040020F5570020484900206361743167
:10AD40002E62696E00000000687900202DE9F04352
:10AD5000ADF5237D0D46040012D08DB143A105F160
:10AD60002400EDF7B3FA58B905F1340041A10646C5
:10AD7000EDF7ACFA48B140A13046EDF7A7FA20B1A3
:10AD800000200DF5237DBDE8F0833CA12046F3F7BC
:10AD900025FF040018D0F3F764FFA8B136A13046B0
:10ADA000EDF794FA90B136A12046F3F717FF5FEA6A
:10ADB00000084DD0F3F73CFF80B14046F3F7F2FEB8
:10ADC000061E0DDC07214CE005214AE029462046FD
:10ADD00001F08AFC010044D10120D2E7022140E0C9
:10ADE00000210C46894630E021464046F3F7D4FE68
:10ADF0000700F3D0F3F72CFF0028EFD07F69781E0F
:10AE0000082801D303212CE001F04EFB07EB0710CB
:10AE100000EB87171B48384410F8510C012801D06B
:10AE200001211EE04FF4227216496846EDF7EDF954
:10AE300069463944684601F8519C02F031FA01280C
:10AE400001D00A210DE04946641CB442CCDB08E085
:10AE500006A12046F3F7C2FE0028B5D002F044FA5E
:10AE60000146284602F0ACFCB6E70000706C616E4B
:10AE70000000000057000000520000004454000091
:10AE800064656C00288000202DE9F0470D46040021
:10AE90000CD05DB137A105F12400EDF717FA28B900
:10AEA00036A105F13400EDF711FA10B10020BDE82C
:10AEB000F08733A12046F3F791FE90B131A1F3F76B
:10AEC0008DFE5FEA00080CD0F3F7B2FE48B14046B1
:10AED000F3F768FE002806DC0721284602F046FE4C
:10AEE00046E00521F9E7002201212846FFF750F945
:10AEF0005FEA00090BD022A0FFF7D5F8070008D0C1
:10AF000002461FA14846F3F787FD00241FE00C21ED
:10AF1000E3E74846F3F71CFEF9E721464046F3F71E
:10AF20003BFE06000DD0F3F7A5FE50B1316941B1EB
:10AF30003846FDF797FF48B14846F3F709FE01216F
:10AF4000CBE74846F3F704FE0221C6E7641C4046FF
:10AF5000F3F728FEA042E0DC0021484603F070F839
:10AF600018B10C21284603F03DF84846F3F7F0FDF0
:10AF700001209CE770726F7000000000520000001A
:10AF80004454000070726F70730000002DE9F04FA0
:10AF9000ADF5177D8A4604000ED0BAF1000F0BD034
:10AFA0006CA10AF12400EDF791F928B96BA10AF11F
:10AFB0003400EDF78BF920B100200DF5177DBDE8C9
:10AFC000F08F67A12046F3F709FE07002DD0F3F7B5
:10AFD00048FE50B363A13846F3F700FE044662A171
:10AFE0003846F3F7FBFD814660A13846F3F7F6FDDE
:10AFF000804660A13846F3F7F1FD06465EA138466B
:10B00000F3F7ECFD05465DA13846F3F7E7FD83460F
:10B01000002004B10120B9F1000F00D00120B8F1E7
:10B02000000F00D001203EB901E005218AE01DB9E2
:10B03000BBF1000F00D168B14FF4D272514968469C
:10B04000EDF7E3F844EA090040EA0800304303D092
:10B05000012702E0012175E000270EB1012000E088
:10B06000002096900DB1012000E000204649CDE976
:10B070009410802269A8EDF7C8F800208A902CB1BE
:10B0800069462046FEF7E2FD01005BD1B9F1000000
:10B0900004D06946FEF7F8FB010053D1B8F1000077
:10B0A00004D06946FEF72AFE01004BD12EB1694655
:10B0B0003046FEF7B9FE010044D145B128468DACBB
:10B0C00000F0A8F968B1214600F08EFF58B1BBF13D
:10B0D00000000AD08AAA69A9FEF78EFC010031D1CE
:10B0E00003E002212EE003212CE08A9857EA0001B8
:10B0F00017D008B1012300E000230FB1012100E0C7
:10B10000002169AA684602F047F900B34FB14FF435
:10B11000D27269461B48EDF778F8969808B102F0AC
:10B1200093FD959810B18DA802F0C2FF8A9840B1A6
:10B13000802269A99498EDF768F8F4F70DFBFCF705
:10B1400027FF0021504602F011FD012035E7632161
:10B15000F8E7000070726F700000000057000000F8
:10B16000445400004769730044696D0053656E7371
:10B1700065000000537672005254430046616374C8
:10B180006F727900847E0020F800002070B50C46B4
:10B1900005000CD05CB11CA104F12400EDF796F879
:10B1A00028B91BA104F13400EDF790F808B1002094
:10B1B00070BD18A12846F3F711FD00B316A1F3F7EF
:10B1C0000DFDE0B1164D6E7B00F024F928B131463B
:10B1D000FEF7E2FD012E07D00CE0012E0AD101217D
:10B1E00004F11000FEF7D8FD012803D10020687398
:10B1F0000120A873F1F70EFC6862012070BD0121E7
:10B20000204602F0B3FCF8E772717374000000008E
:10B210005200000044540000546D43616C6900000A
:10B22000A404002070B5134C00252574A065607C33
:10B23000FF2801D2401C6074A06F401CA067607C96
:10B24000032816D365740CA6F1F7BAF8012810D0BC
:10B25000F5F77EFE01280CD02574F7F769FC002273
:10B2600011460320F6F754F83046BDE87040F5F774
:10B2700077BF70BDA4040020686561727462656167
:10B28000745F6E6F5F61636B0000000070B5304CDF
:10B290000546207802281ED1F1F792F801281AD02D
:10B2A000F5F756FE012816D0A06DA8B1217CA9B1F2
:10B2B000012921D002290ED1F5F774FE216E8842B2
:10B2C0002CD0002020746074A565F5F76BFEE06655
:10B2D000606F401C606770BDA56570BD4EF6602153
:10B2E000F1F79EFB0128F8D1F7F71AFC012810D0DE
:10B2F00001202074E56570BDF7F712FC012808D025
:10B3000043F69821E06DF1F78BFB0128F3D111A1F1
:10B3100018E02846BDE8704000F034B8F5F73CFE70
:10B32000616E884204D1F5F743FEA16E884201D0D8
:10B330000DA107E04AF6C871E06DF1F771FB012835
:10B34000D9D10DA12846BDE87040FFF76BBF0000C2
:10B35000A40400207375626D69742062757379208E
:10B3600074696D656F7574007075626C69736820BF
:10B370006661696C6564000061636B2074696D656A
:10B380006F75740070B5054602F02AFA28B1284698
:10B39000BDE8704009A1FFF745BFF5F703FE0B4C70
:10B3A0002066F5F7F9FD6066F5F702FEA06602205B
:10B3B0002074E565206F401C206770BD7375626D59
:10B3C0006974206661696C6564000000A404002053
:10B3D0000021425C303A0A2A04D2491C0F29F8DBCA
:10B3E000C07B08B100207047012070474FF4C8713E
:10B3F00090FBF1F201FB120149B1642190FBF1F2E3
:10B4000001FB120109B1800701D000207047012023
:10B410007047000010B5040015D0F3F72BFC10B1F5
:10B420002069002810D12046F3F71BFC58B107A172
:10B430002046F3F7D3FB040005D0F3F71BFC10B153
:10B440002069002800D1002010BD000074696D65DE
:10B45000000000002DE9F0411D461646F3F7BEFB43
:10B46000040005D0F3F7F4FB002720B160690BE07E
:10B470000020BDE8F0812046F3F7E3FB40B1204611
:10B48000F3F701FC00B1012030602F600120F0E7EC
:10B4900002202860FAE7000070B594B00D46064619
:10B4A00000F094F94FF0FF34002828D000F040FA63
:10B4B000034614A2082112A8F2F72CFC072212A9B5
:10B4C0001248ECF7E6FE1149002011A3C87112AA38
:10B4D00010A104A8FFF775F89DF8100078B111A825
:10B4E0000FA90DAA08ABCDE90032CDE9021004ABDB
:10B4F0000AA229463046F2F70DFC14B070BD204672
:10B50000FBE700002530366C750000005C0500206C
:10B510004800000072657074000000007B22534EEA
:10B52000223A222573222C22544D223A22257322BC
:10B530002C225356223A222573222C224944223AA5
:10B54000222573222C224354223A222573227D0085
:10B5500070B5A6B00D46064600F038F94FF0FF343E
:10B56000E8B326A326A228A118A8FFF72AF89DF879
:10B570006000A0B3FEF7B6FEFEF780FE78B3803021
:10B580000DF1500C90E81E008CE81E0010380DF1F3
:10B59000400C90E81E008CE81E0010380DF1300CB5
:10B5A0001EC88CE81E0050F8401C0DF1200C50F80D
:10B5B000144CA0F12C03A0F13C028CE81E0050F8C2
:10B5C000442CA0F15C0150F8700C403BCDE9040321
:10B5D000CDE9061225A823A921AA1CAB00E00BE0A7
:10B5E000CDE90032CDE9021018AB094A29463046B0
:10B5F000F2F790FB26B070BD2046FBE74C00000040
:10B60000303030303031000072657074000000005E
:10B610007CEB01080C4810B5417A012913D14FF495
:10B62000FA71406CF1F7FCF900280CD0BFF34F8F92
:10B6300006480168064A01F4E06111430160BFF366
:10B640004F8F00BFFDE710BDA40400200CED00E00B
:10B650000400FA0510B5040007D000F0B7F80100A7
:10B6600003D02046ECF732FE08B1002010BD0120C7
:10B6700010BD000070B5040020D0124800780228E8
:10B680001CD100F0A3F8050018D094F82C0050B19C
:10B690000C48B830007830B10A4904F12C00B831B8
:10B6A000ECF714FE50B908A104F13400ECF70EFEDB
:10B6B00020B929462046ECF709FE08B1002070BDEC
:10B6C000012070BDA40400204800000070B50400F3
:10B6D0001DD01C4E3078012801D0032817D100F06E
:10B6E00075F8050013D018A104F13400ECF7EEFD55
:10B6F00068B929462046ECF7E9FD40B994F82C00DA
:10B7000038B112A104F12C00ECF7E0FD08B10020E3
:10B7100070BDF1F77FF90446F5F7E4FC012801D18B
:10B72000F5F7E6FC022030700020B075204602F0EC
:10B730002DFDB07B012801D0012000E000203073F6
:10B74000012070BDA40400204C00000030303030D7
:10B750003031000010B5F7F7EBF900221146032055
:10B76000F5F7D6FDBDE81040F2F78ABA2DE9FC41A5
:10B770000D0004461DD0F4B1FFF72AFED8B1052113
:10B780002046F3F7F9FCC04386B20521601DF3F7AC
:10B79000F3FCC04387B2052104F10A00F3F7ECFC87
:10B7A000C04383B205A20D212846CDE90067F2F718
:10B7B000B1FABDE8FC8100202870FAE72530345842
:10B7C000253034582530345800000000044810B5A6
:10B7D000007818B900F00EF8002800D0004810BD1D
:10B7E000F04E002010B5FFF7F1FF002800D06530C3
:10B7F00010BD0000F0B585B0FEF760FC00250F27F6
:10B8000001950295039501AC324E28462A463946E9
:10B81000049507E0A3F1300CBCF1090F01D82354C3
:10B82000401C521CB35C1BB1884201DAB842F1DB08
:10B8300025542046FFF7CCFD40F20511002843D0E7
:10B840002548ECF709FD01A92348ECF75AFD2248E9
:10B8500001A91030ECF755FD1F4801A92030ECF785
:10B8600050FD1D4901A83031FFF780FF1A4801AC97
:10B870001AA31BA228213D300094F2F74BFA164878
:10B8800016A31BA2282165300094F2F743FA124850
:10B8900012A31BA228218D300094F2F73BFA0E4828
:10B8A0000EA31BA22821B5300094F2F733FA0A4800
:10B8B0000AA31BA22821DD300094F2F72BFAFEF731
:10B8C000E1FC012005B0F0BD25700348ECF7C4FC95
:10B8D0000020F7E7D0130020F04E00204D53000069
:10B8E00025732F25732F706C743264657600000009
:10B8F00025732F25732F64657632706C74000000F9
:10B9000025732F25732F6F66666C696E65000000C6
:10B9100025732F25732F70637032646576000000E5
:10B9200025732F25732F64657632706370000000D5
:10B930000548064B816A8A1E9A4201D3022100E023
:10B94000491C816208467047A40400203D420F0054
:10B950000548418B491C0904090C418301D101218F
:10B96000418388B270470000A404002070B5194DCF
:10B97000002405F1B8002C70EC612C626C6204703C
:10B980000830A0F1400604702C71AC636C71AC718E
:10B990002C756C757460AC75B460F4603461EC71D6
:10B9A0002C722C74AC65EC652C666C66AC666C74A1
:10B9B000F5F7F8FAE866AC74EC67EC7434602C7355
:10B9C0006C7300F06FF9FDF705FFAC72EC72AC64BC
:10B9D00070BD0000A40400202DE9F05FF1F71AF813
:10B9E0000546FEF74BFC070068D0954C0026E07B2F
:10B9F000012808D1D4E91301F1F712F818B1E67360
:10BA0000606DFDF72DFFD7F8B400002801DC4FF47E
:10BA100096704FF47A7100FB01FAD7F8BC00002849
:10BA200001DC4FF461604FF47A7100FB01F920787A
:10BA3000DFF80C82012708F1800803282FD00128A5
:10BA400055D0002868D0022838D1F5F7ABFAE16E5E
:10BA5000884203D0E066607C00B166742846FFF738
:10BA600015FCFDF783FE012828D0284600F02EF9AA
:10BA7000012823D0284600F0E3F901281ED0207ABF
:10BA800001284DD0E079012851D0A079012855D066
:10BA9000207B012866D0207901286AD070E0F5F774
:10BAA00081FAD8F808104646884209D0F5F71AFB03
:10BAB000012801D1F5F71CFB2770E561BDE8F09F77
:10BAC000F5F776FA3169884201D05EA01FE0F5F7FC
:10BAD00063FAF168884201D060A018E04AF6C871A4
:10BAE000E069F0F79DFF0128E8D161A00FE047F27F
:10BAF0003051E069F0F794FF0028DFD0A07DFF28E7
:10BB000001D2401CA075C0B2022804D35DA0BDE8DC
:10BB1000F05FFFF71FBE2670BDE8F05F01F07CBE4E
:10BB2000206C01F0A7FE0028C8D1267204E0E06B6B
:10BB300001F0F0FE0028C1D1E671BFE7607D78B169
:10BB4000207D5549C0EB001011EB800008D0816BBF
:10BB500002F01AF80028B1D1BDE8F05F02F07CB81D
:10BB6000A671ABE702F024F80028A7D1267367730B
:10BB700064E040F6B831A06BF0F752FF00289DD08A
:10BB8000607901280DD02079012815D0284602F0CF
:10BB90009DFA012892D0A07C41F2883B012812D066
:10BBA00017E0F6F7BDFF012888D13CA001F084FF23
:10BBB000002883D166711FE039A001F07DFF0028C5
:10BBC000BBD126717AE75946E06FF0F729FF0128CB
:10BBD0000BD05146206AF0F723FF78B12FA001F077
:10BBE0006BFF48B1A774E56768E7A6742BA001F066
:10BBF00063FF08B125621DE025625FE7E07C012854
:10BC000006D15946D8F80000F0F70AFF01280CD0F9
:10BC10004946606AF0F704FF00288ED001F0C8FFA3
:10BC200060B1E774C8F8005048E7E67401F0C0FF5F
:10BC300020B16562BDE8F05FFEF770BA65623DE76E
:10BC4000A40400206C6F67696E5F7075626C697325
:10BC5000685F74696D656F75740000006C6F67696B
:10BC60006E5F7075626C6973685F6661696C000015
:10BC70006C6F67696E5F7075626C6973685F73740F
:10BC8000616C6C006C6F67696E5F61636B5F746998
:10BC90006D656F7574000000F078002043000000AF
:10BCA0004200000070B5074D00243821EC750648AD
:10BCB000ECF7D2FA05F1800044618461C46104624A
:10BCC0002C7670BDA40400206879002070B52A4C41
:10BCD0000646E07D00284ED004F18005012802D000
:10BCE000022821D046E0F6F71BFF30B3002123489D
:10BCF00001F04AFF48B1207E401CC0B220760328E4
:10BD000010D300BFFFF7CEFF34E0F5F74BF96861C1
:10BD1000F5F742F9A861F5F74BF9C5E907060220E6
:10BD2000E07527E02E6225E0F5F73CF96969884265
:10BD300004D0FFF7B7FFF7F72DFA1BE0E07D0228EC
:10BD400018D1F5F729F9A96988420AD1F5F730F930
:10BD5000E969884205D14AF6C871286AF0F760FEA1
:10BD600040B1207E401CC0B220760328CAD20120F8
:10BD7000E075D7E7012070BDA40400206879002099
:10BD800030B50C461449054689B000204876F0F7D6
:10BD900041FE11498031486320216846ECF75CFA86
:10BDA00001200E49009044B104E04A400C48641C54
:10BDB00002FB00F12278002AF7D1039125B1072276
:10BDC000294601A8ECF765FA684600F037F8012823
:10BDD00000D0002009B030BDA4040020C59D1C8106
:10BDE0009301000170B588B0064614460D466846BA
:10BDF00000F022F8012804D1009801280CD0022874
:10BE00000AD020216846ECF727FA0120009007228B
:10BE1000084901A8ECF73DFA02200090CDE904653D
:10BE2000ADF81840684600F009F8012800D000205D
:10BE300008B070BD6405002002F04AB802F09EB858
:10BE4000F0B5384D06460027687E89B005F18004BC
:10BE500001280CD042F21071606BF0F7E1FD002870
:10BE600029D06846FFF7E8FF012823D11FE0F5F746
:10BE700099F8616A884206D02B4903200860084679
:10BE800002F07CF84AE0F5F787F8A16A88420AD107
:10BE9000F5F78EF8E16A884205D14AF6C871206B41
:10BEA000F0F7BEFDD8B3304600F042F837E0009816
:10BEB000022802D0002009B0F0BD1C48D0F80022B2
:10BEC000D0F80412B0F8080221F07F41049B93429D
:10BED00016D1059A8A4213D1BDF8181081420FD1AC
:10BEE0000127F6F71DFED0B101A801F065FD00287D
:10BEF0000D484FF02002694604D0ECF786F9D2E7EE
:10BF00006663D7E7ECF781F9F5F74CF86062F5F76F
:10BF100043F8A062F5F74CF8C4E90B066F760120F0
:10BF2000C9E70000A4040020A079002000800008D8
:10BF3000074948638039002048760649C869421C91
:10BF400004D0401CC861084602F018B870470000D1
:10BF500024050020A079002070B50C4605004FF0A4
:10BF6000FF3634D094B338212046ECF775F910230E
:10BF7000224618A12846FEF7F3F8142304F1100214
:10BF800015A12846FEF7ECF8082304F1240213A1BA
:10BF90002846FEF7E5F8082304F12C0210A12846F4
:10BFA000FEF7DEF8042304F134020EA12846FEF762
:10BFB000D7F8207850B194F8240038B194F82C00C8
:10BFC00020B194F8340008B1002070BDFFE730467E
:10BFD000FBE70000534E0000544D00005356000094
:10BFE000494400004354000030B58BB00C4610B3F8
:10BFF0000CB309AD08AB07AA05A98DE82E0006AB66
:10C0000004AA1BA1ECF7A6F9062814D10699481E2C
:10C010000C2810D2059870B10498FEF705F905991F
:10C02000884208D30798172805D808983B2802D8D3
:10C0300009983B2802D900200BB030BD00202060B9
:10C0400060602081049880B2E0800699C9B2617175
:10C05000059AD2B22271079BA370089B6370099B5B
:10C060002370EDF74CFC401CE07001202072E3E7E8
:10C07000253034752D253032752D2530327520252B
:10C080003032753A253032753A253032750000006D
:10C090002DE9F05F14468B4680460020DFF868905B
:10C0A000054602278246206059F825105FEA0800FD
:10C0B0000FD071B1F2F792FD06000AD0F2F7C8FD79
:10C0C000F0B17169CBF80010C4F800A00120BDE800
:10C0D000F09F6D1C062DE7DB0CA14046F2F77EFDBC
:10C0E00005000FD0F2F7A4FD50B100212846F2F769
:10C0F00053FD050006D0F2F7B4FD08B1A846CCE721
:10C100002760E3E70020E2E76C05002044696D004A
:10C11000FEB50D4606466A4601A9FFF7B9FF04467B
:10C120000098002807D16A4602A9304600F028F896
:10C13000009909B10846FEBD012802D102990229E1
:10C1400004D2012C04D10199652901D30320FEBD3D
:10C15000012801D1029929B1012C05D0012805D06F
:10C160000520FEBD002005E0019803E0034840786B
:10C1700000B9642028600020FEBD0000A404002057
:10C180002DE9F05F4FF00008DFF8A4A015460E4639
:10C19000834644464FF00209C2F800805AF8241042
:10C1A0005846F2F71BFD070011D0F2F74AFD0028B0
:10C1B000384604D0F2F767FD88BB30602CE0F2F718
:10C1C00047FD08B17869F8E7C5F8009024E0641CE1
:10C1D000062CE3DB17A15846F2F700FD040024D03B
:10C1E000F2F748FD0028EFD020690028ECD013A119
:10C1F000ECF76CF898B112A12069ECF767F870B110
:10C2000010A12069ECF762F860B10FA12069ECF78A
:10C210005DF838B1032028600120BDE8F09FFFE7FA
:10C220000120CAE7C6F80080F6E70020F5E7000025
:10C230008405002073746174650000006F6E000057
:10C240004F4E00006F6666004F46460070B50446CC
:10C25000F2F71EFC05000FD0024612A12046F2F7AD
:10C26000DBFB114E002400BF04EB041000EB841034
:10C27000315C012903D00FE04FF0FF3070BD304436
:10C280004178012908D18078ECF717FCF2F70CFC13
:10C2900001462846F2F7BEFB641C082CE4DB0020B4
:10C2A00070BD00006E6964002880002010B504464F
:10C2B000084600F089FE020005D004A12046F2F7EE
:10C2C000ABFB002010BD4FF0FF3010BD706C616EF5
:10C2D000000000004FF0FF307047000006480021CA
:10C2E000C180417081704FF6FF710181FF21C170E3
:10C2F0000171417170470000CC06002010B5038821
:10C300000C884FF0FF32A34201D01DD31EE083788A
:10C310008C78A34201D017D318E0C378CC78A3421D
:10C3200001D011D312E003790C79A34201D00BD3D1
:10C330000CE043794C79A34201D005D306E0807923
:10C340008979884205D001D2104610BD4FF0010016
:10C3500010BD4FF0000010BD10B583788C784FF001
:10C36000FF32A34201D017D318E0C378CC78A342A0
:10C3700001D011D312E003790C79A34201D00BD381
:10C380000CE043794C79A34201D005D306E08079D3
:10C390008979884205D001D2104610BD4FF00100C6
:10C3A00010BD4FF0000010BD0749CA8802804A79CD
:10C3B00082700A79C2708A7802714A78427109786B
:10C3C00081710021C1717047080F00202DE9F041F3
:10C3D0000E46B0F8091000F10904A1F57F4200F102
:10C3E0001107FF3A214630460CD0FFF787FF00289F
:10C3F0001ADB39463046FFF781FF002814DC0120A4
:10C40000BDE8F081FFF7A8FF054639463046FFF743
:10C41000A3FF064639462046FFF79EFF002805DCAD
:10C42000002D01DB002EEADD0020E9E7002DE6DA31
:10C43000F8E7000030B502884FF6FF74A24203D03F
:10C44000A2F2E471502927D281784B1E0C2B23D203
:10C45000C3780BB3022910D1A2420ED04FF4C87496
:10C46000B2FBF4F504FB1524C4B16424B2FBF4F56B
:10C4700004FB15240CB1920710D00A4A114411F89C
:10C48000011C994208DB0179172905D841793B291C
:10C4900002D880793B2803D9002030BD1D21F0E768
:10C4A000012030BD78EA010803480078012801D056
:10C4B00001F018BF70470000CC0600202DE9FE4FA8
:10C4C0000C4605002ED0002058492860A880087A24
:10C4D000012827D1C88840F2E472904222D34879DB
:10C4E00000B30C281ED80879E0B11F281AD8887824
:10C4F000172817D8084640783B2813D86846FFF716
:10C5000053FF9DF804009DF80510C0EB001001EBEF
:10C5100080000026DFF818B1A4F101094FF4B467D8
:10C52000029002E00020BDE8FE8F06EB061000EB53
:10C53000861101EB0B04207801286ED16078012868
:10C540006BD1E078012801D0022866D169462046E7
:10C55000FFF73CFF78B3E078012803D002285CD0D5
:10C56000002255E031480721C078401DB0FBF1F2B0
:10C5700001FB12016279012088400242F0D14CE0B7
:10C58000C2EBC20004EB80031933B9F1010F05D8E7
:10C590001978012000FA09F0014238D0002131E079
:10C5A00003EB810000F1040A808801E000F5B4602B
:10C5B0000028FBDB02E030E0A0F5B460B842FBDA13
:10C5C000DDF808C01FFA80F8E04508D0401C80B2B2
:10C5D000B0FBF7FC07FB1C0C0298844511D12878AE
:10C5E00020B1207995F804C060450AD9012028704F
:10C5F000A0786870207928719AF802006871AA7092
:10C60000E970491C9878884201DD0629C8DB521C74
:10C61000A079904201DD022AB2DB761C082E84DB71
:10C62000287800283FF47FAF01207CE7080F002026
:10C6300028800020F0B5B0F800C016460F46827979
:10C6400045790479C1788378ACF57F4E85B0BEF129
:10C65000FF0E0CD0CDE900310294CDE903526346C0
:10C6600008A231463846F1F755FB05B0F0BDCDE9DB
:10C670000252CDE900140BA231463846F1F74AFBCD
:10C68000F3E70000253034752D253032752D253027
:10C69000327520253032753A253032753A253032E0
:10C6A00075000000464646462D253032752D253052
:10C6B000327520253032753A253032753A253032C0
:10C6C0007500000070B51546F2F788FA040006D030
:10C6D000F2F7BEFA28B160692860002070BD05201D
:10C6E00070BD022070BD00002DE9FC410E460746DA
:10C6F000FFF7DAFE30A13846F2F770FA2F4D04004A
:10C7000018D0F2F7A5FA002842D06169481E022825
:10C7100039D26846FFF7D2FE9DF8000038B19DF887
:10C72000010000EB001101EB801042193DE00022F6
:10C73000114616E022A13846F2F750FA040015D04F
:10C74000F2F798FA20B3206910B31EA1EBF7BEFDF3
:10C7500028B11DA12069EBF7B9FD20B123E01B49E9
:10C760000022304624E000221949FAE719A1384690
:10C77000F2F734FA040009D0F2F76AFA40B16069BE
:10C78000411E082906D30320BDE8FC810520FBE7F4
:10C790000220F9E700EB001101EB8010421912F8BA
:10C7A000510C012801D00120EEE70B493046513AE7
:10C7B00000F0FCFBE8E700006E6F770028800020A7
:10C7C000444F00006E696400737200004DC201089E
:10C7D000D5C2010869640000ADC201082DE9F04727
:10C7E00089461CA1F2F7FAF95FEA00080AD0F2F7CD
:10C7F0001FFA08B34046F2F7D5F9041E04DC0720FF
:10C80000BDE8F0870520FBE7022C01DD0620F7E7F5
:10C81000002635464FF0010A15E029464046F2F75A
:10C82000BBF9070008D0F2F713FA28B17869401E67
:10C83000022803D30320E3E70220E1E70AFA00F12C
:10C840003143CEB26D1CA542E7DB89F800600020C1
:10C85000D6E70000636E7300F8B50D46040054D0AF
:10C86000002D52D0EBF72BFD13284ED120792D2827
:10C870004BD1E0792D2848D1A07A202845D1607B82
:10C880003A2842D1207C3A283FD1002028606860B5
:10C890006E46042223A12046EBF73CFDC0B10021E7
:10C8A00008466FF02F03225CA2F130070A2F2CD22A
:10C8B00001EB810103EB41011144401C89B20428C2
:10C8C000F1DB3180A91C601D00F03AFAE8B904E000
:10C8D0004FF6FF70ADF80000F4E7E91C04F1080022
:10C8E00000F02EFA88B9291D04F10B0000F028FA97
:10C8F00058B9691D04F10E0000F022FA28B9A91DEB
:10C9000004F1110000F01CFA08B10820F8BDBDF8D0
:10C91000000028802846FFF78DFD08B10020F8BDF3
:10C920000320F8BD46464646000000002DE9F843C6
:10C930000C46804651212046EBF78EFC01262670DE
:10C940006A467CA14046FFF7BDFE002820D1009832
:10C95000411E08296FD2A0706A4677A14046FFF7B2
:10C96000B1FE002814D1009808B1012863D110F05D
:10C97000FF0060700CD06A4670A14046FFF7A2FE2F
:10C98000002805D10098012804D0022802D00120F7
:10C99000BDE8F883E0706A466AA14046FFF792FE60
:10C9A0000028F5D10098411E082944D2207168A1C1
:10C9B0004046F2F713F9050075D0F2F75BF900284D
:10C9C00072D0286900286FD004F109010F46FFF7E3
:10C9D00043FF0028DCD160A14046F2F7FFF80500D4
:10C9E00061D0F2F747F900285ED0286900285BD0B3
:10C9F00004F111010D46FFF72FFF0028C8D1B4F84C
:10CA000009104FF6FF70814201D1012200E000229F
:10CA1000B4F81130834201D1012300E000239A428F
:10CA200007D1814208D029463846FFF767FC002825
:10CA300002DD0920ACE744E00027E7712772E078C7
:10CA400002281DD146A14046F2F7C8F8050008D0DB
:10CA5000F2F7FEF840B3686900F18001FF2930D891
:10CA6000E07142A14046F2F7B9F8050008D0F2F7AC
:10CA7000EFF8C8B1686900F18001FF2921D8207260
:10CA80003DA14046F2F7AAF805000ED0F2F7F2F801
:10CA900050B12D6945B1671D2846EBF710FC0728FA
:10CAA00008D0082074E726E027E0E078012822D0AB
:10CAB000677110E0002108462A5C312A03D0302A31
:10CAC00005D0032064E706FA00F20A43D1B2401C05
:10CAD0000728F1DB39702AA14046F2F77FF80700FA
:10CAE00009D0F2F7A5F840B13846F2F75BF8051E19
:10CAF00005DC07204CE705204AE7022048E7022D25
:10CB000001DD062044E7A57100260EE031463846D7
:10CB1000F2F742F8C6EBC60104EB8101E278193165
:10CB200000F032F8002885D1761CAE42EEDB002002
:10CB30002EE7000069640000656E0000747970657E
:10CB4000000000007072696F726974790000000063
:10CB50007344617465000000654461746500000001
:10CB60007365746F6666736574000000726973653F
:10CB70006F666673657400007765656B0000000082
:10CB80006A6F6273000000002DE9FF5F17460E46D2
:10CB900005007CD0F2F765F800287ED01C213046D5
:10CBA000EBF75AFB31462846FFF718FE002817D14D
:10CBB0005CA12846F2F712F8040007D0F2F748F813
:10CBC00000286AD06069022809D200E00020C0B2C3
:10CBD0007070012F02D0012805D007E030B101208C
:10CBE00004B0BDE8F09F012750A101E0002751A14A
:10CBF0002846F1F7F3FF019050A12846F1F7EEFF28
:10CC000081460198B8B1B9F1000F14D00198F2F73C
:10CC10000FF8E0B34846F2F70BF8C0B30198F1F70C
:10CC2000C1FF04464846F1F7BDFF002C01DD002896
:10CC300003DC0720D4E70520D2E7062C01DC062818
:10CC400001DD0620CCE7844201D00920C8E7B4709A
:10CC500000254FF0030A4FF0080B5EE029460198CB
:10CC6000F1F79AFF009029464846F1F795FF5FEAF1
:10CC7000000812D0F1F7ECFF48B100988FB130B145
:10CC8000F1F7E6FF18B100984069411E00E004E0AA
:10CC9000B1F5437F03D35046A2E70220A0E780B25C
:10CCA0002DE00028F9D0F1F7E5FF0028F5D0009835
:10CCB00000690028F1D00090EBF701FB052803D1B3
:10CCC000009880783A2801D0584689E702A9009850
:10CCD00000F036F80028F7D1009803A9C01C00F036
:10CCE0002FF80028F0D19DF808101729D3D89DF807
:10CCF0000C003B28CFD8C1EB011100EB810006EB03
:10CD000085018880D8F8140028B1A0F10A025B2AB6
:10CD100001D3032064E788716D1CA5429EDB0020CF
:10CD20005EE7000074696D65747000006454696D9D
:10CD30006500000074696D650000000062726900A2
:10CD40000278303A0A2A04D24078302801D33928B0
:10CD500002D94FF0FF30704702EB8202D02303EB81
:10CD60004202104408700020704700002DE9F35F74
:10CD7000009800287DD0019800287AD04FF42271C5
:10CD8000EBF76AFA0020834600EB001101EB8B10F1
:10CD900000994418019945182078012874D86178C1
:10CDA000012971D8287060786870A078A870E07840
:10CDB000E8702079287160796871A079A871E079AC
:10CDC000E871207A28722878012807D1A8780028ED
:10CDD0005AD0082858D8A879022855D804F1090053
:10CDE000FAF73FFAA5F80900E07AE872207B287389
:10CDF000607B6873A07BA873E07BE873207C287459
:10CE000004F11100FAF72DFAA5F81100E07CE8749E
:10CE1000207D2875607D6875A07DA875E07DE8752A
:10CE2000207E2876297C21BB18BB4FF0000A00BF6A
:10CE3000CAEBCA01192000EB810805EB810614F842
:10CE4000080006F8190F04EB08004178717081782A
:10CE5000B170C078F070062916D850B95FF000079D
:10CE600008EB8700001D80B220448146FAF7F9F9EB
:10CE700000E009E006EB8701888099F802008871DC
:10CE800099F80300C87110B10020BDE8FC9F7F1C19
:10CE9000FFB2062FE4D30AF1010000F0FF0ABAF155
:10CEA000020FC5D30BF10100C0B283460828FFF47E
:10CEB0006BAF0120E9E72DE9F34F81B04FF4227108
:10CEC0000298EBF7C9F90020824600EB001101EB54
:10CED0008A100299441801994518287820706878BA
:10CEE0006070A878A070E878E0702879207168797F
:10CEF0006071A879A071E879E071287A2072B5F89C
:10CF0000091004F10900FAF7D3FAE87AE072287BF5
:10CF10002073687B6073A87BA073E87BE073B5F82F
:10CF2000111004F11100FAF7C3FAE87CE074287DCF
:10CF30002075687D6075A87DA075E87DE0754FF06F
:10CF40000008C8EBC801192000EB810905EB810737
:10CF500004EB090017F8191F04F8091079784170DB
:10CF6000B9788170002609EB8600001D80B207EBBE
:10CF700086010091204489888346FAF799FA00993E
:10CF8000761CF6B289798BF80210062EEBD308F1E5
:10CF9000010000F0FF08B8F1020FD2D30AF101003E
:10CFA000C0B28246082890D3BDE8FE8F10B5134664
:10CFB0000A460446002100F04BFD18B10C21204622
:10CFC00000F0FEFB002010BD2DE9F04F93B00446A9
:10CFD000F1F79AFD5FEA000B46D0A078EBF76DFD04
:10CFE00002460B468DA15846F1F720FD6078EBF71D
:10CFF00064FD02460B468AA15846F1F717FD60789A
:10D0000000287DD0E078EBF758FD0B46024685A15D
:10D010005846F1F70BFD2079EBF74FFD02460B4622
:10D0200082A15846F1F702FD142208A904F1090073
:10D03000FFF700FB08AA80A15846F1F711FD142262
:10D0400008A904F11100FFF7F5FA08AA7CA15846D7
:10D05000F1F706FD617900200FAA012505FA00F31A
:10D060000B4205D0312304E0002013B0BDE8F08F5F
:10D0700030231354401C0728F0DB0020D07172A12C
:10D080005846F1F7EDFCE078022813D194F9070037
:10D09000EBF702FD02460B466DA15846F1F7C6FCC0
:10D0A00094F90800EBF7F8FC02460B466BA15846D2
:10D0B000F1F7BCFCF1F7ECFC5FEA000A5BD002463A
:10D0C00069A15846F1F7A8FCA0790027002817DDD0
:10D0D000C7EBC70004EB80051935F1F715FD814654
:10D0E000F1F7D6FC0646F1F7D3FC0190F1F7D0FC3E
:10D0F0008046B9F1000F31D06EB3019858B300E00B
:10D1000082E0B8F1000F26D02878C00707D00020B1
:10D110005749F1F7C9FC01463046F1F77BFC287806
:10D12000800708D500204FF08041F1F7BDFC014693
:10D130003046F1F76FFC32464EA14846F1F76CFCE1
:10D140006878EBF7BAFC02460B464BA14846F1F76C
:10D150006DFC00263BE04846F1F7FAFC16B130467C
:10D16000F1F7F6FC019808B1F1F7F2FCB8F1000014
:10D1700001D0F1F7EDFC5846F1F7EAFC74E7687866
:10D18000012805EB8600808840D03C23B0FBF3F2F9
:10D1900003FB1202B0FBF3F30DF1200C00921421FB
:10D1A00037A26046F0F7B6FD08A8F1F7B9FC0146D2
:10D1B0000198F1F72FFC05EB86008079EBF77DFCF9
:10D1C000F1F772FC01464046F1F724FC761CA87882
:10D1D000B04201DD062ED2DB687801281BD02BA1DE
:10D1E0004846019AF1F718FC42462AA14846F1F751
:10D1F00013FC49465046F1F70DFCA0797F1CB8425C
:10D2000002DD022FFFF664AF58462EE7EBF755FC20
:10D21000F1F74AFCCBE720A1E2E7000069640000D7
:10D22000656E000074797065000000007072696FAF
:10D230007269747900000000734461746500000035
:10D2400065446174650000007765656B000000004F
:10D250007365746F66667365740000007269736548
:10D260006F666673657400006A6F62730000000089
:10D270000000F03F636E730074696D6574700000A8
:10D28000253032753A2530327500000074696D65BD
:10D2900000000000627269006454696D650000005E
:10D2A00070B505460D49FFF706FE4FF422740023C2
:10D2B00022460A494FF4DA70F9F734FE012801D00A
:10D2C000002070BD224629460548EAF79EFF054921
:10D2D00001200870FFF702F8012070BDB082002025
:10D2E00028800020CC06002010B5ADF5387D040064
:10D2F0000ED0F1F7B6FC58B1A2A92046FFF716FBF5
:10D30000002806D1FFF7D0F89DF8890220B117E078
:10D3100002200DF5387D10BD9DF88A0200EB00114A
:10D3200001EB80111448014411F8510C012807D178
:10D330005122A2A85139EAF768FF00208DF889022E
:10D340004FF422720C496846EAF75FFF9DF88A02A3
:10D35000512200EB001101EB801069460844A2A99C
:10D360005138EAF752FF6846FFF79AFF012801D0CB
:10D370000A20CEE70020CCE72880002000B5CDB001
:10D38000694600F0C7F800234FF49872694684207C
:10D39000F9F7C8FD4DB000BDF0B514460A460021AE
:10D3A000D3B01E460F464CAD012A0ED100281ED028
:10D3B000694600F0AFF88420ADF830014FF4987062
:10D3C000CDF834D1ADF838010121012E0AD184B154
:10D3D00001EB4100802225F8207005EB8000491CFC
:10D3E0004460028139B100224CA8F9F7D3FD53B053
:10D3F000F0BD0020FBE70120F9E70844F9F735BF4D
:10D400002DE9F0478A46044600215046FFF7F5FF14
:10D4100044F85C0F04215046FFF7EFFF60600821DD
:10D420005046FFF7EAFFA0600C215046FFF7E5FFEA
:10D43000E06010215046FFF7E0FF206114215046C4
:10D44000FFF7DBFF606118215046FFF7D6FFA061B0
:10D450001C215046FFF7D1FFE06120215046FFF725
:10D46000CCFF206224215046FFF7C7FF60622821CD
:10D470005046FFF7C2FFA0622C215046FFF7BDFFC8
:10D48000E06230215046FFF7B8FF44F8300F201D0E
:10D4900020220AF134018C3CEAF7B7FE002084F820
:10D4A000AF0054215046B034FFF7A7FF2060582149
:10D4B0005046FFF7A2FF60605C215046FFF79DFFDA
:10D4C000A06060215046FFF798FF00256427E060C8
:10D4D0004FF0A8084FF0EC09B4F1B00407EB850158
:10D4E0005046FFF78AFF04EB850608EB850146F8F6
:10D4F000D80F5046FFF781FF706409EB8501504655
:10D50000FFF77BFF6D1CEDB2C6F88800112DE5D347
:10D51000BDE8F0872DE9F0478A4604464FF498713C
:10D520005046EAF799FE54F85C2F0021504600F06F
:10D530007DF804215046626800F078F808215046D2
:10D54000A26800F073F80C215046E26800F06EF813
:10D5500010215046226900F069F814215046626992
:10D5600000F064F818215046A26900F05FF81C2111
:10D570005046E26900F05AF820215046226A00F035
:10D5800055F824215046626A00F050F82821504690
:10D59000A26A00F04BF82C215046E26A00F046F8EF
:10D5A000226B302150465C3C00F040F8202204F110
:10D5B00090010AF13400EAF728FE54F8B02F542104
:10D5C000504600F033F858215046626800F02EF8BB
:10D5D0005C215046A26800F029F8E26860215046BC
:10D5E000B03C00F023F8002564274FF0A8084FF066
:10D5F000EC0900BF04EB850607EB850156F8D82F30
:10D60000504600F013F808EB85015046726C00F0AC
:10D610000DF809EB85015046D6F8882000F006F891
:10D620006D1CEDB2112DE5D3BDE8F087084411461D
:10D63000F9F744BF2DE9F04F95B0994692460F4651
:10D640008346FEF7C3F84FF0FF3800283BD0F5F7CC
:10D6500067FA002837D0FCF761FDFEF769F9034649
:10D6600040A2082113A8F0F755FB40A313AA40A13C
:10D670006846FCF7A6FF002211466846FCF788FDC5
:10D68000060020D03CA0FCF70EFD05463BA0FCF7B1
:10D690000AFD0446002D5CD0002C5AD014210EA89F
:10D6A000FCF7C8FF5846EBF708FA02460B4635A1CF
:10D6B0002046F1F7BBF90EAA34A12046F1F7D0F9C4
:10D6C0002FB1012004E0404615B0BDE8F08F0020E6
:10D6D000EBF7F3F902460B462EA12046F1F7A6F927
:10D6E00000222E4B2EA12046F1F7A0F95046EBF771
:10D6F000E4F902460B462BA12046F1F797F948467C
:10D70000EBF7DBF902460B4628A12046F1F78EF92C
:10D71000224629A12846F1F77FF92A4616A130466C
:10D72000F1F77AF94FF4006421462448EAF794FDB2
:10D730000023224621493046F1F73EFB48B11F48FD
:10D74000EAF7BDFD002804DD81B21C48F3F748F973
:10D7500018B13046F1F7FCF9B5E73046F1F7F8F9C2
:10D760000020B1E72530366C750000004100000054
:10D7700072657074000000004454000044542E612F
:10D780006C6D0000616C6D496400000074696D652A
:10D790000000000073746174757300000000F03FB6
:10D7A000636E730076616C75650000007468726565
:10D7B00073686F6C64000000616C6D00F54F0020B1
:10D7C00070B50D46040008D0FEF700F828B12946D0
:10D7D0002046BDE8704000F0C9B94FF0FF3070BD81
:10D7E00070B5FDF7F3FF4FF0FF3480B14FF40065E3
:10D7F00029460848FDF750FE002808DDA84206DA51
:10D8000081B20022034800F041FC002800D02046ED
:10D8100070BD0000F54F002070B5FDF7EBFF4FF035
:10D82000FF3478B14FF4006529461048FDF790FEAB
:10D83000002807DDA84205DA81B200220B4800F07B
:10D8400025FC08B1204670BDF3F7ACFB084CA06086
:10D85000F3F7A2FBE060F3F7ABFB2061803C032011
:10D860002070EFF7D7F8E061002070BDF54F002081
:10D87000240500202DE9F04180461F488EB04FF06E
:10D88000FF37007870B3FDF7A1FF58B31B4D15F8B3
:10D89000650F38B31AA3184A1AA16846FCF791FE1F
:10D8A000002211466846FCF773FC06001AD016A049
:10D8B000FCF7F9FB040012D04046EBF7EDF8024606
:10D8C0000B4612A12046F1F7B1F822460EA13046D0
:10D8D000F1F7A2F82946304600F0B2FB30B13046ED
:10D8E000F1F736F938460EB0BDE8F0813046F1F771
:10D8F0002FF90020F7E7000064050020F04E00201B
:10D90000450000006F746100445400006572726F3E
:10D91000720000002DE9F04180461F488EB04FF0A4
:10D92000FF37007870B3FDF751FF58B31B4D15F862
:10D93000650F38B31AA3184A1AA16846FCF741FECE
:10D94000002211466846FCF723FC06001AD016A0F8
:10D95000FCF7A9FB040012D04046EBF7AEF80246F4
:10D960000B4612A12046F1F761F822460EA130467F
:10D97000F1F752F82946304600F062FB30B13046EC
:10D98000F1F7E6F838460EB0BDE8F0813046F1F721
:10D99000DFF80020F7E7000064050020F04E0020CB
:10D9A000500000006F7461004454000070726F6793
:10D9B0007265737300000000F0B58FB005004FF082
:10D9C000FF362CD0287850B3FDF700FF38B3184C41
:10D9D00014F8650F18B317A32A4617A16846FCF779
:10D9E000F0FD002211466846FCF7D2FB070016D076
:10D9F0001248FCF758FB05000ED00022104B11A175
:10DA0000F1F714F82A460D493846F1F705F8214692
:10DA1000384600F015FB28B13846F1F799F8304642
:10DA20000FB0F0BD3846F1F793F80020F8E700009A
:10DA3000F04E0020500000006F74610088E1010882
:10DA40000000594070726F677265737300000000C8
:10DA50002DE9F041984616460D4604004FF0FF3779
:10DA60001BD0FDF7B3FEC0B12A4601212046FCF7CA
:10DA70008FFB050011D00FA0FCF715FB040009D0A7
:10DA800002460CA12846F0F7C7FF4EB1414620469A
:10DA9000B04728B12846F1F75BF83846BDE8F08179
:10DAA0000021284600F0CCFA04462846F1F750F849
:10DAB0002046F3E744540000F0B591B00746FDF767
:10DAC00085FE4FF0FF3680B3FDF732FF034621A2FB
:10DAD00008210EA8F0F71EF93B460EAA1FA16846C2
:10DAE000FCF76FFD002211466846FCF751FB05006C
:10DAF0001CD01CA0FCF7D7FA040022D0024619A1C2
:10DB00002846F0F789FF2046FBF720FB2046FBF76D
:10DB10009BFA2046FAF7DEFE2046FBF77FF912A1BA
:10DB20003846EAF7D3FB20B106E0FFE7304611B0F4
:10DB3000F0BD2046FBF7D4FB0021284600F080FA18
:10DB400018B12846F1F704F8F0E72846F1F700F895
:10DB50000020ECE72530366C7500000072657074AB
:10DB600000000000445400004300000070B50C4663
:10DB7000054600F009F8002805D02146284600F0A7
:10DB800031FA4FF0FF3070BD70B50A460121FCF745
:10DB9000FFFA040008D0002100F052FA05462046A2
:10DBA000F0F7D6FF284670BD4FF0FF3070BD000083
:10DBB00070B590B0FDF70AFE4FF0FF3650B3FDF799
:10DBC000B7FE034617A208210EA8F0F7A3F817A383
:10DBD0000EAA17A16846FCF7F4FC0022114668461D
:10DBE000FCF7D6FA050015D013A0FCF75CFA040088
:10DBF0000DD012A213A1F0F733FF22460EA1284642
:10DC0000F0F70AFF0021284600F01AFA28B128464A
:10DC1000F0F79EFF304610B070BD2846F0F798FF31
:10DC20000020F8E72530366C750000005200000037
:10DC3000727173740000000044540000546D43611D
:10DC40006C690000444F000010B5EEF7E3FEBDE83C
:10DC5000104000F09BBA00000A480022417D71B1DB
:10DC6000037D5B1CDBB20375022B00D30275491EDA
:10DC700011F0FF01417500D001218171704782715F
:10DC800070470000A40400202DE9F041040007D0F3
:10DC9000002640F2B2754FF4B77740F26D180BE0F2
:10DCA0000020BDE8F0812846FDF7A0FB08B138460A
:10DCB00000E0404606446D1CE088A842F3DC81B2D7
:10DCC0006079104A022802EB800252F8045C04DDFD
:10DCD0000846FDF78BFB00B16D1CA8192179401E89
:10DCE0000844A17800EB400001EBC0006178C0EB74
:10DCF000001001EB80002178C0EB001001EB8000E8
:10DD0000CFE7000010EA010810B5134C2078012875
:10DD100001D000F0DFF8EEF77DFEA269D2B1811AE2
:10DD20004FF47A73994211D3B1FBF3F163680B445A
:10DD3000636001EB4103C3EBC11302EBC302A261B9
:10DD4000064A126812B1A2681144A160BDE81040F1
:10DD500000F048B8A06110BDAC0600208003002090
:10DD600000B58DB0684600F023F800216846F9F749
:10DD7000EDFC0DB000BD0000014880687047000058
:10DD8000AC0600200148406870470000AC06002047
:10DD9000024801698068084470470000AC06002012
:10DDA0000248C1684068084470470000AC06002083
:10DDB00010B504460021F9F797FD012803D0302162
:10DDC0002046EAF749FA06484268C16811442160D2
:10DDD000016980680844606000F0F8F8A06010BD38
:10DDE000AC06002070B505460D480E4C007848B1D1
:10DDF0006078002805D1FFF7B3FF012801D1E56164
:10DE0000607070BD002060700749E069EEF708FEA1
:10DE10000128F6D1FFF7A4FF0128F2D1E56170BD1A
:10DE2000A0020020AC0600200074B70170B5094CB8
:10DE30002078012801D000F04DF8EEF7EBFD054603
:10DE4000FFF78EFF012801D0002070BD0120E561A1
:10DE500070BD0000AC0600202DE9F05F194C207861
:10DE6000012801D000F036F8FFF74EFF1649174A97
:10DE7000D4E901BAD4E9039851F89C7F666900207F
:10DE800015686060A060E0602061606108601060FB
:10DE9000FFF766FF01280DD0C4F804B0C4E904867A
:10DEA000C4E902A90848C0F89C7008480560002031
:10DEB000BDE8F09FEEF7AEFDA061E061002060706C
:10DEC0000120F5E7AC060020E000002074000020EF
:10DED000F9F7E6BC30B5124C8DB02078012816D089
:10DEE00000216846F9F700FD0025012811D0E56002
:10DEF0002561284665610B49C1F89C006560A560F5
:10DF0000EEF788FDA061E0616570012020700DB022
:10DF100030BD0098E0600198206102986061EAE7F6
:10DF2000AC060020E000002010B5FFF77FFF0128BD
:10DF300001D0002010BD02490120487010BD000032
:10DF4000AC06002010B504460B488CB000780128C0
:10DF500001D0FFF7BFFF6846FFF72AFF012C09D069
:10DF60005FF000008DF80C0000216846F9F7EEFB29
:10DF70000CB010BD0120F5E7AC06002010B58CB048
:10DF800004001FD010480078012801D0FFF7A2FF3D
:10DF90006846FFF70DFF20680490D4E90101CDE940
:10DFA0000501E06807902069089060690990208B5E
:10DFB000ADF82800E0690B9000216846F9F7C6FB30
:10DFC0000CB010BD0020FBE7AC060020034804495C
:10DFD000D0F89C000968084470470000E000002069
:10DFE000740000202DE9F0410E46050022D0124CAD
:10DFF000607D022806D3FFF72FFE04F18000416800
:10E00000491C4160207D617D0844C2B2022A01D3CF
:10E01000921ED2B2C2EB02110848382200EB8100F6
:10E0200007462946EAF7F1F8BE63607D401C60753B
:10E030000120A071BDE8F081A4040020F078002048
:10E040002DE9F0410D4606004FF0FF3411D04FF49A
:10E05000006739460C48EAF7FFF800233A460A49B8
:10E060003046F0F7A9FE20B10748EAF728F9002862
:10E0700002DC2046BDE8F0812A46BDE8F04181B2CD
:10E08000014800F003B80000F54F002010B54FF034
:10E09000FF3438B131B13AB101461046F1F754FCC2
:10E0A000002800D0204610BDF2F79AFCF8E70000E7
:10E0B000002808D0044902680A6042684A60008962
:10E0C0000881EEF7B3B97047080F002070B52C4CEB
:10E0D0000646A07A28B1002501281BD0A572002091
:10E0E00070BDFCF7CBF80028FAD0D0F8B4100029A6
:10E0F00001DC4FF496714FF47A704143A06CEEF757
:10E100008FFC0028ECD0F3F75BF80028E8D0012062
:10E11000A07232E0F4F7DEFF50B3F4F7E5FFA66437
:10E12000A572F2F7C1FD18B9F3F744F8012800D041
:10E130000020E17A012920D1E572D0B111480022F6
:10E14000FCF726F8050018D00FA0FBF7ACFF040081
:10E150000BD002460CA12846F0F75EFC2046FBF7E8
:10E16000BFF800212846FFF76BFF2846F0F7F0FCC8
:10E1700003E00D210348FFF7F9FC012070BD00000A
:10E18000A4040020B87800204454000010B5064CC8
:10E19000002120626062A064A172E1722174A06516
:10E1A000F2F700FFE06610BDA40400202DE9F0475F
:10E1B0000C002CD000282ADB294940F2B27790FBD2
:10E1C000F1F290FBF1F501FB12084FF4B77940F240
:10E1D0006D1A40F633063846FDF708F908B148468F
:10E1E00000E05046854204DB2D1A7F1CB742F2DD69
:10E1F0000DE0012631463846FCF716F8854204DB6F
:10E200002D1A761C0C2EF5DD01E00C2E02DD00200F
:10E21000BDE8F0874FF46161F3B26D1CEAB20020F3
:10E2200098FBF1F52060606098FBF1F62081B8B2B0
:10E23000E08063712271A57001FB16813C2591FB82
:10E24000F5F6667091FBF5F605FB1611217019467F
:10E25000EBF755FB401CE07001202072D8E700006E
:10E26000805101002DE9F04115460F4606002BD0E4
:10E27000F0F7F7FC40B318A13046F0F7AFFC04000C
:10E2800008D0F0F7E5FCF8B16069012804D0062059
:10E29000BDE8F0810520FBE739463046FDF738FF41
:10E2A0000028F5D128600DA13046F0F797FC040056
:10E2B00010D0F0F7CDFC38B16069002802DBB0F572
:10E2C000B46F03D90320E3E70220E1E7C0EB0010BD
:10E2D000800028600020DBE7636E73006C6173745C
:10E2E0000000000070B54FF42276002332460C493E
:10E2F0004FF4DA70F8F7BAFD01240A4D012805D170
:10E3000009490748FEF732FD012803D00648314687
:10E31000E9F7A2FF2C70BDE87040FDF7DFBF0000F9
:10E32000B0820020CC0600202880002010B518B153
:10E330004FF42272914201D0002010BD1146E9F73E
:10E340008BFF012010BD0000F0B58DB0FEF7ACF8DA
:10E3500002A80021FEF7B2F8002847D06846FEF771
:10E3600023F89DF804109DF80500C1EB011100EBA6
:10E3700081059DF809001E4C401EBDF80070C2B218
:10E38000B4F806C09DF802609DF803309DF80A10AD
:10E390009DF80B00BC4511D16778B7420ED1A67825
:10E3A0009E420BD12689AE4208D1E378934205D133
:10E3B00022798A4202D16179814217D09DF80D00FD
:10E3C000FBF792FCBDF80000E0809DF80200607051
:10E3D0009DF80300A07025819DF80900401EE070A3
:10E3E0009DF80A0020719DF80B0060710DB0F0BD22
:10E3F000CC06002000000000000000000102030421
:10E400000607080900000000010203040000C1C063
:10E4100081C1400101C3C003800241C201C6C006E0
:10E42000800741C70005C1C581C4400401CCC00CB0
:10E43000800D41CD000FC1CF81CE400E000AC1CA70
:10E4400081CB400B01C9C009800841C801D8C01860
:10E45000801941D9001BC1DB81DA401A001EC1DEE0
:10E4600081DF401F01DDC01D801C41DC0014C1D4D0
:10E4700081D5401501D7C017801641D601D2C012F0
:10E48000801341D30011C1D181D0401001F0C030C0
:10E49000803141F10033C1F381F240320036C1F6E0
:10E4A00081F7403701F5C035803441F4003CC1FCB0
:10E4B00081FD403D01FFC03F803E41FE01FAC03A70
:10E4C000803B41FB0039C1F981F840380028C1E8A0
:10E4D00081E9402901EBC02B802A41EA01EEC02EE0
:10E4E000802F41EF002DC1ED81EC402C01E4C024D0
:10E4F000802541E50027C1E781E640260022C1E2F0
:10E5000081E3402301E1C021802041E001A0C060FF
:10E51000806141A10063C1A381A240620066C1A6DF
:10E5200081A7406701A5C065806441A4006CC1ACAF
:10E5300081AD406D01AFC06F806E41AE01AAC06A6F
:10E54000806B41AB0069C1A981A840680078C1B85F
:10E5500081B9407901BBC07B807A41BA01BEC07EDF
:10E56000807F41BF007DC1BD81BC407C01B4C074CF
:10E57000807541B50077C1B781B640760072C1B2EF
:10E5800081B3407301B1C071807041B00050C1903F
:10E59000819140510193C053805241920196C056DF
:10E5A000805741970055C19581944054019CC05CAF
:10E5B000805D419D005FC19F819E405E005AC19A6F
:10E5C000819B405B0199C059805841980188C0489F
:10E5D00080494189004BC18B818A404A004EC18EDF
:10E5E000818F404F018DC04D804C418C0044C184CF
:10E5F000818540450187C047804641860182C042EF
:10E60000804341830041C1818180404030313233B9
:10E610003435363738394142434445460000FA0024
:10E6200068102201681040016810680168109001AC
:10E63000A60EB801480DE0013A0C0802400B30026A
:10E64000780A000096000000C4EA010801000000FA
:10E6500026B0FFDD0400010196001E009411681031
:10E660008C0AE8030100010132009411FA006801EC
:10E67000300244021EE6010809000000FA002201EF
:10E68000400168019001B801E00108023002000079
:10E690004346473101005C04400404000050000878
:10E6A000005800080008000052554E3101004C008F
:10E6B000300000000070000800780008000800002A
:10E6C00043414C3404001001F400000000600008D5
:10E6D00000680008000800001172010809720108B2
:10E6E0000D720108000000000050000800580008EA
:10E6F000006000080068000800700008007800084A
:10E700008F0200008F020000008000008F020000D6
:10E7100070FD000070FD00000080000070FD000032
:10E72000FBEB0400FD9C04006B530400DC0E0400B2
:10E73000F3CE030059930300BC5B0300D42703000E
:10E740005CF7020014CA0200C29F02003278020085
:10E75000315302009130020027100200CEF1010077
:10E760005FD50100BABA0100BFA10100528A0100C1
:10E7700057740100B55F0100574C0100253A0100B4
:10E780000D290100FC180100E0090100ABFB0000AD
:10E790004CEE0000B6E10000DCD50000B2CA00007B
:10E7A0002EC0000044B60000EBAC00001BA400002B
:10E7B000C99B0000F0930000868C00008785000054
:10E7C000EA7E0000AA780000C27200002C6D0000F2
:10E7D000E4670000E4620000295E0000AE5900001A
:10E7E000705500006C5100009D4D0000014A000072
:10E7F000954600005643000042400000563D000090
:10E800008F3A0000ED3700006D3500000D33000039
:10E81000CB300000A52E00009B2C0000AA2A00008F
:10E82000D22800001027000064250000CD2300003E
:10E8300049220000D7200000771F0000281E00009A
:10E84000E81C0000B71B0000941A00007F190000AC
:10E85000761800007917000088160000A215000045
:10E86000C6140000F41300002B1300006C1200000B
:10E87000B4110000051100005D100000BD0F000084
:10E88000240F0000910E0000040E00007E0D000019
:10E89000FD0C0000810C00000B0C00009A0B000026
:10E8A0002D0B0000C50A0000620A0000020A0000E9
:10E8B000A60900004E090000FA080000A90800009F
:10E8C0005B08000010080000C80700008307000074
:10E8D0004107000002070000C50600008A0600008C
:10E8E000510600001B060000E7050000B50500000A
:10E8F000840500005605000029050000FE04000004
:10E90000D4040000AD04000086040000610400008F
:10E910003D0400001B040000FA030000DA030000BD
:10E92000BB0300009D03000081030000650300009D
:10E930004A03000031030000180300000003000038
:10E94000E9020000D3020000BD020000A80200009E
:10E9500094020000810200006E0200005C020000D0
:10E960004A020000390200002902000019020000DA
:10E970000A020000FB010000ED010000DF010000C1
:10E98000D2010000C5010000B8010000AC01000088
:10E99000A0010000950100008A0100007F01000035
:10E9A000750100006B0100006101000058010000CA
:10E9B0004F010000460100000000000000000000C0
:10E9C0000000000000000000000000003031323381
:10E9D000343536373839414243444546000000005B
:10E9E0001F0000001C0000001F0000001E000000AF
:10E9F0001F0000001E0000001F0000001F0000009C
:10EA00001E0000001F0000001E0000001F0000008C
:10EA1000000000001F0000003B0000005A00000042
:10EA20007800000097000000B5000000D40000004E
:10EA3000F300000011010000300100004E01000051
:10EA4000C0EC0108ECEC0108E4EC0108F0EC010872
:10EA500004ED010824ED0108CCEC010828ED0108C3
:10EA600018ED0108FCEC0108C4EC010810ED0108E8
:10EA7000D4EC0108DCEC01081F1C1F1E1F1E1F1F09
:10EA80001E1F1E1FDDDDDDDDDCBBBBDDDDDDDDDDF5
:10EA9000DDDDDDDD988888888888888877777777D6
:10EAA00077888888855555566666666666666666A2
:10EAB000666888888333333222222222222222224D
:10EAC0002228888D444C2D3135305A2D3536542D21
:10EAD0004D58470047455420257320485454502F23
:10EAE000312E310D0A486F73743A2025733A25751B
:10EAF0000D0A4163636570743A202A2F2A0D0A417A
:10EB000063636570742D456E636F64696E673A2048
:10EB10006964656E746974790D0A436F6E6E65631E
:10EB200074696F6E3A20636C6F73650D0A0D0A008D
:10EB30006F6E6F666600000073776974636800002B
:10EB40004272690062726900626C00006C657665F1
:10EB50006C00000064696D006F6E0000706F776577
:10EB6000720000006272696768746E6573730000FA
:10EB70006C69676874000000737700007B22534E55
:10EB8000223A222573222C22544D223A2225732226
:10EB90002C225356223A222573222C224944223A0F
:10EBA000222573222C224354223A222573222C221E
:10EBB0004454223A7B22446576496E666F223A7B42
:10EBC0002270726F744964223A25642C22636C614E
:10EBD00073223A222573222C2270726F6474702281
:10EBE0003A222573222C2268766572223A25642CFB
:10EBF0002273766572223A25647D2C224D646C491D
:10EC00006E666F223A7B226D766572223A222573F8
:10EC1000222C226963636964223A222573227D2CA7
:10EC200022476973223A7B226C6E67223A256C6414
:10EC30002C226C6174223A256C642C227A6F6E65EA
:10EC4000223A25647D2C2244696D223A5B7B226343
:10EC50006E73223A25642C2264696D5470223A2521
:10EC6000642C22706F6C6172223A25642C22646CD1
:10EC70006D74223A25642C22756C6D74223A2564D9
:10EC80002C22727469223A25642C22727450777295
:10EC9000223A25647D5D2C2253656E7365223A7B92
:10ECA000226469223A25642C2273427269223A2531
:10ECB000642C2273427269546D223A25647D7D7DF5
:10ECC00000000000524541440000000053544147F9
:10ECD0004500000052454C454153450044494147D9
:10ECE00000000000424547494E00000043415000EB
:10ECF000484541525442454154000000434F4D4D58
:10ED0000495400005345545F504F494E5400000091
:10ED100041424F52540000005345545F4F555450E8
:10ED200055540000524157004150504C59000000CA
:10ED300050ED010800000020E006000034930008B8
:10ED40001CEE0108E00600205888000028DE0008BC
:10ED50001264520129068210034724F403FFE803DA
:10ED600001C3035801644FE803E80350465FF2C84B
:10ED7000320CEB2C0130D99A01153A78282BB80BBC
:10ED8000582962011EA9DD0223050A140175012E0E
:10ED90001944032E60EA0376B80B025F5003162C69
:10EDA0000113C9DD1B086D0415B52D010802266489
:10EDB000294B13B85812200296101E44EB0108404C
:10EDC000041A64041A4C041A48041A54041A7804E5
:10EDD0001A38041A30041A5C041A58041A7004E32E
:10EDE0001027DA1110DA1210DA1310DA1410DA150B
:10EDF00010DA1610DA1710DA18102A1910A201DA30
:10EE00001A20DA1B10DA1C10DA1D10DA1E10DA1FB5
:0CEE100010DA201001232CFFFFFF05A1E9
:04000005080081313D
:00000001FF
