:020000040800F2
:10800000F06A002045810008BFC200085DC1000879
:10801000BDC20008FD81000867CD00080000000017
:108020000000000000000000000000009DC40008E7
:10803000FF8100080000000069C400083DC5000879
:108040005F8100085F8100085F8100085F81000890
:108050005F8100085F8100085F8100085F81000880
:108060005F8100085F8100085F8100086598000853
:10807000719800085F8100085F8100085F81000837
:108080005F8100085F8100085F8100085F81000850
:1080900065CD00085F8100085F8100085F810008EE
:1080A0005F8100085F8100085F8100085F81000830
:1080B000D9C500085F810008E5C500085F81000898
:1080C0005F8100085F8100085F8100085F81000810
:1080D0005F8100084DCD000859CD00085F81000880
:1080E0005F8100085F8100085F8100085F810008F0
:1080F0005F8100085F8100085F8100085F810008E0
:108100005F8100085F8100085F8100085F810008CF
:108110005F8100085F8100085F8100085F810008BF
:108120005F8100085F8100085F8100085F810008AF
:10813000DFF80CD001F0ECF8004800472D080108EA
:10814000F06A00200648804706480047FEE7FEE741
:10815000FEE7FEE7FEE7FEE7FEE7FEE7FEE7FEE7F7
:10816000D5C5000831810008202A04DB203A21FA15
:1081700002F00021704721FA02F3D040C2F1200240
:108180009140084319467047A0F14101192900D8D0
:108190002030704710B5431A934209D283188818CB
:1081A00003E010F8011D03F8011D521EF9D210BDA5
:1081B00040EA01039B0703D009E008C9121F08C069
:1081C000042AFAD203E011F8013B00F8013B521EE9
:1081D000F9D210BDD2B201E000F8012B491EFBD24A
:1081E00070470022F6E710B513460A4604461946C2
:1081F000FFF7F0FF204610BD00207047FEE77047F4
:1082000078563412EFCDAB89030030B505462A46C7
:108210000B4612F8010B13F8014B08B1A042F8D03D
:108220001CB1002802D06D1CF1E7284630BD10B506
:10823000044604E00B7800F8013B03B1491C521ED0
:10824000F8D2204610BDCAB2401E10F8011F8A4263
:1082500002D00029F9D100207047421C10F8011B00
:108260000029FBD1801A704710B5002200E0521C93
:10827000835C8C5CA34201D1002BF8D1D8B2E1B26F
:10828000401A10BD30B504460020034600E05B1CD8
:10829000934203D2E05CCD5C401BF8D030BD034676
:1082A00011F8012B00F8012B002AF9D1184670476C
:1082B00030B505460020034600E05B1C934205D222
:1082C000EC5CC85C201A01D1002CF6D130BD02460E
:1082D000C9B200E0401C0378002BFBD102E0037818
:1082E0008B4203D0401E9042F9D20020704700001C
:1082F0000FB400B58DB010A909900B9000914FF00C
:10830000FF300A9000200C90054806900548079021
:108310006A4609A80F9900F09FFD0DB05DF814FBA7
:10832000758E0008938E00082DE9FF5F1D464FF003
:10833000FF3BD5E9014691465F464FF00008A96929
:108340007F1C01988847296A824688470028F6D111
:10835000BAF1FF3F0CD024F4C064002E19DD600692
:1083600014D5BAF12B0F09D0BAF12D0F0ED103E0BD
:10837000584604B0BDE8F09F44F48064A9697F1CAE
:1083800001988847761E8246002E02DDBAF1300F32
:1083900003D0B9F1000F26D032E0A969761E44F46B
:1083A00000747F1C019888478246002E05DDBAF1D3
:1083B000780F06D0BAF1580F03D0B9F1000F10D0E2
:1083C0001EE0B9F1000F02D0B9F1100F18D1A96960
:1083D000761E24F400747F1C019888478246102082
:1083E00002E0082000E00A20814609E008FB0908B5
:1083F000A969761E44F400747F1C01988847824660
:10840000002E05DD4946504600F012FD0028EDDA49
:10841000E96901988847A00502D46FF00100A8E738
:10842000E00725D1600613D5600502D5C8F100002C
:1084300000E0404629680A1D2A600968220501D526
:10844000087015E0220701D5088011E008600FE0F0
:108450002868011D29600068210502D580F8008088
:1084600006E0210702D5A0F8008001E0C0F80080F6
:1084700038467EE72DE9FF4F087883B09946FF28FC
:1084800005D0491C2D2804D00024002008E000203D
:108490000BE00124F9E700EB800003EB4000491CEE
:1084A0000B78FF2BF7D104B14042002302931478DC
:1084B00019461D462D2C01D02B2C04D1521C2D2CDD
:1084C00013D000240294AA461478FF2C0FD00A255A
:1084D000A3FB057801FB05814FF0000C03FB0C1199
:1084E000521CE3194AEB0101EEE70124EAE781445B
:1084F00053EA010002D019F5C87F06DA039800217B
:10850000C0E9001107B0BDE8F08F0025AE4E2F4640
:10851000DFF8B882184600F094FECDE90001B9F109
:10852000000002DAC9F1000400E004460023A74A73
:108530001AEB030B42EB045A12E0E00707D02A467D
:1085400033463846414600F0C0FA074688462A4678
:1085500033461046194600F0B8FA05460E46641038
:10856000002CEAD1DDE90001B9F1000F5A4653466B
:1085700006DA00F0F7FD3A46434600F0F3FD05E069
:1085800000F0A3FA3A46434600F09FFA029A0AB175
:1085900081F00041039AC2E90001B3E72DE9FF4FE2
:1085A0001F468DB0D7E901464FF0FF382E204546D3
:1085B0004FF000090B90B9696D1C0E988847396A15
:1085C000824688470028F6D1BAF1FF3F0AD024F44A
:1085D000D064002E11DDBAF12B0F08D0BAF12D0FA7
:1085E0000BD102E0404611B08DE744F48064B969D4
:1085F0006D1C0E9888478246761E6946600501D537
:108600002D2000E02B208DF8000001F1010B0DF171
:10861000200809E0B9696D1C0E98884782460F98BA
:1086200044F40074761E0560002E02DDBAF1300FAE
:10863000F0D00B998A453ED144F0800406E00F99B2
:10864000681CA9F1010944F400740860B9696D1C43
:10865000761E0E98884782463028F0D02BE00B9982
:108660008A4505D1200603D444F08004761E18E024
:10867000504605F0BBFA08B30DF11301761E44F421
:1086800000748B4508D2AAF130000BF8010B2006CC
:1086900007D5A9F1010003E0200602D409F1010089
:1086A0008146A00502D50F99681C0860B9696D1C48
:1086B0000E9888478246002ED1DC53E0002E51DD13
:1086C000BAF1650F02D0BAF1450F4BD1A00549D5DB
:1086D000B9696D1C24F44074761E0E988847824652
:1086E000002E0CDD2B2804D0BAF12D0F07D144F455
:1086F0008074B9696D1C0E9888478246761EE00525
:1087000001D52D2100E02B2108F8011BCDF82C808C
:1087100021E00DF12901761E44F4007488450CD245
:10872000AAF1300010F0FF0088F8000002D10B9988
:10873000884509D908F1010806E0E00501D524487B
:1087400001E042F20F708146B9696D1C0E988847AE
:1087500082460F980560002E04DD504605F046FA6B
:108760000028D6D1F9690E988847FF208BF80000C1
:1087700088F800000020069007904B466A4608A93A
:1087800006A8FFF777FEA00502D46FF001002AE7E4
:1087900014F0240F0AD0E00714D1DDE9061238687E
:1087A000031D3B600068C0E900120BE0DDE9060133
:1087B00000F091FD0146E00704D13868021D3A60DF
:1087C0000068016028460EE7000014400000F03FFA
:1087D000F1D8FFFFF0B480EA0102D40F4200B2EBFF
:1087E000410F02D20246084611464A0042D0C30D4C
:1087F000DDB2C1F3C752AD1A202D35DAC1F316012F
:1088000041F4000204B15242C5F1200602FA06F119
:108810002A411044B3EBD05F23D0C4B1012DA0EBAB
:10882000C35009DCF0BC4FF0004202EAC352DBB295
:1088300000F5000000F095BB400000F1807000EBF7
:10884000C350A0F1807040EAD170490009E04908A6
:1088500041EAC071A0EBC35000F50000400800EBF6
:10886000C350F0BC00F074BB6142012202EB410135
:10887000001BF6E7F0BC704781F00041AAE780F0EA
:108880000040A7E780EA010210B502F00043400073
:1088900022D04A001FD0010E01EB1261C0F3560036
:1088A000C2F3560240F4000042F40002A0FB022092
:1088B00000047F39140400D0401C50EA124001D457
:1088C0004000491EC2B20C0604EBD010401C400808
:1088D000802A02D003E0002010BD20F00100002912
:1088E00000DA0020184310BD30B480EA010202F023
:1088F000004530F0004221F0004013D090B1C30D8C
:10890000D40DC2F31601C0F31600E41A41F40001BD
:1089100040F400027D34914201D3641C00E0490020
:10892000002C02DA30BC002070474FF40000002316
:10893000914201D3891A034340084FEA4101F7D11C
:1089400051B1914202D14FF0004105E002D24FF007
:10895000010101E06FF0010103EBC450284430BC79
:1089600000F0F6BA420005D0C0F3C752524291421D
:1089700001DC0020704700EBC15070472DE9FE4F2D
:10898000804681EA0300C00F0C46009021F00041B0
:1089900023F00045B8EB0200A94105D2404621462C
:1089A00090461C460B46024623F00040104347D039
:1089B000270DC7F30A00C3F30A510290401A019031
:1089C00040286BDAC3F3130040F4801B00989246F2
:1089D00020B10023D2EB030A63EB0B0B019859463D
:1089E000C0F14002504600F002FA06460D465046DD
:1089F0005946019A00F00AFA10EB08006141002480
:108A000087EA115284EAE7731A4340D0009A62B3AE
:108A1000019A012A4FEA075215DC001B61EB0201A3
:108A20004FF0004202EA0752CDE90042001C41F536
:108A3000801132462B4600F047FB03B0BDE8F08FB3
:108A400040462146F9E7001B61EB0201001C41F59D
:108A5000801300185B412018A2F5001747EB0301B3
:108A600040EAD570B6196D4111E06D084FEA36063F
:108A700045EAC0754FEA0752001B61EB0201001C7A
:108A800041F5801149084FEA300000195141324642
:108A90002B4603B0BDE8F04F00F007BB0098012261
:108AA00040000023D0EB020263EBE0730098214604
:108AB0004FEAE074B8EB000061EB0401E9E783F0F2
:108AC00000435BE781F0004158E72DE9FE4F81EA62
:108AD000030404F0004421F0004100944FF0000B27
:108AE00023F0004350EA01045ED052EA03045BD055
:108AF000C3F30A54C1F30A552C44A4F2F33401948D
:108B0000A0FB0254C1F3130141F48011C3F313031A
:108B100043F4801301FB024400FB034E840A970ACE
:108B200044EA815447EA8357A4FB076802958D0AFB
:108B300005FB07854FEA932C04FB0C542705029D87
:108B40004FEA065847EA1637B5EB08056EEB070CF7
:108B5000870E920E47EA811742EA8312A7FB0201B1
:108B6000B6EB0B0164EB00042B0D43EA0C335E18EB
:108B700044EB1C50DA465146E7FB0201C5F31304EF
:108B80004FEA0B3343EA14534FEA0432019C43EAA1
:108B90000603A4F10C040294009CCDE900B400F09B
:108BA00093FA03B0BDE8F08F00200146F9E770B5F5
:108BB00021F0004303430CD0C1F30A550024D5EB48
:108BC000040564EB0403D617AD1AB34102DB0020A1
:108BD000014670BD201841EB025170BDC10F80EA03
:108BE000E0700844CA079623002100F0BAB9962322
:108BF0000022114600F0B5B90EB5C10F80EAE07051
:108C00000844CA07002140F233438DE80E000A46AB
:108C10000B4600F059FA03B000BD0EB540F23341E7
:108C200002910021CDE900110A460B4600F04CFAF2
:108C300003B000BD00F0004220F00040C10DC0F3C1
:108C4000160040F400007F2901DA002070479629C1
:108C500003DCC1F19601C84001E096398840002A42
:108C6000F4D04042704720F00040C10DC0F3160020
:108C700040F400007F2901DA00207047962903DCC8
:108C8000C1F19601C840704796398840704770B569
:108C9000C1F30A5201F000450024C1F3130140F270
:108CA000FF3341F480119A4201DA002070BD40F296
:108CB00033439A42A2F2334203DC5242FFF754FAA2
:108CC00000E090402C43F1D0404270BDC1F30A5205
:108CD00010B5C1F3130140F2FF3341F480119A4201
:108CE00001DA002010BD40F233439A42A2F233422F
:108CF00003DC5242FFF738FA10BD904010BD00006F
:108D000030B5041E71F1000404DB4FF00044404212
:108D100064EB0101141E73F1000405DB1C464FF0E7
:108D20000043524263EB04038B4208BF824230BDD2
:108D300030B5041E71F1000404DB4FF000444042E2
:108D400064EB0101141E73F1000405DB1C464FF0B7
:108D50000043524263EB0403994208BF904230BD86
:108D600030B50B46014600202022012409E021FAFB
:108D700002F59D4205D303FA02F5491B04FA02F5F8
:108D80002844151EA2F10102F1DC30BD2DE9F05F8F
:108D90000546002092469B4688460646814640246A
:108DA0001BE02846414647462246FFF7DDF9534679
:108DB0005A46C01A914110D311461846224600F077
:108DC00016F82D1A67EB01084F46224601200021B4
:108DD00000F00DF817EB00094E41201EA4F101042C
:108DE000DFDC484631462A464346BDE8F09F202A4C
:108DF00004DB203A00FA02F1002070479140C2F1F2
:108E0000200320FA03F3194390407047202A06DB21
:108E1000CB17203A41FA02F043EAE07306E041FA48
:108E200002F3D040C2F12002914008431946704736
:108E30003A2800D2303820F02002412A01D3A2F192
:108E40003700884201D34FF0FF3070470268114469
:108E50001378016018467047D16004495161044994
:108E6000116200211161114600F06ABA4D8E0008AE
:108E700035930008426842B1016811F8013B23B103
:108E8000521EC0E90012184670470121C160881EB9
:108E9000704742685AB1C368016843B983688B421E
:108EA00005D0491E521CC0E90012002070474FF047
:108EB000FF3070470FB4002300B589B00CA90091B2
:108EC0000B996FF00042CB601E4B06931E4B07932D
:108ED0000423CDE901321D4A089202466B46002068
:108EE000FFF75CFB09B05DF814FB70B586B0064671
:108EF0004FF0FF300091CDE90101002015460C46EE
:108F000004903246694604A8FFF7D4FF024604984D
:108F1000211825B108B1084600E0204628600498D1
:108F200000280DD0002A02DD0098884208D0081BD6
:108F30000094CDE901043246694604A8FFF7BAFF60
:108F400006B070BD758E0008938E0008359300083A
:108F50000029A8BF7047401C490008BF20F001004D
:108F6000704710B4B0FA80FC00FA0CF050EA01042B
:108F700004BF10BC704749B1CCF1200421FA04F4BD
:108F800011FA0CF118BF012121430843A3EB0C0196
:108F9000CB1D4FEA00614FEA102042BF002010BCF9
:108FA000704700EBC35010440029A4BF10BC7047A9
:108FB000401C490008BF20F0010010BC7047F0B40D
:108FC000002802DCF0BC00207047C0F3C751C0F39A
:108FD000160040F40000CA0701D14000491E3F229C
:108FE00002EB6105002211464FF4000626FA01F358
:108FF0001344D418844201D8001B1A464000491C6F
:109000001729F3DD5100814202D24FF0FF3100E019
:10901000002102EBC550F0BCFFF79ABF10B541002C
:109020000CD0C0F3C751962908DC7E2909DC06DB89
:10903000410204D000F0004040F07E5010BD0020FE
:1090400010BDC1F19604C4F1200100FA01F1E04025
:10905000FFF77EFFA04010BDF0B400F0004221F009
:10906000004120F00040CE0DC30DC1F3160141F4C4
:109070000001C0F316004C42154640F40000761E75
:1090800009E010EB440002D582F0004240428842E1
:10909000F7D840005B1EB342F9DA18B1F0BC0021EA
:1090A000FFF75FBF2846F0BC704710B5141E73F180
:1090B000000408DA401C41F1000192185B411A4398
:1090C00001D120F0010010BD2DE9F04D92469B46E4
:1090D00011B1B1FA81F202E0B0FA80F2203290468A
:1090E000FFF785FE04460F4640EA0A0041EA0B01FD
:1090F00053465A46084313D0114653EA010019D08B
:10910000C8F140025046FFF72FF805460E4650467C
:1091100059464246FFF76BFE084305D0012004E0A4
:1091200020463946BDE8F08D0020054346EAE0764A
:109130002C4337430A986305E40AA0EB0800002299
:10914000FD0A44EA47540A3002D500200146E9E707
:10915000010510196941DDE9084500196941BDE8BB
:10916000F04DA2E72DE9F04D81EA030404F0004B35
:1091700021F0004514464FF0000A23F0004150EA68
:10918000050220D054EA01021DD0C5F30A57024659
:10919000C5F31303C1F31300C1F30A5640F480155D
:1091A00043F48013A7EB0608101BD64608F2FD38DF
:1091B00073EB050002D308F1010801E092185B414E
:1091C000B8F1000F03DA00200146BDE8F08D002061
:1091D0004FF48011064684460EE0171B73EB05071B
:1091E00005D3121B63EB050306434CEA010C490847
:1091F0004FEA300092185B4150EA0107EDD152EA84
:10920000030012D082EA040083EA0501084305D076
:10921000101BAB4106D20122002306E000224FF0D2
:10922000004302E06FF0010253101AEB06004CEB12
:10923000085110EB0A0041EB0B01BDE8F04DFFF7C0
:1092400034BF0EB540F2334202920022CDE9002233
:109250001346FFF739FF03B000BDC1F30A52C1F353
:10926000130140F2FF3341F480119A4202DA0020E8
:109270000146704740F233439A42A2F2334202DC85
:109280005242FEF771BFFFF7B2BD10B500F00044C7
:1092900020F00040C20DC0F3160040F400007F2A09
:1092A00007DA7D2A00DA7D22763A00FA02F1002000
:1092B00008E0962A09DCA2F1760100FA01F1C2F178
:1092C0009602D040FFF744FE01E0963A9040002C11
:1092D00000D0404210BD01F0004330B421F0004105
:1092E00050EA010206D00A0DA2F56072C1F3130123
:1092F000002A02DC30BC00207047440F44EAC1045D
:10930000C100E01830BC00EBC250FFF721BE0000E6
:10931000064C074D06E0E06840F0010394E80700C2
:1093200098471034AC42F6D3FEF706FF04A60108B6
:1093300024A60108C0B24FF4F05100F097B9000024
:109340002DE9F34F8BB04FF0000801F10C000C46F3
:109350004FF0010B46460DF1080A019062690121A8
:1093600001989047051E2DD0252D2CD0216A8847C5
:10937000C0B16269012101989047216A884700289D
:10938000F7D1411E62690198904700E0761CA169FF
:109390000B988847216A88470028F7D1E1690B9824
:1093A0008847DBE7A1690B9888470746A84201D1A7
:1093B000761CD3E7E1690B9888477F1C02D1B8F18E
:1093C000000F6FD046E1002762693D46394601989B
:1093D00090472A2804D1626901210198904701250C
:1093E000DFF884926269012101989047A0F1300171
:1093F0000A290AD24F45E5DC07EB870100EB41075C
:10940000303FDFD445F01005ECE7E90601D46FF0FA
:1094100000476C280AD04C2814D0682815D06A2838
:109420000DD074281CD07A281AD01DE06269012161
:10943000019890476C2802D045F0040514E045F0EF
:1094400002050DE045F020050AE06269012101985E
:109450009047682802D045F0080505E045F400650E
:109460006269012101989047C4E9015765283DD000
:1094700019DC58287AD00CDC452837D004DC2528A4
:1094800026D0412831D131E046282FD047282CD191
:109490002CE05B2877D0612828D063287CD0642812
:1094A00023D15AE0D0E06F2848D008DC66281DD0D0
:1094B00067281BD0692821D06E2816D127E0702894
:1094C00045D0732868D0752847D078280DD14DE055
:1094D000A1690B988847054625283FF469AFE169E3
:1094E0000B9888476D1C3FF46AAFB3E023466A4689
:1094F0006FF001000B99FFF751F89EE045F0400036
:109500006060A80723464FF0000236D43EE0E8072B
:109510007FF447AF2068011D21600068290501D54F
:1095200006701BE7290701D5068017E7A90703D5B1
:10953000F117C0E9006111E706600FE745F0400050
:109540006060A80723464FF0080216D41EE040F6DC
:109550000E0125EA0100606016E045F04000606001
:10956000A80723464FF00A0207D40FE045F0400059
:109570006060A80708D5234610226FF001000B9900
:10958000AFF3008059E007E0234610226FF001009E
:109590000B99FEF7C9FE50E04FF000094F464B46CD
:1095A000632802D05B2806D040E0E80601D4012001
:1095B000A06001273AE062690121019890475E2886
:1095C00005D14FF001096269494601989047216928
:1095D00039B900210A46534643F82120491C08297D
:1095E000FADBB0B3216969B9C11700EBD16253113D
:1095F0000AEB830122F01F02821A01200B689040BF
:1096000003430B6062690121019890475D28E8D10E
:10961000B9F1000F09D00020514651F82020D24363
:1096200041F82020401C0828F7DB02AB22460097B7
:109630006FF001000B99AFF3008000280CDA401C9A
:1096400008D1BBF1000F05D04FF0FF300DB0BDE8E1
:10965000F08FFFE74046F9E7E90701D108F101087B
:1096600006444FF0000B79E6CCCCCC0C7F2801D916
:10967000002208E0064A02EB5002C007127800D12F
:10968000120902F00F0201209040084070470000CC
:109690009CA3010870B58C1810F8015B15F0070346
:1096A00001D110F8013B2A1106D110F8012B03E07B
:1096B00010F8016B01F8016B5B1EF9D12B0705D483
:1096C0000023521E0DD401F8013BFAE710F8013BCC
:1096D000CB1A921C03E013F8015B01F8015B521EE8
:1096E000F9D5A142D8D3002070BD70B504462068DA
:1096F000816811F0010F24D0816821F0010181609F
:1097000001F020F905462068806810F0010F18D09C
:1097100001F018F9401B02280ED92068806810F06B
:10972000010F09D0A06A40F01000A062E06A40F08A
:109730000100E062012070BD2068806810F0010F18
:10974000E6D1002070BD10B50246506A816A11F062
:10975000500F05D0006A016BBDE810401046084765
:10976000816A41F400718162016889684FF4602266
:1097700032EA01010DD1017B59B9816A21F480716E
:109780008162816A11F4805F03D1816A41F0010135
:10979000816200F0C1FB10BD10B5406A816A41F0E2
:1097A00040018162C16A41F00401C16200F0B6FB70
:1097B00010BD10B5406A00F0B0FB10BDF8B504460E
:1097C000002600962068816811F0010F28D1816879
:1097D00041F001018160194819490068B0FBF1F0BE
:1097E0000090009828B10098401E00900098002832
:1097F000F9D101F0A7F805462068806810F0010F44
:109800000ED101F09FF8401B022804D9206880681F
:1098100010F0010F06D02068806810F0010FF0D022
:109820000020F8BDA06A40F01000A062E06A40F09D
:109830000100E06284F824600120F8BD14000020DB
:1098400040420F00064A527B3AB132225143642211
:10985000B1FBF2F101800120704700207047000049
:109860003C020020014800F04BBD0000601B0020BE
:10987000014800F045BD00006007002010B490F8DA
:1098800040C0012404FA0CFCC46BC4F804C0D0F836
:1098900000C0CCF804304368102B05D003689960F1
:1098A0000068C26010BC704703689A600068C160BD
:1098B00010BC70470C4800B5816985B041F00801C3
:1098C00081618069694600F0080004904FF4E0402F
:1098D0000090012001900220029003200390034891
:1098E00000F024FF05B000BD00100240000C014054
:1098F0002DE9F041054603F07DF80824114F4FF49F
:109900000058E602E80701D0012200E000224146AB
:10991000384601F010F803F009FF012231463846BD
:1099200001F009F803F002FF00223146384601F049
:1099300002F86D08641E14F0FF04E3D1BDE8F041A5
:1099400003F0F4BE000C01402DE9F041002503F0C6
:1099500033F803F06DF8154F0024DFF850804FF412
:109960008046083FD8F800106808890402D540F006
:10997000800501E000F07F0503F0D8FE01223146AA
:10998000384600F0D8FF03F0D1FE002231463846B9
:1099900000F0D1FF03F0CAFE641CE4B2082CE1D34E
:1099A00003F0C4FE2846BDE8F0810000080C014029
:1099B0002DE9F041044672B60022144E4FF4805552
:1099C0002946304600F0B7FFAF0000223946304646
:1099D00000F0B1FF03F0AAFE01222946304600F054
:1099E000AAFF2046FFF784FFFFF7AEFF04460022E0
:1099F0003946304600F09FFF00222946304600F0ED
:109A00009AFF62B62046BDE8F0810000000C0140DC
:109A100070B58125064600242846FFF7C9FF30555A
:109A2000AD1C641CE4B2EDB2072CF5D331780B48C1
:109A30000B064FF000020DD503785B1CDBB2037000
:109A40000A2B08D3027001F07F003070304600F01E
:109A500045F800E00270012070BD0000E002002027
:109A600010B500218E2000F00BF8A521902000F009
:109A700007F88021BDE810408E2000F001B80000FA
:109A80002DE9F041144D884607464FF480540022DA
:109A90002146284600F04FFFA60000223146284606
:109AA00000F049FF03F042FE01222146284600F063
:109AB00042FF3846FFF71CFF4046FFF719FF002220
:109AC0003146284600F037FF21462846BDE8F041E0
:109AD000002200F030BF0000000C014070B50646C7
:109AE000802500218E20FFF7CBFF07243178284600
:109AF000FFF7C6FFAD1C641E761CEDB214F0FF0428
:109B0000F4D180218E20FFF7BBFF012070BD000043
:109B100001A005F001BD0000776F7468646F6E6787
:109B20006572726F0A00000006490020C86106488D
:109B3000016941F004010161016941F040010161E5
:109B400070470000C805002000200240064A00219E
:109B5000D16106490A6942F002020A614861086956
:109B600040F0400008617047C80500200020024016
:109B7000044B0022DA61044A136943F001031361C4
:109B800001807047C80500200020024000201649CF
:109B9000CA6812F0100F154A04D0D06940F00200D4
:109BA000D0611020CB6813F0040F05D0D36943F0C7
:109BB0000103D36140F00400CB6913F0010F07D01B
:109BC000D36943F00403D361CA6922F00102CA6178
:109BD000A0F58072013A01D0C8607047C86920F0D2
:109BE0000100C8617047000000200240C805002045
:109BF00070B5044600F0A6FE0646164DE86810F063
:109C0000010F0ED0B4F1FF3F07D024B100F09AFE4F
:109C1000801BA04201D9032070BDE86810F0010F3D
:109C2000F0D1E86810F0200F01D02020E860E8684B
:109C300010F0100F07D1E86910F0010F03D1E868A8
:109C400010F0040F03D0FFF7A1FF012070BD00202A
:109C500070BD00000020024030B50446104607E009
:109C600014F8015BC2B2554033F8152082EA102087
:109C70000A1EA1F10101F3DC30BD30B5022903D881
:109C80000C31401EC9B280B26424B0FBF4F3B0FBC7
:109C9000F4F504FB1500491C01EB810404EBC10140
:109CA0000524B1FBF4F11BB2DC1703EB9474A41090
:109CB0005B4204EB43030344C41700EB947003EBD3
:109CC000A00008441044401E00B2002802DA00F24E
:109CD000245000B2072190FBF1F201FB1200C0B248
:109CE00030BD0000F8B504460026009694F8240024
:109CF000012809D0012084F824002046FFF7F5FC54
:109D00000746380002D06DE00220F8BDA06A20F4BA
:109D1000885040F00200A062022000F001FF3349A9
:109D20000968B1FBF0F040000090009828B100985D
:109D3000401E009000980028F9D12046FFF73EFD14
:109D40002068816841F00801816000F0FBFD054654
:109D50002068806810F0080F18D000F0F3FD401B59
:109D60000A280ED92068806810F0080F09D0A06A70
:109D700020F0020040F01000A06284F8246001206E
:109D8000F8BD2068806810F0080FE6D1206881686F
:109D900041F00401816000F0D5FD0546206880682F
:109DA00010F0040F18D000F0CDFD401B0A280ED98A
:109DB0002068806810F0040F09D0A06A20F002002B
:109DC00040F01000A06284F824600120F8BD2068F3
:109DD000806810F0040FE6D1A06A20F0020040F085
:109DE0000100A06284F824603846F8BD1400002009
:109DF00078B44FF0000C0024009490F82420012A3D
:109E000014D0012280F824204A681F25072A10D286
:109E100003685E6B521E02EB8202954026EA05053E
:109E20000E6806FA02F22A435A631FE078BC022049
:109E300070470D2A0DD203681E6BD21F02EB8202FF
:109E4000954026EA05050E6806FA02F22A431A63CF
:109E50000CE00368DE6A0D3A02EB8202954026EAC6
:109E600005050E6806FA02F22A43DA620A68072537
:109E70000A2A0DD30368DE680A3A02EB42029540D3
:109E800026EA05058E6806FA02F22A43DA600BE03C
:109E900003681E6902EB4202954026EA05058E68BA
:109EA00006FA02F22A431A610A68102A01D0112A1E
:109EB0000BD10268A2F18043B3F592330AD0816AD4
:109EC00041F0200181624FF0010C80F8244078BC01
:109ED00060467047936813F4000FF6D1936843F41B
:109EE0000003936009681029EFD10949094A0968FC
:109EF000B1FBF2F101EB81014900009100990029C9
:109F0000E3D00099491E009100990029F9D1DCE7BE
:109F10001400002040420F00704770477047000057
:109F20002DE9F041044600270025002C03D0A06A4B
:109F3000002618B108E00120BDE8F081E66284F84F
:109F40002460204600F07CF82046FFF7CEFB014657
:109F5000A06A10F0100F00D139B1A06A40F01000D3
:109F6000A06201210846BDE8F081A06A20F4885073
:109F700040F00200A062E2696068237B104347EA78
:109F800043020243A068B0F5807F08D0012806D0C4
:109F9000002094F814C0BCF1010F03D00BE04FF483
:109FA0008070F6E7F3B1A36A43F02003A362E36A8B
:109FB00043F00103E3622368D3F804C02CF4694C36
:109FC0004CEA0000586020688368DFF86CC003EA40
:109FD0000C0313438360A068B0F5807F09D001288B
:109FE00007D009E0A3695B1E40EA433040F40060FB
:109FF000E1E7208A401E05052068C36A23F4700348
:10A000002B43C362206880680C4B1840904207D1F4
:10A01000E662A06A20F0020040F00100A062A1E721
:10A02000A06A20F0020040F01000A062E06A40F058
:10A030000100E062012195E7FDF7E1FFFE0E1FFF41
:10A0400070B586B0002506460095019502950395EA
:10A0500000681D49884234D11C49886940F4007069
:10A060008861886900F400700490886940F00800F5
:10A0700088618869032400F0080004900094694610
:10A080000194134800F052FB5020CDE900046946CA
:10A09000104800F04BFB114C0F48C4E9000580202C
:10A0A000C4E9025040002061800060612020C4E9C2
:10A0B0000605204600F0DCF908B1FFF729FD3462FF
:10A0C000666206B070BD000000240140001002402E
:10A0D000000C01400008014008000240601B002005
:10A0E0002DE9F0470446884691462068434F444E88
:10A0F000A0F1804ABAF5923A01D0B84207D130684F
:10A1000010F4702F03D001252846BDE8F08794F89D
:10A11000240001280BD0012084F824002046FFF7FA
:10A120004DFB054600212DB184F82410ECE70220F8
:10A13000BDE8F087A06A20F0010020F4606040F4E0
:10A140008070A0622068B8421AD1326812F4702F71
:10A1500016D0A26A42F48012A262306810F4806FB6
:10A1600005D0A06A20F4005040F48050A062A06A9C
:10A1700010F4805F13D0E06A20F00600E0620FE088
:10A18000A26A22F48012A262406810F4806FEED0BE
:10A19000A06A20F4005040F48050A062E7E7E1623A
:10A1A00084F82410216A17488862216A1648C86218
:10A1B000216A1648086321686FF002000860206871
:10A1C000816841F48071816020684B4600F14C0148
:10A1D0004246206A00F08EF9206881684FF46022C0
:10A1E00032EA010104D0816841F4801181608BE77B
:10A1F000816841F4A001816086E7000000280140E9
:10A200000424014047970008B39700089997000875
:10A2100090F821100022022905D00421816380F8E2
:10A2200020200120704701680B6823F00E030B60AB
:10A2300001680B6823F001030B6090F84030D0F800
:10A240003CC0012101FA03F3CCF8043080F821105E
:10A2500080F820201046704710B5002490F8211097
:10A26000022903D004218163012437E001680A68D0
:10A2700022F00E020A6001680A6822F001020A60F8
:10A28000174A0168914201D101211CE0154A91420F
:10A2900001D1102117E0144A914201D1891512E031
:10A2A000124A914201D189140DE0114A914202D122
:10A2B0004FF4803107E00F4A914202D14FF48011F0
:10A2C00001E04FF080710C4A5160012180F82110AB
:10A2D000002180F82010416B01B18847204610BD55
:10A2E000080002401C0002403000024044000240CE
:10A2F000580002406C00024000000240806B704732
:10A300002DE9F05FC16B0A6801680B68D0F840C0A6
:10A31000042404FA0CF414424E4C4F4D4F4E504F4F
:10A32000DFF84081DFF8409131D013F0040F2ED0D8
:10A330000A6812F0200F03D10A6822F004020A60B2
:10A340000168A14201D1042119E0A94201D14021B3
:10A3500015E0B14202D14FF4806110E0B94202D160
:10A360004FF480410BE0414502D14FF4802106E0DB
:10A37000494502D14FF4800101E04FF080613B4A32
:10A380005160C16A002962D0BDE8F05F08474FF014
:10A39000020A0AFA0CFA1AEA020F4FF0000A4FF00A
:10A3A000010B35D013F0020F32D00A6812F0200FE3
:10A3B00005D10A6822F00A020A6080F821B001681B
:10A3C000A14201D1022119E0A94201D1202115E0C9
:10A3D000B14202D14FF4007110E0B94202D14FF402
:10A3E00000510BE0414502D14FF4003106E04945F0
:10A3F00002D14FF4001101E04FF000711B4A51608F
:10A4000080F820A0816A002921D0BDE8F05F0847CC
:10A41000082404FA0CFC1CEA020F18D013F0080FF1
:10A4200015D00A6822F00E020A6090F84010C26B44
:10A430000BFA01F15160C0F838B080F821B080F813
:10A4400020A0016B002902D0BDE8F05F0847BDE8FD
:10A45000F09F0000080002401C0002403000024053
:10A4600044000240580002406C00024000000240DC
:10A4700010B4002834D01C4A01688B181B4AA2FB78
:10A480000332120992000264194AC263022280F860
:10A4900021200A686FF30D12D0F808C043680469E0
:10A4A00043EA0C03D0F80CC04CEA040C43EA0C035A
:10A4B000D0F814C043EA0C03D0F818C043EA0C03E8
:10A4C000D0F81CC043EA0C031A430A6000218163E0
:10A4D000012280F8212080F8201010BC0020704755
:10A4E00010BC012070470000F8FFFDBFCDCCCCCCE4
:10A4F0000000024070B50446002594F820000128B1
:10A500000DD0012084F8200094F821C00020BCF177
:10A51000010F06D084F820000225284670BD0220D5
:10A5200070BD4FF0020C84F821C0A0632068D0F801
:10A5300000C02CF0010CC0F800C02046FFF79EF9C7
:10A54000E06A28B12068016841F00E01016009E06D
:10A550002068016821F0040101602068016841F071
:10A56000020101602068016841F001010160D4E747
:10A5700070B5044600F0E6F90546B4F1FF3F02D09D
:10A5800004480078044400F0DDF9401BA042FAD3EF
:10A5900070BD0000080000202DE9F04705460F4679
:10A5A0004FF00109DFF89C8098F8180001280CD0C2
:10A5B000012088F818002868234E022808D04CF2A1
:10A5C0005030FFF715FBA8B136E00220BDE8F08758
:10A5D0004CF25030FFF70CFB28BB0120FFF7A4FA28
:10A5E0004CF25030FFF704FB8146306920F0040044
:10A5F000306121E04FF0FF303860AC68E86804EB70
:10A60000C020A04218D92046FFF7A0FA4CF25030E3
:10A61000FFF7EEFA8146306920F0020030615FEA10
:10A62000090001D03C6007E004F50064E968A8680F
:10A6300000EBC120A042E6D8002088F81800484668
:10A64000BDE8F087C80500200020024003480169EA
:10A6500041F08001016100207047000000200240AD
:10A660002DE9F05F0746884615461E46DFF88890BC
:10A670000020C9F8D0000024DFF880A09AF8180064
:10A68000012809D04FF0010B8AF818B04CF2503075
:10A69000FFF7AEFA18B127E00220BDE8F09F012FC6
:10A6A0001AD0022F1AD00427002F1DD922012846C4
:10A6B0003146FDF759FD81B208EB4400FFF758FA27
:10A6C0004CF25030FFF794FAD9F8101021F0010144
:10A6D000C9F8101040B903E00127E5E70227E3E7D6
:10A6E000611CCCB2BC42E1D300218AF81810C9F831
:10A6F000D0B0BDE8F09F000000200240C805002057
:10A70000002007490A6912F0800F08D0054A4A6004
:10A71000054A4A60096911F0800F00D00120704796
:10A720000020024023016745AB89EFCD2DE9F84FAA
:10A730004FF0000C00230A68002A7DD0DFF8DC818E
:10A740000F2708F1040909F1040A0AF1040B012298
:10A7500002FA0CF60A683240B2426ED1DFF8C0E16C
:10A760004C68A4EB0E0574452BD00DDC032C34D0C3
:10A7700005DC34B3012C19D0022C2FD11BE0112C95
:10A7800016D0122C2AD119E0B5F5881F19D006DC95
:10A79000B5F5803F15D0B5F5801F1FD111E0B5F597
:10A7A000001F0ED0B5F5041F18D10AE0CB6815E0E4
:10A7B000CB681B1D12E0CB6808330FE0CB680C336D
:10A7C0000CE08B6823B1012B04D00823466105E01F
:10A7D000042303E00823066100E00023B2F5807F34
:10A7E00001D2054601E000F1040502D24FEA8C04D3
:10A7F00003E0ACF108044FEA84042E6807FA04FE73
:10A8000026EA0E0603FA04F446EA04042C604C68B7
:10A8100014F0805F79D0434CA56945F00105A5612E
:10A82000A46904F0010400942CF0030404F18044B2
:10A8300004F58034A66801E06EE066E04FEA8C75AE
:10A840004FEA157507FA05FE26EA0E0EA0F18046BE
:10A85000B6F584361ED0A0F18046B6F586361BD0FC
:10A86000A0F18046B6F5883618D0A0F18046B6F53E
:10A870008A3615D0042606FA05F545EA0E05A560C8
:10A880004C6814F4803F0DD0D8F800401443C8F849
:10A8900000400CE00026EEE70126ECE70226EAE79E
:10A8A0000326E8E7D8F800409443C8F800404C6815
:10A8B00014F4003F05D0D9F800401443C9F8004013
:10A8C00004E0D9F800409443C9F800404C6814F4FF
:10A8D000801F05D0DAF800401443CAF8004004E0B5
:10A8E000DAF800409443CAF800404C6814F4001FA2
:10A8F00005D0DBF800402243CBF8002005E0DBF870
:10A90000004024EA0202CBF800200CF1010C0A6896
:10A9100032FA0CF27FF41BAFBDE8F88F000401405F
:10A9200000001110001002408068084201D0012090
:10A93000704700207047002A01D001617047090468
:10A9400001617047014880687047000008000020DE
:10A9500070B50446002C21D021684CF6CC4008602C
:10A96000216845F255500860216860684860216898
:10A97000A0688860FFF7E6FF05462068C06810F011
:10A98000030F12D0FFF7DEFF401B272808D92068ED
:10A99000C06810F0030F03D0032070BD012070BD0C
:10A9A0002068C06810F0030FECD121684AF6AA2095
:10A9B0000860002070BD00684AF6AA2101600020EE
:10A9C0007047000002488168027811448160704736
:10A9D0000800002010B50748016841F0100101602F
:10A9E000032000F08BF80A2000F006F800F026F8AB
:10A9F000002010BD0020024070B504460D4D4FF4FC
:10AA00007A712878B1FBF0F00B490968B1FBF0F0DE
:10AA100000F0D4FC08B1012070BD102C07D2002238
:10AA20002146501E00F036F86C60002070BD0120F9
:10AA300070BD000008000020140000200C4808B57C
:10AA4000816941F001018161816901F00101009199
:10AA5000C16941F08051C161C06900F0805000902F
:10AA60000448416821F0E06141F00071416008BD97
:10AA7000001002400000014000280ADB00F01F0126
:10AA8000012202FA01F14009800000F1E020C0F843
:10AA90000011704710B4184B1B68C3F30223C3F1B5
:10AAA000070CBCF1040F01D94FF0040C1C1D072C3E
:10AAB00001D2002300E0DB1E012404FA0CFCACF1FF
:10AAC000010C0CEA0101994004FA03F35B1E1A40E1
:10AAD0001143002806DB00F1E020090180F8001492
:10AAE00010BC704700F00F0000F1E020090180F871
:10AAF000141D10BC704700000CED00E000F00700D2
:10AB0000064A11684FF6FF03194041EA002040F061
:10AB1000FD7040F080601060704700000CED00E0B8
:10AB200010B586B0014634A0D0F808C0436802686A
:10AB3000C068CDF810C003930292059032A000685F
:10AB400001900020314C012926D0022949D010293A
:10AB500020D16168226812F0807F1BD002A8C1F367
:10AB60008342805C11F4803F09D0616801AAC1F37F
:10AB70004041515C264AB2FBF1F1484301E02549CE
:10AB80004843616811F4800F04D123494000A1FBC0
:10AB90000010400806B010BD216A01F44072B2F501
:10ABA000807F06D111F0020F03D006B04FF40040B1
:10ABB00010BDB2F5007F07D1626A12F0020F03D018
:10ABC00049F6404006B010BD4FF4407232EA010130
:10ABD000F8D1216811F4003FF4D006B04FF22440C0
:10ABE00010BD00F089F96168C1F38131491C490049
:10ABF000B0FBF1F006B010BD02030405060708091A
:10AC00000A0B0C0D0E0F1010010200000010024084
:10AC100000127A0000093D00ABAAAAAA2DE9F84368
:10AC20000446DFF81C81207810F0010F6CD000275B
:10AC3000D8F81C0010F0805F0BD1D8F81C0040F051
:10AC40008050C8F81C00D8F81C0000F0805000901C
:10AC500001273C4D286810F4807F16D1286840F405
:10AC600080702860FFF76EFE0646286810F4807F2B
:10AC70000BD1FFF767FE801B642802D90320BDE8D3
:10AC8000F883286810F4807FF3D0D8F8200000F40F
:10AC9000407048B3A18801F44071814224D0D8F8B3
:10ACA000200020F44070284901220A6000220A6036
:10ACB000C8F8200010F0010F16D0FFF743FE05463C
:10ACC000D8F8200010F0020F0ED141F28836FFF7BD
:10ACD00039FE401BB04202D90320BDE8F883D8F802
:10ACE000200010F0020FF2D0D8F82000616820F4A4
:10ACF00040700843C8F82000012F05D1D8F81C0087
:10AD000020F08050C8F81C00207810F0020F07D007
:10AD1000D8F80400A16820F440400843C8F80400B3
:10AD2000207810F0100F07D0D8F80400E16820F464
:10AD300080000843C8F804000020BDE8F883000044
:10AD40000010024000700040400442422DE9F047EC
:10AD500004460D46002C17D0DFF85C81D8F80000BF
:10AD600000F00700A84212D2D8F8000020F0070037
:10AD70002843C8F80000D8F8000000F00700A842F7
:10AD800005D00120BDE8F0870120BDE8F0872068EC
:10AD90004A4E10F0020F14D010F0040F03D0706868
:10ADA00040F4E0607060207810F0080F03D0706805
:10ADB00040F460507060706820F0F001A0680843B3
:10ADC0007060207810F0010F3AD06068012806D03A
:10ADD00002280BD0316811F0020F27D00AE0316849
:10ADE00011F4003F06D10120BDE8F087316811F071
:10ADF000007F18D0716821F0030108437060FFF7ED
:10AE0000A1FD07467068616800F00C00B0EB810F8F
:10AE100016D041F28839FFF795FDC01B484508D987
:10AE20000320BDE8F0870120BDE8F0870120BDE8E0
:10AE3000F0877068616800F00C00B0EB810FEAD118
:10AE4000D8F8000000F00700A8420FD9D8F8000099
:10AE500020F007002843C8F80000D8F8000000F0F0
:10AE60000700A84202D00120BDE8F087207810F04A
:10AE7000040F05D07068E16820F4E060084370605A
:10AE8000207810F0080F06D07068216920F4605017
:10AE900040EAC100706000F03FF87168084AC1F3F1
:10AEA0000311515CC8400749086007480068FFF774
:10AEB000A3FD0020BDE8F087002002400010024002
:10AEC000049D0108140000200C00002001480068C7
:10AED000704700001400002000B5FFF7F7FF044999
:10AEE0004968044AC1F30221515CC84000BD00001A
:10AEF00000100240149D010800B5FFF7E7FF044968
:10AF00004968044AC1F3C221515CC84000BD000039
:10AF100000100240149D010885B015A083684268A6
:10AF20000168C068039302920191049014A0006824
:10AF30000090144B5968144801F00C02042A11D0F7
:10AF4000082A0FD101A8C1F38342805C11F4803F2D
:10AF50000AD05968C1F340411DF801100A4A504314
:10AF6000B0FBF1F005B07047084905B048437047A1
:10AF700002030405060708090A0B0C0D0E0F10103A
:10AF8000010200000010024000127A0000093D009A
:10AF90002DE9F84F0446002C0FD02078F84D10F022
:10AFA000010F6CD0686800F00C0004280CD06868B1
:10AFB00000F00C00082803D010E00120BDE8F88F55
:10AFC000686810F4803F09D0286810F4003F56D01C
:10AFD0006068002853D10120BDE8F88F6068B0F5A3
:10AFE000803F15D0C8B1B0F5A02F1FD0286820F43D
:10AFF00080302860286820F480202860606858B37A
:10B00000FFF7A0FC0646286810F4003F17D036E092
:10B01000286840F480302860F0E7286820F4803009
:10B020002860286820F480202860E7E7286840F43A
:10B0300080202860286840F480302860DEE7FFF731
:10B0400081FC801B642802D90320BDE8F88F2868A2
:10B0500010F4003FF3D012E0FFF774FC06462868B6
:10B0600010F4003F0BD0FFF76DFC801B642802D961
:10B070000320BDE8F88F286810F4003FF3D1207852
:10B08000C04F10F0020F4FF0010B4FF0000854D0EA
:10B09000686810F00C0F14D0686800F00C000828E5
:10B0A00003D1686810F4803F0BD0206978B3C7F8EB
:10B0B00000B0FFF747FC0646286810F0020F12D0D8
:10B0C0001DE0286810F0020F05D02069012802D089
:10B0D0000120BDE8F88F2868616920F0F80040EA97
:10B0E000C100286029E0FFF72DFC801B022802D94F
:10B0F0000320BDE8F88F286810F0020FF3D028680D
:10B10000616920F0F80040EAC100286015E0FFE71F
:10B11000C7F80080FFF716FC0646286810F0020FFB
:10B120000BD0FFF70FFC801B022802D90320BDE8DB
:10B13000F88F286810F0020FF3D1207810F0080F74
:10B1400030D09148A169C1B1C0F800B0FFF7FAFB57
:10B150000646686A10F0020F0BD1FFF7F3FB801B65
:10B16000022802D90320BDE8F88F686A10F0020FA8
:10B17000F3D0012001F07AF914E0C0F80080FFF765
:10B18000E1FB0646686A10F0020F0BD0FFF7DAFB0E
:10B19000801B022802D90320BDE8F88F686A10F0EE
:10B1A000020FF3D1207810F0040F6FD00026E86969
:10B1B00010F0805F08D1E86940F08050E861E869EC
:10B1C00000F0805000900126DFF8C0A1DAF80000FE
:10B1D00010F4807F1BD1DAF8000040F48070CAF8C8
:10B1E0000000FFF7AFFB8146DAF8000010F4807F23
:10B1F0000DD1FFF7A7FBA0EB0900642802D90320BB
:10B20000BDE8F88FDAF8000010F4807FF1D0E06834
:10B21000012816D0D0B1052821D0286A20F00100DD
:10B220002862286A20F004002862E06841F2883A27
:10B2300068B3FFF787FB8146286A10F0020F17D02A
:10B240003AE0286A40F001002862EEE7286A20F020
:10B2500001002862286A20F004002862E5E7286AD5
:10B2600040F004002862286A40F001002862DCE710
:10B27000FFF768FBA0EB0900504502D90320BDE8A9
:10B28000F88F286A10F0020FF2D015E01AE0FFE7FD
:10B29000FFF758FB8146286A10F0020F0CD0FFF729
:10B2A00051FBA0EB0900504502D90320BDE8F88FFF
:10B2B000286A10F0020FF2D1012E03D1E86920F0C4
:10B2C0008050E861E069E8B3696801F00C01082981
:10B2D0005ED0022810D0C7F86080FFF733FB044629
:10B2E000286810F0007F66D0FFF72CFB001B0228B7
:10B2F00041D90320BDE8F88FC7F86080FFF722FB33
:10B300000646286810F0007F0BD0FFF71BFB801B60
:10B31000022802D90320BDE8F88F286810F0007FCA
:10B32000F3D1206AB0F5803F05D16868A16820F4A8
:10B33000003008436860616A206A0843696821F444
:10B34000741100E037E008436860C7F860B0FFF7A9
:10B35000F9FA0446286810F0007F2CD1FFF7F2FAC2
:10B36000001B022802D90320BDE8F88F286810F0DE
:10B37000007FF3D01FE0286810F0007FB4D11AE0FE
:10B38000001002400000424280044242007000402F
:10B3900001280DD06868226A00F48031914204D1FE
:10B3A000616A00F47010884205D00120BDE8F88F72
:10B3B0000120BDE8F88F0020BDE8F88F401EB0F1F5
:10B3C000807F01D3012070474FF0E0214861044A9B
:10B3D000F02010700020886107200861002070476D
:10B3E00023ED00E070477047704730B490F83C2080
:10B3F000012A30D0012480F83C40022280F83D2010
:10B400000268D2F804C093682CF0700C0D6845EA0D
:10B410000C0CC2F804C00268A2F1804CBCF5963C4A
:10B420000CD0B2F1804F09D0A2F1804CBCF5806CF9
:10B4300004D0A2F1804CBCF5006C04D123F0800351
:10B4400049681943916080F83D40002180F83C1024
:10B4500030BC0020704730BC0220704710B5044655
:10B46000002C03D094F83D0010B10EE0012010BD77
:10B47000002084F83C00204601F0CAF9A06C08B90D
:10B480001148A064A16C20468847022084F83D0042
:10B49000211D206801F0ACF8012084F8460084F8F2
:10B4A0003E0084F83F0084F8400084F8410084F8AE
:10B4B000420084F8430084F8440084F8450084F88E
:10B4C0003D00002010BD0000CDB4000870470168A9
:10B4D000CA6822F00102CA6001680A6A41F21113C7
:10B4E0001A4207D10A6A9B101A4203D10A6822F055
:10B4F00001020A60012180F83D100020704770476A
:10B5000010B504460068104988421BD1207F0128ED
:10B5100018D10021204600F0EFFA0C4A81B2508881
:10B52000081A80B232280BD92068036A9B07036A85
:10B5300002D523F0020301E043F0020303625180CD
:10B540000520107010BD0000000800408802002097
:10B55000704770B505460C4695F83C0001281CD094
:10B56000012085F83C00D2B1042A29D0082A39D01C
:10B57000E36862682168286801F0FDF92868C169FC
:10B5800021F44061C1612868C169A26841EA0221D1
:10B59000C161002085F83C0070BD022070BDE368E9
:10B5A00062682168286801F075F92868816921F0CE
:10B5B0000C01816128688169A26811438161E8E713
:10B5C000E36862682168286801F097F92868816952
:10B5D00021F44061816128688169A26841EA022101
:10B5E0008161D6E7E36862682168286801F0A5F9FF
:10B5F0002868C16921F00C01C1612868C169A2688D
:10B600001143C161C5E7000010B50446002C03D00A
:10B6100094F83D0010B10EE0012010BD002084F828
:10B620003C00204601F0F4F8206D08B9114820656F
:10B63000216D20468847022084F83D00211D2068A6
:10B6400000F0D6FF012084F8460084F83E0084F81C
:10B650003F0084F8400084F8410084F8420084F8F8
:10B66000430084F8440084F8450084F83D0000203D
:10B6700010BD000079B6000800B585B0002100912A
:10B680000191029103910068114988421ED111482D
:10B69000C16941F00401C161C16901F00401049173
:10B6A000816941F0080181618069694600F0080004
:10B6B0000490402000900848FFF738F80022114617
:10B6C0001E20FFF7E7F91E20FFF7D6F905B000BDF1
:10B6D0000008004000100240000C014070B5044614
:10B6E000206801694FF0000511F0020F1AD0C168FF
:10B6F00011F0020F16D0E91E0161012020772068A9
:10B70000806910F0030F04D0D4F8901020468847C9
:10B7100007E0D4F8981020468847D4F89C102046BB
:10B72000884725772068016911F0040F1BD0C16894
:10B7300011F0040F17D06FF004010161022020778F
:10B740002068806910F4407F04D0D4F8901020461F
:10B75000884707E0D4F8981020468847D4F89C1012
:10B760002046884725772068016911F0080F1BD013
:10B77000C16811F0080F17D06FF0080101610420B3
:10B7800020772068C06910F0030F04D0D4F890101F
:10B790002046884707E0D4F8981020468847D4F818
:10B7A0009C102046884725772068016911F0100F0A
:10B7B0001BD0C16811F0100F17D06FF0100101619C
:10B7C000082020772068C06910F4407F04D0D4F8A6
:10B7D00090102046884707E0D4F898102046884704
:10B7E000D4F89C102046884725772068016911F01D
:10B7F000010F0AD0C16811F0010F06D06FF00101EE
:10B800000161D4F88010204688472068016911F052
:10B81000800F0AD0C16811F0800F06D06FF0800150
:10B820000161D4F8B010204688472068016911F002
:10B83000400F0AD0C16811F0400F06D06FF04001F0
:10B840000161D4F88810204688472068016911F00A
:10B85000200F0CD0C16811F0200F08D06FF020012C
:10B8600001612046D4F8A810BDE87040084770BDBB
:10B8700000B585B00021009101910291039100680B
:10B88000104988421CD11048816941F01001816142
:10B890008069694600F0100004904FF40070009039
:10B8A00002200190032003900848FEF73FFF08485C
:10B8B000416821F4406141F0E06141F44061416040
:10B8C00005B000BD0004004000100240001001401F
:10B8D00000000140704770B504460D4694F83C00E6
:10B8E00001280AD0012084F83C0042B1042A1AD071
:10B8F000082A2DD00C2A53D13EE0022070BD2946E3
:10B90000206800F0C1FE2068816941F00801816172
:10B910002068816921F004018161206881692A69B8
:10B92000114381613CE02946206800F0E1FE206877
:10B93000816941F4006181612068816921F480613D
:10B940008161206881692A6941EA0221816127E0D9
:10B950002946206800F000FF2068C16941F0080115
:10B96000C1612068C16921F00401C1612068C16919
:10B970002A691143C16113E02946206800F020FFC5
:10B980002068C16941F40061C1612068C16921F486
:10B990008061C1612068C1692A6941EA0221C161EF
:10B9A000002084F83C0070BD10B50446002C03D084
:10B9B00094F83D0010B10EE0012010BD002084F885
:10B9C0003C00204600F024FF206E08B91148206694
:10B9D000216E20468847022084F83D00211D206802
:10B9E00000F006FE012084F8460084F83E0084F84A
:10B9F0003F0084F8400084F8410084F8420084F855
:10BA0000430084F8440084F8450084F83D00002099
:10BA100010BD000019BA000808B500680649884240
:10BA200008D10648C16941F00201C161C06900F056
:10BA30000200009008BD0000000400400010024019
:10BA40007047704710B50446002909D004290AD070
:10BA500008290BD094F8410001280AD0012010BD1C
:10BA600094F83E00F8E794F83F00F5E794F84000BA
:10BA7000F2E7022089B3042933D0082934D084F8AE
:10BA800041000122206800F0EFFD1949206888423A
:10BA900003D1426C42F4004242642068884212D0D2
:10BAA000B0F1804F0FD0A0F18041B1F580610AD094
:10BAB000A0F18041B1F5006105D0016841F00101BC
:10BAC0000160002010BD816801F007010629F8D04F
:10BAD000016841F001010160F3E7FFE784F83E00EF
:10BAE000CFE784F83F00CCE784F84000C9E70000C6
:10BAF000002C01407047704702460020002908D002
:10BB0000042909D008290AD00C2901D11068006C39
:10BB100070471068406B70471068806B7047106802
:10BB2000C06B70470023002A18D090F83CC0BCF1CD
:10BB3000010F15D04FF0010C80F83CC090F83DC0CB
:10BB4000BCF1010F0ED090F83DC0BCF1000F60D0E9
:10BB50000123002180F83C101846704701207047EF
:10BB6000022070471B2952D2DFE801F00E10121498
:10BB700016181A1C1E20222426282A2D3033363966
:10BB80003C3F4245484B4E008264E2E7C264E0E736
:10BB90000265DEE74265DCE78265DAE7C265D8E781
:10BBA0000266D6E74266D4E78266D2E7C266D0E78D
:10BBB0000267CEE74267CCE78267CAE7C267C8E799
:10BBC000C0F88020C5E7C0F88420C2E7C0F888200C
:10BBD000BFE7C0F88C20BCE7C0F89020B9E7C0F8F8
:10BBE0009420B6E7C0F89820B3E7C0F89C20B0E7EF
:10BBF000C0F8A020ADE7C0F8A420AAE7C0F8A820AC
:10BC0000A7E7C0F8AC20A4E7C0F8B020A1E7012363
:10BC10009FE70E2924D2DFE801F007090B0D0F1171
:10BC2000131517191B1D1F21826492E7C26490E748
:10BC300002658EE742658CE782658AE7C26588E720
:10BC4000026686E7426684E7826682E7C26680E72C
:10BC500002677EE742677CE782677AE7C26778E738
:10BC6000012376E770477047704770B50446206837
:10BC7000C16821F49071C1602068416921F001011F
:10BC80004161206B012804D12068C16821F01001B6
:10BC9000C160206841694FF0000511F0400F0FD0DE
:10BCA000416921F040014161A06B48B14563A06B3F
:10BCB000FEF7AEFA20B1A06BFEF720FB202806D0DD
:10BCC000E585202084F83E002563002070BD10200B
:10BCD0002064032070BD7047F8B5044622681068E0
:10BCE000D168536900F00F0CBCF1000F0AD110F0BD
:10BCF000200F07D011F0200F04D02046BDE8F840F7
:10BD000000F017BF0025BCF1000F6DD003F0010C4F
:10BD100001F490765CEA060666D010F0010F06D0BA
:10BD200011F4807F03D0226C42F00102226410F0F3
:10BD3000040F06D013F0010F03D0226C42F0020270
:10BD4000226410F0020F06D013F0010F03D0226C12
:10BD500042F00402226410F0080F08D001F0200223
:10BD600052EA0C0203D0226C42F008022264226CD8
:10BD7000002A2FD010F0200F05D011F0200F02D094
:10BD8000204600F0D6FE20684069C0F38010216C88
:10BD900011F0080F00D110B3204600F0A5FE206876
:10BDA000416911F0400F16D0416921F04001416115
:10BDB000A06B60B147494163A06BFEF74DFA0028C4
:10BDC00008D0A06B416B01B0BDE8F04008472046A9
:10BDD000FFF781FFF8BD2046FFF77DFFF8BD204645
:10BDE000FFF779FF2564F8BD236B012B5BD110F0C1
:10BDF000100F58D011F0100F55D0106850680090F7
:10BE000050694FF0200310F0400F2ED0A16B08684E
:10BE1000406880B20028E6D0B4F82CC08445E2D94E
:10BE2000E0858869202818D0D06820F48070D06020
:10BE30002068416921F0010141612068416921F0D8
:10BE40004001416184F83E3025632068C16821F0DB
:10BE50001001C160A06BFEF7DBF9A08DE18D401AE7
:10BE600081B22046FFF700FFF8BDA08DE18D401A9A
:10BE700081B2E08D0028F7D00029F5D0D06820F4F9
:10BE80009070D0602068426922F00102426184F81B
:10BE90003E3025632068C26822F01002C26020464E
:10BEA000FFF7E2FEF8BD10F0800F07D011F0800F11
:10BEB00004D02046BDE8F84000F019BF10F0400F54
:10BEC000F0D011F0400FEDD02046BDE8F84000F072
:10BED00023BE00009DCA000870B50446002C04D0A3
:10BEE00094F83D00002510B106E0012070BD84F8F3
:10BEF0003C50204600F022F8242084F83D002068C1
:10BF0000C16821F40051C160204600F071FE206834
:10BF1000016921F4904101612068416921F02A0101
:10BF200041612068C16841F40051C160256420204E
:10BF300084F83D0084F83E00002070BD704790F802
:10BF40003E30202B01D00220704759B152B190F8F9
:10BF50003C30012B08D0012380F83C3000230363E0
:10BF600000F0AABE012070470220704710B500689B
:10BF70000A49884211D10A4CA168B1F5806F03D2F9
:10BF80004068C0B207F038F8A168064801220144B1
:10BF9000BDE810404438FFF7D2BF10BD0038014063
:10BFA000A00200203017002010B5044600680F4999
:10BFB000884215D10E490878032811D18A7808796A
:10BFC000824201D2521C8A70D2B2824202D3042031
:10BFD000087005E08868811801220648FFF7AFFF66
:10BFE0002046BDE81040FFF7C1BF000000440040FC
:10BFF00090020020F415002037B5044694F83D0067
:10C00000202802D003B0022030BD019900292FD092
:10C01000002A2DD094F83C0001282CD0012084F86F
:10C020003C002162A284E28400252564212084F85A
:10C030003D00636B11489862606BC562606B05637D
:10C04000606B45632068134600F1040C6246606B28
:10C05000FEF750FA21686FF04000086084F83C5009
:10C060002068416941F08001416103B0002030BD8A
:10C0700003B0012030BD03B0022030BDADCA0008BE
:10C0800090F83D30202B01D002207047A9B1A2B119
:10C0900090F83C30012B12D001628284C2840021CE
:10C0A0000164212280F83D2080F83C100068C168BE
:10C0B00041F08001C16000207047012070470220DC
:10C0C000704700000068094988420DD108498888F6
:10C0D000401C80B288804A88904205D2C9680122FB
:10C0E00001440448FFF7CCBF70470000003801400E
:10C0F000A0020020EC16002070B505460068144927
:10C10000884220D1134C2146A078E2788968904279
:10C1100008D2014401221048FFF7B2FFA078401C6A
:10C12000A07010E022780020022A0BD10322227096
:10C13000A070207928B121B101220748FFF7FFFE46
:10C1400001E0042020702846BDE87040FFF7BABF28
:10C150000044004090020020F4150020FEE700009B
:10C160000449097B19B1002101800120704700209A
:10C17000704700003C0200203EB50021234800919A
:10C180000191214A02910260921582600124047398
:10C19000017504254FF460220561C2614160FDF71D
:10C1A000BFFE08B1FDF7B4FC0820CDE90004062469
:10C1B000694616480294FDF71BFE08B1FDF7A8FC7E
:10C1C000092000900220CDE9010469460F48FDF7DF
:10C1D0000FFE08B1FDF79CFC03200095CDE901049A
:10C1E00069460A48FDF704FE08B1FDF791FCCDE968
:10C1F0000045694605480294FDF7FAFD002801D084
:10C20000FDF786FC3EBD000000240140301B0020ED
:10C21000094808B5416941F00101416140690022C6
:10C2200000F0010000900A210B20FEF733FCBDE86E
:10C2300008400B20FEF720BC0010024070B586B00D
:10C2400000241C480094019402940394816941F0F5
:10C2500004018161816901F004010491816941F067
:10C2600020018161816901F020010491816941F01F
:10C2700008018161816901F008010491816941F03F
:10C28000100181618069012200F010000A4ED5037F
:10C29000049029463046FEF74EFB01200095CDE97B
:10C2A00001040220039069463046FEF73FFA06B0CB
:10C2B00070BD00000010024000080140FEE770471A
:10C2C000F8B50546694603F08DFB234A002350B3B9
:10C2D000022832D0032835D0BDF800001F4E00EBF5
:10C2E000800102EB410156F8207006EB80007D1BB7
:10C2F000406805EB8505381A6D00B5FBF0F0084481
:10C3000001B22046164C61F31F40B4F90450A94213
:10C3100004DA914202DD491C61F31F400114A1803F
:10C3200063F30700F8BDBDF8000000EB800002EBEE
:10C330004001204661F31F40F2E7204662F31F40B0
:10C34000012105E040F2E241204661F31F40022155
:10C3500061F30700F8BD000070FEFFFF549F010865
:10C36000CC02002010B50D4C4FF49670A0606078A0
:10C37000002812D0002060700948008880B2A0F523
:10C380007061FF3901D1401E80B20649B1FBF0F067
:10C39000A0F59670FFF794FFE06010BDCC0200207E
:10C3A000B41B0020D4BE120002484078002800D000
:10C3B000012070471003002070B5164C0D46B1F5F2
:10C3C000007F07D06079002823D0A08BC0F308003D
:10C3D000A8421ED1104E606A8219104803F04AFB31
:10C3E000606A41190EA0616203F096F80A20A070FD
:10C3F000606A3044A06418A003F08EF80120E07059
:10C40000218CC1F30801A94203D16179002900D030
:10C41000207170BD6403002000400208991D0020B7
:10C420005F5F5F5F5F5F5F5F5F5F5F5F5F5F5F5F1C
:10C430005F5F5F5F5F5F5F5F5F5F5F5F5F5F5F5F0C
:10C440005F736176655F62796574655F636F756E52
:10C450007465723D25750A00314D4355C2B4C3A6BB
:10C46000C2B4C2A2310A00007047000081B007497F
:10C470004FF4FA520968B1FBF2F14843009000BF53
:10C480000098411E0091FAD201B0704714000020BC
:10C490000149002008707047100300207047000019
:10C4A000074A1378984207D15378052B02D25B1CB8
:10C4B00053707047087070471070002050707047BC
:10C4C0008C02002070B5194CA079A0F5FA60C0B2BA
:10C4D00001F021F904F10A05A871607901F01BF956
:10C4E0002871207901F017F9E870E08861792279E4
:10C4F000FDF7C3FB401CC0B2E07001F00CF968719D
:10C50000A07801F008F9A870607801F004F968706B
:10C51000207801F000F928700722294604A006F0CF
:10C520009AF92846BDE87040FDF7D8BA8806002081
:10C530007365742074696D650000000010B5FEF726
:10C5400041FABDE8104007F0F7BF30B593B028219D
:10C550006846FBF746FE14210EA8FBF742FE0024B6
:10C5600001200A940B940C9401040D948DE813009F
:10C5700004904FF4E010CDE90810022507956846B5
:10C58000FEF706FD08B1FDF7C3FA0F20CDE90E0551
:10C590004FF48060CDE9104002210EA81294FEF7FE
:10C5A000D5FB08B1FDF7B4FA10200A900D940AA843
:10C5B000FEF734FB08B1FDF7ABFA4FF400400C90E6
:10C5C0000A950AA8FEF72AFB002801D0FDF7A0FA79
:10C5D00013B030BD704700000148FFF77FB800007E
:10C5E000D80B00200148FFF779B80000400D00206B
:10C5F00030B40268194B1A4CDFF868C0984206D074
:10C60000B0F1804F03D0A04201D0604503D122F0A9
:10C6100070024D682A43984206D0B0F1804F03D093
:10C62000A04201D0604505D122F44072D1F80CC07F
:10C630004CEA0202D1F814C022F0800242EA0C0255
:10C6400002608A68C2620A688262984201D10969FE
:10C6500001630121416130BC70470000002C0140A2
:10C66000000400400008004001F01F0101238B403E
:10C67000D0F820C02CEA03030362036A02FA01F136
:10C68000194301627047000010B4026A22F00102EF
:10C690000262036A4268D0F818C02CF0700C2CF0CB
:10C6A000030C0C6844EA0C0C23F002038C6823434F
:10C6B0000E4CA04206D123F00803CC6844EA0303E1
:10C6C00023F0040309D122F4807222F400724C6931
:10C6D00044EA02028C6944EA02024260C0F818C0CF
:10C6E00049684163036210BC70470000002C0140A0
:10C6F00010B4026A22F010020262036A4268D0F8A3
:10C7000018C02CF4E04C2CF4407C0C684CEA042C4F
:10C7100023F020038C6843EA04130E4CA04206D198
:10C7200023F08003CC6843EA041323F0400309D1CB
:10C7300022F4806222F400624C6942EA84028C692D
:10C7400042EA84024260C0F818C04968816303620B
:10C7500010BC7047002C014010B4026A22F48072B1
:10C760000262036A4268D0F81CC02CF0700C2CF0F6
:10C77000030C0C6844EA0C0C23F400738C6843EA45
:10C7800004230E4CA04206D123F40063CC6843EA94
:10C79000042323F4806309D122F4805222F400524E
:10C7A0004C6942EA04128C6942EA04124260C0F801
:10C7B0001CC04968C163036210BC7047002C014073
:10C7C00010B4026A22F480520262036A4268D0F80E
:10C7D0001CC02CF4E04C2CF4407C0C684CEA042C7B
:10C7E00023F400538C6843EA0433A0F18044B4F589
:10C7F000963404D122F480424C6942EA84124260A9
:10C80000C0F81CC049680164036210BC7047000096
:10C810001349C0F880101349C0F884101249C0F8B9
:10C8200088101249C0F88C101149C0F890101149B5
:10C83000C0F894101049C0F898101049C0F89C1026
:10C840000F49C0F8A0100F49C0F8A4100E49C0F855
:10C85000A8100E49C0F8AC100D49C0F8B0107047D0
:10C86000F5BA0008F7BA000865BC000867BC000804
:10C8700001B5000851B50008D5B8000841BA000854
:10C8800043BA0008FFB40008E7B30008E9B30008A2
:10C89000E5B3000830B4D0F820C02CF0010CC0F88B
:10C8A00020C0D0F818C0046AA0F18045B5F59635CF
:10C8B0001ED0B0F1804F1BD0A0F18045B5F580654A
:10C8C00016D0A0F18045B5F5006511D04CF00102FD
:10C8D00022F0F0024FF0F00C0CEA03131A4324F09C
:10C8E0000A0301F00A0119438261016230BC7047FA
:10C8F0002CF0030C4CEA0202EAE710B4D0F820C096
:10C900002CF0100CC0F820C08469D0F820C024F4AA
:10C91000407444EA022222F470424FF4704404EA64
:10C9200003331A432CF0A0034FF0A00C0CEA0111C2
:10C9300019438261016210BC704710B4D0F820C066
:10C940002CF4807CC0F820C0C469D0F820C024F04A
:10C950000304224322F0F002F02404EA03131A43F2
:10C960002CF400734FF4007C0CEA01211943C261DE
:10C97000016210BC704710B4D0F820C02CF4805C69
:10C98000C0F820C0C469D0F820C024F4407444EA40
:10C99000022222F470424FF4704404EA03331A4333
:10C9A0002CF400534FF4005C0CEA01311943C261CE
:10C9B000016210BC7047000000B585B000200190F6
:10C9C0000A48816941F0080181618069694600F087
:10C9D000080004904FF400500090022002900320C1
:10C9E00003900348FDF7A2FE05B000BD0010024011
:10C9F000000C01400C4800B5816985B041F0080188
:10CA000081618069694600F0080004904FF400508D
:10CA10000090012001900290032003900348FDF74D
:10CA200085FE05B000BD000000100240000C014072
:10CA300000B585B00020019003900A48816941F05B
:10CA4000080181618069694600F0080004904FF494
:10CA500000500090012002900348FDF767FE05B0EA
:10CA600000BD000000100240000C01400148806839
:10CA7000704700005003002042180749896882422D
:10CA800005D3914201D2814203D2012070479142E5
:10CA9000F9D80020704700005003002010B5406A0C
:10CAA0000021C185C184FFF716F910BD10B50146FC
:10CAB000486A0968096811F0200F02D0FFF71CFBD3
:10CAC00010BD0021C18401684A6922F080024A61D8
:10CAD0000168CA6842F04002CA60202180F83D1017
:10CAE000BDE8104003F082BD0168CA6822F490726C
:10CAF000CA6001684A6922F001024A61016B01299A
:10CB000004D10168CA6822F01002CA60202180F8AE
:10CB10003E1000210163704710B50168CA6822F019
:10CB20004002CA60202180F83D10FFF7E5FA00209E
:10CB300010BD08B590F83E10222901D0022008BD92
:10CB40008268B2F5805F01D1016929B1816AB2F5CD
:10CB5000805F1DD052B10BE0816A02685268C2F357
:10CB600008020A80816A891C816209E002697AB13F
:10CB70000268526802F07F020A70816A491C816271
:10CB8000C18D491E0904090CC18505D0002008BDCE
:10CB9000026852680A70F0E70168CA6822F0200251
:10CBA000CA600168CA6822F48072CA6001684A6972
:10CBB00022F001024A61202180F83E10016B012918
:10CBC00003D0FFF7F1F9002008BD002101630168DF
:10CBD000CA6822F01002CA6001680A6812F0100FD9
:10CBE00002D00A6849680091818DFFF73DF8EAE7B5
:10CBF00070B5044620680169E26821F44051114390
:10CC000001612169A0680843616901432068C26825
:10CC100022F4037222F4A0521143C16020684169DA
:10CC2000A26921F44071114341612068A0F1804163
:10CC3000B1F59C313AD0FEF74FF900EBC00101EBA2
:10CC4000001061681B4A8900B0FBF1F3A2FB03539B
:10CC5000B0FBF1FC5B096FF018056B430CEB830331
:10CC60004FF0320C0CEB0313A2FB03535B0903F0F0
:10CC7000F005B0FBF1F3A2FB03635B0905EB0313C3
:10CC8000B0FBF1F5B0FBF1F0A2FB001040096FF032
:10CC90001801484305EB80000CEB0010A2FB0010CC
:10CCA0002168C0F343101844886070BDFEF724F972
:10CCB000C3E700001F85EB5181628285C285002198
:10CCC0000164222280F83E2080F83C100168CA6886
:10CCD00042F48072CA6001684A6942F001024A6106
:10CCE0000068C16841F02001C1600020704790F8E1
:10CCF0003D10212901D0022070478168B1F5805F85
:10CD000001D1016961B1016A4A1C026202680978B5
:10CD10005160C18C491E0904090CC1840AD013E07A
:10CD2000016A02680988C1F308015160016A891C1F
:10CD30000162EEE70168CA6822F08002CA600068FA
:10CD4000C16841F04001C160002070470148FEF712
:10CD5000C3BF0000EC1600200148FEF7BDBF000075
:10CD6000F41500207047FEE77047000010B50D4C29
:10CD7000C01D20F00700216BE36A0A1820469A4282
:10CD8000806A0BD90849884206D1E07820B907A00B
:10CD900002F0C2FB0120E070002010BD08442263B5
:10CDA00010BD000024040020D04C00205458205016
:10CDB0006F6F6C204578686175737465640D0A0047
:10CDC0002DE9F8438B4C02270126607800254FF4AB
:10CDD00080780C282DD2DFE800F02C060930415471
:10CDE00061829EABBEDB06F083F821E000F07AFCA6
:10CDF00001281ED17F49658100220A317E4805F055
:10CE00005DFF002815D07DA17B48FBF7FEF910B12E
:10CE100066707EA0E4E08CA17748FBF7F6F920B1BC
:10CE2000FFF724FEE063032016E02078022802D2F8
:10CE30006770BDE8F8832570FBE74FF4C871E06BBD
:10CE4000FFF71AFE0028F4D0052380A20F2180A04E
:10CE5000009606F0F9F904206070EAE706F0EAF9B6
:10CE60000128E6D106F052FAFFF712FB7C481423A2
:10CE70007CA206701C217DA0009506F0E5F9052036
:10CE8000EAE706F0D7F90128D3D1142375A22121AE
:10CE90007EA0009506F0D8F90620DDE706F0CAF975
:10CEA0000128C6D14146824809F062F98048FBF763
:10CEB000D4F9801E82B27FA1834800F05FFC8249D2
:10CEC00082A002F029FB8048FBF7C7F9C1B2142306
:10CED00082A27D48009506F0B7F90720BCE706F06E
:10CEE000A9F90128A5D180217148FBF77AF94146BB
:10CEF0006F4809F03DF96E497AA002F00DFB6C48CD
:10CF0000FBF7ABF9C1B2142350A26948009506F0B3
:10CF10009BF90820A0E706F08DF9012808D1142319
:10CF20004AA20E2175A0009506F08EF909206070C6
:10CF300006F080F9012890D1A06A4FF0C80373A2CF
:10CF4000009628B11B2176A006F07EF90A2083E71F
:10CF50001A217AA0F8E706F06DF9012894D15A4A0F
:10CF60007DA18032524800F009FC514982A002F0B4
:10CF7000D3FA4F48FBF771F9C1B2642333A24C488E
:10CF8000009606F061F9FFF771FDE0620B2063E7A0
:10CF900006F050F9012884D17D49E06AFFF76CFD65
:10CFA0000C2738B17B4802F0B7FA6770BDE8F84348
:10CFB00006F076BA0F4900220A310F4805F07EFECE
:10CFC00000283FF439AF74A10B48FBF71EF958B1A4
:10CFD0006770A67006F09AF974A002F09DFA82A01C
:10CFE000BDE8F84302F098BA61890348FBF7F9F805
:10CFF00065811EE764030020991D0020504F5745AE
:10D0000052454420444F574E000000005F5F5F5F71
:10D010005F5F5F5F5F5F5F5F5F5F5F5F5F5FC38497
:10D02000C2A3C2BFC3A9C396C398C389C38FC2B5E5
:10D03000C3A75F5F5F5F5F5F5F5F5F5F5F5F5F5F54
:10D040005F5F5F5F5F0A0000524459004F4B000072
:10D0500041542B514D54434C4F53453D300D0A0024
:10D06000110300204F4B0D0A0000000041542B51CA
:10D07000485454504346473D22636F6E746578743C
:10D080006964222C31200D0A0000000041542B510C
:10D09000485454504346473D22726573706F6E7317
:10D0A00065686561646572222C30200D0A000000FD
:10D0B0000432002041542B514854545055524C3D99
:10D0C00025752C33300D0A008430002041542B513B
:10D0D0004854545055524C3D25730A00434F4E4E10
:10D0E000454354006669726D5F6E616D655F627580
:10D0F00066666572313D25730A00000041542B516C
:10D100004644454C3D222A220D0A00002B5148542A
:10D1100054504745543A20302C3230362C00000011
:10D1200041542B514854545047455445583D38308C
:10D130002C2D312C32303438300D0A0041542B5113
:10D140004854545047455445583D38302C302C32C3
:10D15000303438300D0A000041542B51485454509B
:10D160005245414446494C453D225546533A257364
:10D17000222C3830200D0A006669726D5F6E616D79
:10D18000655F627566666572323D25730A00000050
:10D19000803801002CA401082B51485454505245AA
:10D1A000414446494C453A20300000005F5F5F5FD4
:10D1B0005F5F5F5F5F5F5F5F5FC38DC2A8C390C348
:10D1C00085C384C2A3C2BFC3A9C38AC395C2B5C263
:10D1D000BDC2B9C38CC2BCC3BE5F5F5F5F5F5F5F30
:10D1E0005F5F5F0A000000005F5F5F5F5F5F5F5F20
:10D1F0005F5F5F5F5F5F5F4D4355C2BFC2AAC38A77
:10D20000C2BC4F54415F5F5F5F5F5F5F5F5F5F5FA7
:10D210005F5F5F5F6E00000010B5FFF727FC0249FB
:10D22000C8630320487010BD640300202DE9F84353
:10D2300004F01CF9A54C01250327E07800264FF0E7
:10D240000208142849D2DFE800F0480A0D54616F43
:10D250007C8996A3B0BD4848D448F6F0EFEE05F0BF
:10D2600047FE38E000F03EFA012836D19749A68201
:10D2700000221431964805F021FD002830D0A18A03
:10D28000934805F0E7FA93A19148FAF7BEFF50B131
:10D2900090A002F041F9E57000F02EFABDE8F843E5
:10D2A00090A002F039B99FA18948FAF7AEFF58B1B2
:10D2B0009DA002F031F932239EA20B219EA0009680
:10D2C00005F0C2FFE7700BE0A18A814805F0C2FAC1
:10D2D000A078022803D284F80380BDE8F883A67002
:10D2E000322394A20B2194A0009605F0ADFFE770C5
:10D2F000F3E705F09FFF0128EFD132238DA20B2128
:10D3000090A0009605F0A0FF04200BE005F092FF2E
:10D310000128E2D114238EA20A2191A0009605F0E3
:10D3200093FF0520E070D8E705F084FF0128D4D1F1
:10D3300014238EA2172195A0009605F085FF0620E4
:10D34000F0E705F077FF0128C7D1142379A21D214A
:10D3500094A0009505F078FF0720E3E705F06AFF49
:10D360000128BAD1192373A2194696A0009505F099
:10D370006BFF0820D6E705F05DFF0128ADD119232A
:10D380006CA21D2196A0009505F05EFF0920C9E75B
:10D3900005F050FF0128A0D1192366A21A2198A0F8
:10D3A000009505F051FF0A20BCE705F043FF012876
:10D3B00093D132235FA2092198A0009505F044FF84
:10D3C0000E20AFE705F036FF012886D109F0C4F83A
:10D3D0006021954808F054FF00285DDD60285BDA85
:10D3E000C1B2322391A29048009505F02DFF122082
:10D3F00098E705F01FFF012895D10AF0BDF9B0B1FB
:10D4000089486021603008F009FF002844DD602869
:10D4100042DAC1B28448322388A26030009505F018
:10D4200013FF10207EE743E029E01BE003E087A024
:10D4300002F072F830E005F0FDFE012884D17A4850
:10D440008021C03008F0C2FE002825DD802823DAC4
:10D45000C1B27548322387A2C030009505F0F4FEB2
:10D4600011205FE705F0E6FE012887D1192385A288
:10D470000A2186A0009505F0E7FE0B2052E705F093
:10D48000D9FE012887D112486021603808F01AFFC0
:10D49000002801DD602801DBE5701EE7C1B20C4801
:10D4A00032237DA26038009505F0CEFE132039E7C7
:10D4B00005F0C0FE0128F0D11420E0702770BDE80F
:10D4C000F84300221146072004F0BEB810030020E4
:10D4D000991D0020504F574552454420444F574E08
:10D4E000000000005F5F5F5F5F5F5F5F5F5F5F5FC8
:10D4F0005F5F5F5F5F5FC4A3EFBFBDEFBFBDEFBF07
:10D50000BDEFBFBDEFBFBDCFB5EFBFBD5F5F5F5F1D
:10D510005F5F5F5F5F5F5F5F5F5F5F5F5F5F5F0A70
:10D520000000000052445900504F574552454420D6
:10D53000524459004F4B000041542B4346554E3D39
:10D54000300D0A0041542B4346554E3D310D0A0023
:10D550002B4350494E3A20524541445900000000A7
:10D5600041542B4350494E3F0D0A00002B51454E6C
:10D57000473A202273657276696E6763656C6C2228
:10D580002C224E4F434F4E4E2200000061742B71EF
:10D59000656E673D2273657276696E6763656C6C54
:10D5A000220D0A0041542B514D544346473D2272EF
:10D5B0006563762F6D6F6465222C302C302C300D16
:10D5C0000A00000041542B514D544346473D2276FA
:10D5D000657273696F6E222C302C340D0A000000C6
:10D5E00041542B514D544346473D226B6565706154
:10D5F0006C697665222C302C3132300D0A00000027
:10D6000041542B514D544346473D22716D7470690E
:10D610006E67222C302C33300D0A000041542B430E
:10D6200047534E0D0A000000F91B00202B514D54AA
:10D630005355423A20302C312C3000002B514D54A0
:10D640004F50454E3A20302C300000004D5154547C
:10D6500020636F6E66696720626C6F636B65643A06
:10D6600020696E76616C6964207265616C20494D39
:10D6700045490A002B514D54434F4E4E3A20302C11
:10D68000302C30002B51434349443A0041542B5134
:10D69000434349440D0A00002B514D545355423A1F
:10D6A00020302C322C3000000348C078142801D0E0
:10D6B00000207047012070471003002010B501F0D2
:10D6C0006FFC01F05DFC02490120C87010BD000034
:10D6D000100300200249C8700720487270470000FC
:10D6E0001003002003480078052801D0002070476F
:10D6F0000120704750030020014900200870704746
:10D7000050030020010901EB810100F00F0000EB44
:10D710004100C0B270470A21B0FBF1F2B0FBF1F357
:10D7200001FB1300120740EA12607047002000BF9F
:10D7300000BF00BF00BF00BF00BF00BF00BF00BFF1
:10D74000401CC0B20428F2D3704700000FB41CB5CF
:10D750000246002007AC00290BD0491ECDE900216C
:10D76000054B6A462146069800F048FA009A0021C7
:10D7700011701CBC5DF814FB2BE300080FB4084BC0
:10D7800010B504A902AA039800F038FA044602A9C9
:10D79000002000F0D5FD204610BC5DF814FB000011
:10D7A00041E300087CB5044600201D4616460029CA
:10D7B0000BD0491ECDE90041044B6A46294630464C
:10D7C00000F01CFA009A002111707CBD2BE30008C8
:10D7D0004100080218BF04200A0E18BF40F00100E3
:10D7E0004FF07F4232EA010108BF40F002000128F9
:10D7F00008BF05207047000030B528B1144C031F46
:10D80000002021680A4605E0084630BD9A4203D848
:10D8100010465268002AF9D1002800D041680BD088
:10D820000468A3EB0005A54204D11B681C44034611
:10D83000046002E0436000E023603AB11C68D51A3E
:10D84000A54203D115682C441C6052685A6030BD53
:10D85000BC0500202DE9F04782460F4C10480D4EC4
:10D860000E4F001B4FF0000820F007054FF0010994
:10D8700000221146504602F061FF002802D13068B4
:10D8800010B10020BDE8F0873C60C4E90058C6F83C
:10D890000090EDE7C0050020F4600020BC050020EA
:10D8A000F062002000214FF07E50FBF71DB80121EF
:10D8B000FBF758B8FAF78EBF00210846FBF714B8FB
:10D8C00061214FF0E040FBF74DB86FF05E010807B3
:10D8D000FBF748B82DE9F04D0D4614464FF07F4157
:10D8E000B1EB440F9EBF4FF0FF312960BDE8F08DD2
:10D8F0004FF0004040EA0421C4F3C750783810F0DC
:10D900001F024A4B4FEA601CC2F120067B44C4F35D
:10D91000C750A0F178004FEA601003EB800053F885
:10D920002C3008BFD0E901C612D0D0F804C0934013
:10D930002CFA06F73B4387680CFA02FC27FA06F834
:10D94000C06807FA02F2F0404CEA080C42EA00060E
:10D95000A3FB0132ACFB01C0A6FB016101EB0C068D
:10D960008E4234BF4FF0010C4FF0000CC1186144DF
:10D97000BCF1000F02D0814202D903E0814201D202
:10D98000012000E00020104400F120024FEA92182C
:10D990008006CA0C40EA42304F03C5F80080FBF70E
:10D9A0001DF982463846FBF722F96FF01201FAF7AB
:10D9B000D9FF07463046FBF71AF96FF02501FAF751
:10D9C000D1FF834639465046FAF704FF5946FAF725
:10D9D00001FF00F500666FF30B0651463046FAF77B
:10D9E0004BFF3946FAF748FF5946FAF748FF104906
:10D9F000FAF748FF07460F493046FAF743FF394622
:10DA0000FAF7E8FE07460C493046FAF73BFF39467D
:10DA1000FAF7E0FE14F0004F08BFBDE8F08DC8F142
:10DA2000805180F000402960BDE8F08D6CCA000094
:10DA3000DB0FC92F22AAFD290000C92F02E008C868
:10DA4000121F08C1002AFAD170477047002001E078
:10DA500001C1121F002AFBD1704700000149086074
:10DA600070470000C40500202DE9FF5F82B000214F
:10DA7000DDE90430020DDDF840B0034318D044F670
:10DA80001050A2F2FF3242431514119801281FD002
:10DA9000A5EB0B00401C5FEA000A4FF000064E4F5A
:10DAA000DFF83891B046504615D5CAF1000413E0AE
:10DAB000119801244AA3012801D16FEA0B010298B1
:10DAC000119AC0E90031C0E9024206B0BDE8F09FFA
:10DAD000CBF10000DFE704460021404A491842EB41
:10DAE0000450CDE9001012E0E00707D032463B4673
:10DAF00040464946FAF7E9FF8046894632463B46AA
:10DB000010461946FAF7E1FF06460F466410002C4E
:10DB1000EAD1DDE90401DDE90023BAF1000F06DAFC
:10DB2000FAF7D3FF42464B46FAF7CFFF05E0FBF783
:10DB300019FB42464B46FBF715FB04460E460022F6
:10DB4000284BFBF7F5F803D84FF0FF30014607E00C
:10DB50000022254B20463146FAF710FFFBF77DFBEC
:10DB6000102409E0002C0ADB0A220023FBF70EF93F
:10DB7000039B30321A55641E50EA0102F2D1641C34
:10DB8000039AC4F111031444119A012A03D001220B
:10DB900008430DD10AE0084304D000204FF0110BD8
:10DBA000119072E7A3EB0B056D1E0DE05B4504DDE4
:10DBB0004FF0000205F1010504E003DA4FF0000226
:10DBC000A5F10105002AECD002981199C0E90231B3
:10DBD000C0E9004579E70000000014400000F03F74
:10DBE000300000000000F0430000E03F30380A2819
:10DBF00001D2012070470020704700002DE9FF4F3F
:10DC000095B09B468946064600250FE2252877D128
:10DC100000242746F84A0121059400E0044316F841
:10DC2000013F203B01FA03F01042F7D130782A2857
:10DC300011D06FF02F033078A0F13002092A16D8E6
:10DC4000059A44F0020402EB820203EB4202104404
:10DC5000761C0590EFE759F8042B0592002A03DAA9
:10DC6000504244F40054059044F00204761C30788D
:10DC70002E2816D116F8010F44F004042A280DD0DE
:10DC80006FF02F023078A0F13003092B09D807EB91
:10DC9000870302EB4303C718761CF3E759F8047BAC
:10DCA000761C30786C280FD006DC4C2817D06828FA
:10DCB0000DD06A2814D104E0742810D07A280FD12E
:10DCC0000DE044F400140AE044F4801401E044F44C
:10DCD00040147278824202D104F58014761C761CBE
:10DCE000307866280BD013DC582877D009DC002860
:10DCF00075D04528F6D04628F4D047281AD19DE1A2
:10DD000018E0632835D0642879D0652812D195E1D0
:10DD1000702873D008DC6728F1D069286FD06E288E
:10DD20000DD06F2806D1B5E073282CD0752875D09A
:10DD3000782874D05A46179990476D1C75E1C4F342
:10DD40000250022809D003280DD0D9F80010042869
:10DD50000DD00D6009F1040967E1D9F80010EA1748
:10DD6000C1E90052F6E7D9F800100D80F2E70D7016
:10DD7000F0E719F8041B8DF8001000208DF8010061
:10DD8000EA46012003E059F804AB4FF0FF30610789
:10DD90004FF0000102D40DE008F101018846B942BC
:10DDA0000FDA8045F8DB1AF808100029F4D108E0F2
:10DDB00008F1010188468142FADB1AF808100029AF
:10DDC000F6D105985B46A0EB080721463846179A1E
:10DDD00000F094FA284400EB080507E04DE029E143
:10DDE0000DE01AF8010B5A4617999047B8F101084F
:10DDF000F7D25B4621463846179A13E142E00A22E1
:10DE00000092C4F302524FF0000A022A08D059F8D7
:10DE100004CB032A4FEAEC710AD00DE029E02AE096
:10DE200009F1070121F00702F2E802C1914609E079
:10DE30000FFA8CFC4FEAEC71042A03D14FFA8CFCE8
:10DE40004FEAEC71002907DA0A460021DCF1000CE8
:10DE500061EB02012D2202E0220504D52B228DF870
:10DE60000420012203E0E20701D02022F7E79046D8
:10DE700059E00A2102E010220DE010214FF0000AC3
:10DE800000910BE010224FF0000A44F00404082730
:10DE9000009203E008224FF0000A0092C4F30252FD
:10DEA000022A05D059F804CB0021032A08D009E042
:10DEB00009F1070121F00702F2E802C1914605E0ED
:10DEC0001FFA8CFC042A01D10CF0FF0C4FF0000863
:10DED000220728D5702806D0009B83F0100353EA50
:10DEE0000A0305D00EE040228DF80420012208E04C
:10DEF0005CEA010206D030228DF804208DF805007E
:10DF000002229046009B83F0080353EA0A030AD1D9
:10DF10005CEA010201D1620705D530228DF80420A8
:10DF20004FF001087F1E582804D034A003900EA89B
:10DF300002900DE036A0F9E753466046009AFAF7E2
:10DF400025FF84460398825C0298401E029002706E
:10DF50005CEA0100F0D1029806A9081A00F1200A33
:10DF6000600702D524F4803400E00127574502DD24
:10DF7000A7EB0A0000E0002000EB0A0100900598E2
:10DF80004144401A0590E00306D45B462146179AA7
:10DF9000059800F0B3F90544002706E001A85A46A9
:10DFA000C05D179990476D1C7F1C4745F6DBE00369
:10DFB0000CD55B462146179A059800F09FF9054459
:10DFC00004E030205A46179990476D1C0099481E6E
:10DFD00000900029F5DC08E0029802995A46007882
:10DFE000491C0291179990476D1CBAF10001AAF1E2
:10DFF000010AF1DC65E1000009280100303132330B
:10E000003435363738396162636465660000000074
:10E01000303132333435363738394142434445465E
:10E020000000000000F058F90544761C3078002804
:10E030007FF4ECAD19B02846BDE8F08F620700D43C
:10E04000062709F1070222F0070CFCE80223E1464B
:10E0500003F000485FEA080C02D00FF2702C0DE0CC
:10E060005FEA045C02D50FF2682C07E05FEAC47C2B
:10E0700002D00FF2602C01E0AFF2700C4FF0FF38CD
:10E0800023F00043CDF850C065280CD006DC4528AD
:10E0900009D046281DD047283DD13DE0662818D03C
:10E0A00067287ED138E00021112F01DB112000E02C
:10E0B000781CCDE9000106A90EA8FFF7D5FCDDE923
:10E0C0000F010E9A03910021009207F1010A0491B9
:10E0D0004DE04FF000400097CDE9011006A90EA8D1
:10E0E000FFF7C2FCDDE90F0203920E9B119900229B
:10E0F000DDF80CA00093049211B9791C00EB010A21
:10E10000B7EB0A0004D4C0F1FF3007F1010A049014
:10E11000AAEB0700019044E0012F00DA012700215B
:10E12000112F01DD112000E03846CDE9000106A9DC
:10E130000EA8FFF799FCDDE90F010E9A039100216B
:10E1400004910092BA4621070CD40399514500DA94
:10E150008A46BAF1010F05DD009AAAF10101515C6E
:10E16000302908D0B84202DA10F1040F06DA012192
:10E17000CDE9011015E0AAF10101E9E7002805DC6D
:10E18000049901440491AAEB000102E0411C5145AD
:10E1900000DD8A460499401A401C01904FF000406F
:10E1A0000290200704D40198504501DBCDF804808B
:10E1B00000208DF84F0002980DF14F07B0F1004F8D
:10E1C00025D02B200E9002984FF0020800280CDA80
:10E1D000404202902D200E9007E00A210298FAF7A3
:10E1E000BFFD3031029007F8011DB8F10001A8F120
:10E1F0000108F2DC02980028EFD1791E0E98087011
:10E20000307800F0200040F0450007F8020D12A819
:10E21000C01B00F107081498007800B1012000EB42
:10E220000A01019801EBE07105984144401A401E33
:10E230000590E00306D45B462146179A059800F046
:10E240005DF805441498007818B15A46179990471C
:10E250006D1CE00324D55B462146179A059800F013
:10E260004DF805441CE00498002807DBDDE90301B4
:10E27000884203DD0098405C179901E0179930202F
:10E280005A469047049805F10105401C04900198F6
:10E29000401E019004D12E205A46179990476D1CBC
:10E2A000BAF10001AAF1010ADDDC05E017F8010B63
:10E2B0005A46179990476D1CB8F10001A8F1010862
:10E2C000F4DC5B462146179A0598ABE62D0000006A
:10E2D0002B000000200000002DE9F041044600253D
:10E2E0001E461746880404D405E039462020B0476E
:10E2F0006D1C641EF9D52846BDE8F0812DE9F0417A
:10E30000044600251E469046C80301D5302700E08C
:10E310002027880404D505E041463846B0476D1CE7
:10E32000641EF9D52846BDE8F0814A68002A06D067
:10E330000A68531C0B6010704868401E48607047A4
:10E340000A68531C0B601070704700002DE9F04103
:10E3500004464FF01A4000EB4400B0F1C85F20467D
:10E3600055D84FF0FC41B1EB440F1CD224F00040D3
:10E370004FF07E51FAF783FA4FF0FF31FAF7F2FAD5
:10E38000054605F0A9F814F0004F1DBF2C4F2D4E87
:10E3900080F00040002708BF3E464FF04041FAF7AA
:10E3A00071FA044605E0284F284E0146FAF76AFA4A
:10E3B000054627492846FAF765FA2649FAF70AFA80
:10E3C0002946FAF75FFA2449FAF704FA2946FAF7D8
:10E3D00059FA2249FAF7FEF92946FAF753FA204981
:10E3E000FAF7F8F9804629462046FAF74BFA4146F3
:10E3F000FAF748FA054631462046FAF740FA294628
:10E40000FAF73AFA3946BDE8F041FAF7E3B94FF0C6
:10E41000CC41B1EB440F84BF1248BDE8F0814FF00E
:10E420007F41B1EB440F03D2BDE8F041FFF73FBAA3
:10E430000120FFF713FBBDE8F041FFF73DBA0000F4
:10E440000000494022AA7D3A0000C93F22AAFD39B6
:10E4500024FE1C3DC78AD83C1E67383D1B93993D5E
:10E46000AFAA2A3EDB0FC93F2DE9F041284D002617
:10E47000687830B16E70042205F114012548FBF76D
:10E480002FFE23492878143101280CD1214A00207D
:10E490002E70743231F810301B0142F82030401CCD
:10E4A000C0B20428F6D31B4F0024884617F1840716
:10E4B00038F81410204601F0C1FA47F82400641C13
:10E4C000E4B2042CF4D3396840F6E440414340F60A
:10E4D000FF70B1FBF0F16960796840F6E4425143A6
:10E4E000B1FBF0F1A960B9685143B1FBF0F1E9600B
:10E4F000F9685143B1FBF0F028616888642800D9BD
:10E500006E80054901200870BDE8F041FDF72ABF83
:10E51000B0020020301B0020CD02002002484188BC
:10E52000491C418070470000B002002011B108B1C1
:10E53000884201D10020704782683AB152681AB10E
:10E5400011604A608068416001207047816000204E
:10E55000C1E90001F8E72DE9F04106000698984668
:10E5600014460D4621D005B3FCB1A6421DD018B10A
:10E57000E06840F4007708E01946284600F054FBB4
:10E58000050012D0E06820F40077A089800504D44B
:10E59000206A10B1D8F804108847E7602146304659
:10E5A0002562BDE8F041FFF7C1BF0020BDE8F08162
:10E5B00030B58FB005006C4619D02878002816D0E9
:10E5C0002846F9F74AFEB0F5006F01D916A00CE015
:10E5D00007F0EEFE284600F07EFA050004D0214642
:10E5E00009F098FA28B11BE016A000F095FF0FB0D3
:10E5F00030BD204609F00AF890B1204609F046F8EF
:10E600000028204605D007F0FBFC012002F0E2FFC5
:10E6100006E009F00BF818B92146284608F090F8F2
:10E62000284600F0ABF9E2E75B4D5154545D205AA7
:10E630004B204A534F4E20746F6F206C6F6E670DE6
:10E640000A0000005B4D5154545D205061727365A7
:10E65000204661696C65640D0A0000002DE9F041F7
:10E6600004464FF00E4000EB4400B0F1506F2046DE
:10E6700055D84FF0FC41B1EB440F1CD224F00040C0
:10E680004FF07E51FAF7FBF84FF0FF31FAF76AF9D5
:10E69000054604F021FF14F0004F1DBF2F4F304EF0
:10E6A00080F000402F4F08BF2F4E4FF04041FAF747
:10E6B000E9F8044605E000273E460146FAF7E2F88D
:10E6C00005462A492846FAF7DDF82949FAF782F87B
:10E6D0002946FAF7D7F82749FAF77CF82946FAF7D6
:10E6E000D1F82549FAF776F82946FAF7CBF8234905
:10E6F000FAF770F8804629462046FAF7C3F84146F3
:10E70000FAF7C0F8054631462046FAF763F829467D
:10E71000FAF760F83946BDE8F041FAF75BB84FF018
:10E72000E441B1EB440F08D9FFF752F8042808BFC1
:10E73000FFF7CBF82046BDE8F0814FF07F41B1EB09
:10E74000440F03D2BDE8F041FFF7B1B80120FFF755
:10E7500085F9BDE8F041FFF7AFB800000000C9BF80
:10E7600022AAFDB90000C93F22AAFD3924FE1C3DA2
:10E77000C78AD83C1E67383D1B93993DAFAA2A3EF5
:10E7800010B500240B4AC10704D0111811F8011C60
:10E790000C02401E002104E053181B885BBA5C4049
:10E7A000891C8142F8D3214603A000F0B5FE204623
:10E7B00010BD000000400208584F5253554D3D30E7
:10E7C00078253032780A000010B530B1036823B1E3
:10E7D000D0E90121914201D204E0002010BD491C82
:10E7E000816020B1914202D25C5C202CF7D9914229
:10E7F000F4D1491E816010BD10B5104C6078FF281F
:10E800000AD0401EC0B26070FF2805D101F02AFD79
:10E81000207808B12079A070A078FF280DD0401E84
:10E82000C0B2A070FF2808D12078002805D0FF28AA
:10E8300001D0401E2070E078607010BD20000020E4
:10E84000FFF774BE08B500230093024BFFF783FE69
:10E8500008BD000018040020F8B50C460546104617
:10E86000194600F037F8064600200090064B324665
:10E8700021462846FFF76FFE0028304602D100F0FF
:10E880007DF80020F8BD000018040020F8B505460A
:10E890000C46104600F05AF8064600200090064B41
:10E8A000324621462846FFF756FE0028304602D160
:10E8B00000F064F80020F8BD1804002010B50448EA
:10E8C00000F0FEF8002801D02021C16010BD00003A
:10E8D0001804002070B505460E46124800F0F0F806
:10E8E00004001CD00820E060C4E906560E4A0F4B15
:10E8F00028463146FAF71CFA02D86FF000400DE0C6
:10E9000000220B4B28463146FAF7FAF902D84FF0AD
:10E91000004003E028463146FAF7B9F96061204625
:10E9200070BD0000180400200000C0FFFFFFDF41A1
:10E930000000E0C110B5044800F0C2F8002801D082
:10E940004021C16010BD00001804002070B50546CC
:10E95000094800F0B5F8040007D01020E06006492F
:10E96000284600F061F9206108B1204670BD2046BC
:10E9700000F004F8002070BD1804002070B50446B3
:10E980000F4E19E0A0892568C0050AD4A06820B1FF
:10E99000FFF7F4FFA089C00503D4206908B17168AE
:10E9A0008847A089800503D4206A08B17168884728
:10E9B0007168204688472C46002CE3D170BD0000CA
:10E9C00018040020002901DA0020704701F0FAB88D
:10E9D00001004FF0000001D0896803E0002070477B
:10E9E0000968401C0029FBD17047000000B50146B2
:10E9F00000F042F810B1D1E9060100BD0020014944
:10EA000000BD00000000F87F002201F011B90000F5
:10EA100030B50D4C0D4A0E4B0E4988B10A600568A1
:10EA200005B10D604B60406800B14860002088600F
:10EA30000868904203D14868984200D18C6030BD8C
:10EA400081E81C0030BD0000492E010855D800089F
:10EA5000F9D7000818040020002803D0007B2028E4
:10EA600001D00020704701207047002803D0007BB0
:10EA7000800700D001207047002803D0007B0828C1
:10EA800001D00020704701207047002803D0007B90
:10EA9000402801D00020704701207047002803D093
:10EAA000007B102801D0002070470120704700280B
:10EAB00003D0007B022801D000207047012070475E
:10EAC00010B5016828208847040002D02821F9F7F2
:10EAD00088FB204610BD0022114600F06FB80000F0
:10EAE0002DE9F04788B00F4604469A4616461C2189
:10EAF0006846F9F776FB2F480025002C0560456035
:10EB000055D08146E7B3CDE900470295D9E9021215
:10EB1000D9F810000491CDE9052009F10800FFF7AC
:10EB2000CFFF5FEA00082BD000986F4608B102982B
:10EB300008B100270BE00198042808D903221EA180
:10EB40000098F9F7B5FB10B90298C01C029038463E
:10EB5000FFF73AFE0146404603F080F868B1BAF18B
:10EB6000000F13D06846FFF72FFEDDE90101814257
:10EB700003D202990098405C40B14046FFF7FEFE88
:10EB8000DDE9011088420AD205460BE01EB1029968
:10EB9000009808443060404608B0BDE8F087081E81
:10EBA00000D0451E0EB160193060C9E90045002053
:10EBB000F2E7000010040020EFBBBF0070B515465F
:10EBC0000E46040009D0F9F748FB411C2B4632469B
:10EBD0002046BDE87040FFF783BF002070BD0000F5
:10EBE000F0B589B00D4607461E46144624216846F6
:10EBF000F9F7F7FA002C12DB8DB100200095CDE972
:10EC000001400120074ACDE9040607CA06AB83E8A4
:10EC100007006946384603F0B5FD09B0F0BD002095
:10EC2000FBE700001804002070B50E4605000DD06B
:10EC3000F9F713FB401C316804468847060005D0ED
:10EC400022462946F9F7A6FA304670BD002070BD6D
:10EC500070B586B00646024614231621684600F0B9
:10EC600099FA134D04461328287212D3162111481D
:10EC7000F9F7B7FA224669460E48F9F78BFA0120F0
:10EC800068710020E8710B490BA000F045FC06B04C
:10EC900070BD0FA13046F9F7B8FA0028F7D003206D
:10ECA000E871324621460CA000F036FCEFE7000088
:10ECB00010030020E31B00205B49434349445D20CF
:10ECC0006F6B2069636369643D25730A000000006F
:10ECD0002B51434349443A005B49434349445D2037
:10ECE0006261645F6C656E677468206469676974EB
:10ECF000733D2575206C696E653D2573000000002D
:10ED000070B5164C054613A1A06AF9F77EFA20B13A
:10ED10002846BDE8704000F02DB81149A06AF9F707
:10ED200074FA20B12846BDE87040FFF791BFA06A91
:10ED300000280ED00BA1F9F768FA28B90BA1A06A38
:10ED4000F9F763FA002804D02846BDE8704000F0C7
:10ED500051B870BD41542B4347534E00100300205F
:10ED6000E013010851454E470000000071656E67D1
:10ED70000000000010B586B002460F23122168463D
:10ED800000F008FA0F2821D1102269461048F9F73F
:10ED900001FA0F480D211230F9F723FA0C48816867
:10EDA000C0F812108189C182817B0176072112305F
:10EDB00000F098F8074C064960620120207106A017
:10EDC00000F0AAFB07A0616A00F0A6FB06B010BD28
:10EDD000C41B002010030020494D45493D25730AFE
:10EDE00000000000494D45495F4445433D25640A04
:10EDF0000000000070B504004CD027A1F9F705FA17
:10EE0000002847D026A12046F9F7FFF9C8B33EE015
:10EE1000641C2078A8B32D2802D030380A28F7D2F5
:10EE2000207801212D2801D1891E641C20783038DA
:10EE30000A282CD200206FF02F0505E000EB80009F
:10EE400005EB40001044641C2278A2F13003092B2A
:10EE5000F4D9484300F1A001782918D8134900EBF0
:10EE6000800040004FF00102C8618A714FF00A0132
:10EE700090FBF1F201FB120200D5524290FBF1F13E
:10EE800000E007E00AA000F047FB012070BD2078F9
:10EE90000028BED1002070BD2B51454E473A0000DE
:10EEA00073657276696E6763656C6C001003002091
:10EEB0005B51454E475D20727372703D256C642E28
:10EEC000256C6464426D0A0004480021417081731E
:10EED0000349072008700E20FEF7FCBB100300203A
:10EEE000FB030020F0B5024600200B460146044615
:10EEF00010E00A27A0FB075C01FB07C1002600FB0E
:10EF000006115B1E12F8010BDBB2303844F1FF36FC
:10EF100028187141002BECD1F0BD000010B5002481
:10EF20004FF400410848FBF7FFFC00B901244021E1
:10EF30000648FBF7F9FC08B944F002042046BDE896
:10EF400010400349FDF7ACBA000C0140001001402D
:10EF50008E02002030B50844C1B200205C1E04E0DF
:10EF6000155C401C2944C9B2C0B2A042F8DBC843BA
:10EF7000D15CC0B2814201D1012030BD002030BD42
:10EF800010B516210448F9F72CF904480021417105
:10EF9000C171017210BD0000E31B002010030020AE
:10EFA00010B512210648F9F71CF905480D21123059
:10EFB000F9F717F9034800214162017110BD000003
:10EFC000C41B0020100300202DE9F0479846894615
:10EFD00023F0004621F000470546144633463946E3
:10EFE000F9F7A6FE02D22846394601E0204631460E
:10EFF0006FF03302F9F7DBFD06460F462246434623
:10F0000028464946F9F75BFD21F0004132463B4670
:10F01000F9F776FE02D80120BDE8F0870020FBE773
:10F02000152836D2DFE800F00B0D0F111315171954
:10F030001B1D1F21232527292B2D2F31330016A01F
:10F04000704718A070471AA070471BA070471DA0FA
:10F0500070471FA0704720A0704721A0704723A0D1
:10F06000704725A0704728A0704729A070472BA0A3
:10F0700070472DA070472FA0704731A0704735A072
:10F08000704737A0704739A070473BA070473CA03D
:10F0900070473EA07047000053544154455F4944B7
:10F0A0004C4500005245534554494E47000000006E
:10F0B000524541445900000041545F4346554E308B
:10F0C0000000000041545F4346554E3100000000EF
:10F0D00041545F4350494E0041545F51454E4700F3
:10F0E00041545F524543564D4F44450041545F568D
:10F0F000455253494F4E000041545F4B45455041E6
:10F100004C4956450000000041545F49454D4900B7
:10F1100041545F5143434944000000004854545057
:10F120005F41435449564500574149545F41435458
:10F130004956450041545F514D5450494E470000D7
:10F1400057414954494E475F514D54434C4F5345E5
:10F150000000000041545F4950504F5254000000DD
:10F1600041545F514D54434F4E4E000041545F5146
:10F170004D5453554200000041545F4C41535400DC
:10F18000434F4D504C45544500000000554E4B4EEA
:10F190004F574E002DE9F041984617460D000646A0
:10F1A0004FF0000404D0F9F71CF800206D1E0CE0AD
:10F1B0000020BDE8F08100BFA1F13002092A02D889
:10F1C0003155641CE4B2401C80B2395C19B1AC42C8
:10F1D00001DA4445F0D3002030552046E9E700002D
:10F1E0002DE9F843044602464F486946B0EB420F0A
:10F1F00009D94FF0E640B0EB420F94BF00204FF02A
:10F20000FF30009030E0494B22F00040834271D93A
:10F2100047492046F9F736FBF9F700FF8046F9F732
:10F2200009FD00F00300009042494046F9F72AFB2F
:10F23000054641494046F9F725FB06463F49404609
:10F24000F9F720FB07463E494046F9F71BFB2146EC
:10F25000F9F715FB3946F9F70FFB3146F9F70CFBC7
:10F260002946F9F709FB04462546009C002C45DB9E
:10F27000294614F0010F08461CD0F9F703FB064697
:10F280003049F9F7FFFA3049F9F7F9FA3146F9F759
:10F29000F9FA2E49F9F79EFA3146F9F7F3FA2946B9
:10F2A000F9F7F0FA2946F9F795FA14F0020F1CD095
:10F2B000BDE8F883F9F7E6FA05462549F9F7E2FAD9
:10F2C0002449F9F787FA2946F9F7DCFA2249F9F7D0
:10F2D00081FA2946F9F7D6FA4FF07E51F9F77AFA12
:10F2E00014F0020F08BFBDE8F88380F00040BDE8CD
:10F2F000F883FFE71046FEF7EDFAB4E76800B0F1D7
:10F300007F4F3CBF4FF07E50BDE8F88307D14FF0F0
:10F310000100FEF7A3FBBDE8F843FEF7CDBA28468F
:10F32000BDE8F843FEF7C3BAB61F927E490E4946C0
:10F3300083F9223F1A61342C0020A23300A0FD394A
:10F340000000C93F336D4C39DA82083CA0AA2ABEBE
:10F35000B93AB2BACA9F2A3DDDFFFFBE024B4FF653
:10F36000FF72FAF779BC0000329D010802600022AA
:10F370008280C2800181704710B50C4C60780028F3
:10F3800013D0002060704FF47A71A060A1802178C2
:10F3900000290AD121691E2904D905A000F0BCF872
:10F3A000012001E0192900D2207010BD28020020A0
:10F3B00064616E6765723D3D3D3D3D3D3D3D3D3D7A
:10F3C0003D3D3D001F4810B50078002838D01E4C48
:10F3D000A08890BB60882146401C80B2608089680C
:10F3E00014281FD219480068884229D940F6E44100
:10F3F000884225D2164814218088B0FBF1F0F9F735
:10F400000CFC144A144BF9F760FBF9F75FFC01465A
:10F41000E060012001F0D2F9D4E90210884209D954
:10F42000A06007E0002060800CA0216100F074F86B
:10F4300001206070A088002802D080B2401EA08009
:10F4400010BD0000F803002028020020BC020020AC
:10F45000C40200208B6CE7FBA9F1E63F64616E6794
:10F4600065723D3D25640D0A0000000013460A4602
:10F4700010B50146184600F017FD012010BD000030
:10F4800070B515460C460646B1F5C05F03D809496C
:10F490002819884201D9002070BD224631462846ED
:10F4A000F8F7F0FE20B122463146284600F006FD6E
:10F4B000012070BD008000080249C860C8680028AB
:10F4C000FCD170475003002000B50B46024601F006
:10F4D0005DF908B1002000BD91881068405C18708B
:10F4E00090881189401CB0FBF1F301FB1300908060
:10F4F000012000BD02490120087002A000F00CB8F4
:10F500000803002064696D5F72656164795F666CF1
:10F5100061670D0A000000000FB40A202DE9F041D8
:10F52000134D687001E0687810B128780128FAD08E
:10F5300040F2FF3607AB31460E48069AFEF732F925
:10F54000041E4FF000070BDDB4F5806F00DB34467E
:10F550000849A2B2A1F1BA00FCF74EFD28B12F7004
:10F560002046BDE8F0015DF814FB01202870F7E7A4
:10F5700086020020D607002030B50D46044601F073
:10F580000DF908B1002030BDE18820684554E088BD
:10F590002189401CB0FBF1F201FB1200E080012048
:10F5A00030BD2DE9F04104001CD02268D2B163685F
:10F5B00013B1A068984215D24FF00046B14211D263
:10F5C000A568491C6818834202D35019BDE8F08130
:10F5D000216939B9B0F1804F06D3B04202D26FF041
:10F5E000004702E00020F1E74700236A00262BB124
:10F5F000394610469847050012D00CE0A1693846FC
:10F60000884705000CD0A2682168521CF8F7C2FD9B
:10F61000E16920688847C4E90057A0682844D5E715
:10F62000E1692068884766602660DBE72DE9F05FC6
:10F63000A24C01260025208BD8B9A148268335216C
:10F64000006848436421B0FBF1F09E49606309887B
:10F65000D1B19D4A9D4B12685A4340F242335943FF
:10F66000B2FBF1F1A16348434FF47A71B0FBF1F0C2
:10F67000E063924821784FF00209007A012906D010
:10F6800041B102290DD017E02946A563EBE768B91F
:10F69000257011E080B14FF4FA60208284F8009068
:10F6A0000AE00028F4D0208A30B92670A08E81B2FA
:10F6B000618287A0FFF730FFA0780028E08A08D099
:10F6C00040B1642809D8A570618A206B0844206382
:10F6D00003E010B9206BC008A082207A002822D055
:10F6E000E08A00287DD16078DFF8F8A1DFF8F8B172
:10F6F00020B1012818D0022873D144E0A08AF9F77C
:10F700008CFA52465B46F9F7E0F907468846608A6C
:10F71000F9F783FA43463A46F9F7F2FA61D24FF421
:10F72000FA70E08466705CE0E08CB0F5EB7F13D893
:10F73000A08AF9F772FA52465B46F9F7C6F907460E
:10F740008846608AF9F769FA43463A46F9F7D8FAE3
:10F7500002D284F8019044E0E08CB0F5F57F40D906
:10F76000A08AF9F75AFA52465B46F9F7AEF907460E
:10F770008846608AF9F751FA43463A46F9F7D8FACB
:10F780002FD2E5842CE0E08C012817D9A08AF9F764
:10F7900044FA52465B46F9F798F907468846608A6C
:10F7A000F9F73BFA43463A46F9F7C2FA19D2E0783C
:10F7B000FF2801D2401CE0706672E2E788B9A08A97
:10F7C000F9F72BFA52465B46F9F77FF90746884668
:10F7D000608AF9F722FA43463A46F9F7A9FA00D2C5
:10F7E0006570A08BA8BB414F3888B0F5487F08D220
:10F7F000607B30B9667304F031FD617B3CA0FFF79C
:10F800008BFE388840F25231884209D9607B01284A
:10F8100006D1657304F022FD617B35A0FFF77CFE05
:10F820003988B1F5486F07D9207B28B934A0FFF794
:10F8300073FE267304F012FD398840F61C408142A5
:10F8400007D2207B28B12EA0FFF766FE257304F0B7
:10F8500005FD607A0028207902D040F0010001E027
:10F8600020F001002071A07A0028207902D040F019
:10F87000020001E020F002002071E07A00282079E7
:10F8800002D040F0040001E020F004002071207B51
:10F890000028207902D040F0080001E020F00800A4
:10F8A0002071607B0028207902D040F0100001E038
:10F8B00020F010002071BDE8F09F00003C02002005
:10F8C000B802002082020020C0020020A0860100B1
:10F8D00020564F5F766F6C746167653D25646D5689
:10F8E0000A0000009A9999999999E93F44000020EB
:10F8F0004572726F725F345F4C563D25640A00009A
:10F9000061633D25640A0000214810B54179FF2953
:10F9100000D009B9042141711E4A4FF6FF71938846
:10F920008B4200D00BB91E239380D3888B4200D02A
:10F930000BB90023D380138842F210748B4202D09B
:10F940000BB1A34202D940F68C23138053888B421B
:10F9500002D00BB1A34202D941F25C215180017E59
:10F96000FF2901D10121017690F91910491C01D11B
:10F9700055214176817FFF2900D009B94421817743
:10F9800090F83F10072902D9072180F83F1010BDD9
:10F990009C0600207E02002010B580220E490F48F0
:10F9A000F8F7F8FB0D480E49027C4A70427C0A7059
:10F9B000891C827C4A70C27C0A70891C027D4A7054
:10F9C000427D0A70891C827D4A70C07D0870BDE846
:10F9D0001040FFF799BF00007C0000209C0600202B
:10F9E0007E02002070B5134A0024AA23904202D957
:10F9F0000020088005E0104DD5F8A822824202D9E7
:10FA00000B80022070BDE218520855F82260864231
:10FA100004D24AB1A2F1010293B203E007D902F184
:10FA2000010294B2A342EED20B80012070BD0A8085
:10FA3000002070BDFBEB0400549F01080B4A10B579
:10FA400052F820300A4A52F820406343074C103CD9
:10FA5000083354F820404C4304EB131101F50063C4
:10FA60001B0B42F82030080C10BD0000449F010819
:10FA7000A41B002013460A4610B50146184600F0A4
:10FA80001DFA012010BD00218180C180704770B532
:10FA9000054620F00040C0F1FF400C46C00F05D1E4
:10FAA00024F00040C0F1FF40C00F17D02846F9F7FE
:10FAB000D3FA6FEAD05111F0FF0F08BF70BDE917FC
:10FAC000B1EBE07F08BF70BD014664F31E01BDE8E5
:10FAD00070400A4601461046F8F7D1BE4FF07F400D
:10FAE000B0EB450F18BF5FEA4400DFD10120FDF7FE
:10FAF000B5FFBDE87040FDF7DFBE00007CB50E002D
:10FB000034D0050032D0032219A1F8F7D1FB68BB2D
:10FB10003046F8F7A2FB0404240C27D0B4F5006F9C
:10FB200024D202F099FE012820D007F0D3FECDE9BF
:10FB3000005403460FA280211648FDF707FE224617
:10FB400031461548F8F726FB144D13486863EC82DC
:10FB50001048F8F782FB81B20E4803F05DFAFCF71B
:10FB600085FFA8610120687300207CBD02207CBD58
:10FB70004D532F0041542B514D5450554245583D43
:10FB8000302C25752C312C302C222573222C256409
:10FB90000D0A0000F1270020F11F002010030020B3
:10FBA0004AF2C571884203D964214843592102E0D1
:10FBB000024948430249B0FBF1F07047A0860100BA
:10FBC000685C0100002807D0806801E00068491ED9
:10FBD000002801D00029F9D1704700000B4810B56A
:10FBE000D0F80042D0F80402094920F07F408C424E
:10FBF00007D0B0F5E83F06D2800804F04DFFA042E0
:10FC000001D1012010BD002010BD000000400208FD
:10FC10007856341210B50446B1F5E83F06D20846CE
:10FC2000FEF7AEFDA04201D1012010BD002010BDA5
:10FC30002DE9F0418846A8B3B8F1000F33D08468AD
:10FC40000AB90AE024686CB3216A59B34046F8F750
:10FC50000BFB0028F6D120E024681CB3266A5FEA7B
:10FC60000805F9D0002EF7D0B54218D002E098B1BF
:10FC70006D1C761C2878F8F787FA07463078F8F775
:10FC800083FA87422878F2D0F8F77EFA0546307872
:10FC9000F8F77AFA8542DFD124B1206A10B1204604
:10FCA000BDE8F081FFE70020FAE700002DE9F0470A
:10FCB0000646984691460D460846089FF8F7E2FD2D
:10FCC0004FF07E51F8F7DBFD03F0FCFB3146F8F70F
:10FCD000D9FD04460E494046F8F7D4FD3946F8F7F9
:10FCE000D1FD4946F8F7CEFD2146F8F773FD03F044
:10FCF00009FC044629463046F8F7C4FD03F002FC2F
:10FD00002146F8F767FDBDE8F04703F0DBBB0000D4
:10FD1000DA0FC9402DE9F84700279A4691463D463B
:10FD20003C4670B3B9F1000F39D0CA0737D1EC4661
:10FD30004FE0425D8DF8002042195FF000035278D9
:10FD40008DF801201CF90320422A31D00EDCA2F1EB
:10FD50003006122E23D2DFE806F02525252525259D
:10FD600025252525222222222222222B622A36D054
:10FD70000DDC452A1CD005DC432A19D0442A0ED1BB
:10FD800016E00CE0462A13D0612A08D127E0632A46
:10FD900025D0642A23D0652A21D0662A1FD00020CE
:10FDA000BDE8F887C3F1010292009640321904E0E1
:10FDB000C3F10106B600373A15E05B1C9BB2D4B222
:10FDC000022BBFD309F807407F1C0024AD1CBFB233
:10FDD000ADB28D42ADD3AAF800700120E0E7C3F1C7
:10FDE0000106B600573AB2402244E6E710B586B0A5
:10FDF000002002901148816941F008018161816908
:10FE000001F008010491816941F01001816180696C
:10FE10000B4C00F0100004904FF402700090012091
:10FE200001900320039069462046FAF77FFC0022E8
:10FE300008212046FAF77FFD06B010BD00100240F1
:10FE4000000C01400148007870470000900200203B
:10FE500010B50A4C02222270A0600120A070E2704E
:10FE600021710748FBF701FF054800684068A16859
:10FE7000BDE8104001220248FCF702B990020020C0
:10FE8000F415002030B4064A01240B46147090602B
:10FE90009470D3702246014630BC0248FCF7F0B89B
:10FEA00090020020F415002010B5002302E0C45C8D
:10FEB000CC545B1C9342FAD310BD00002DE9F74FE0
:10FEC00091468046C50A4844401E86B04FEAD02A73
:10FED00000200490FAF714FCDFF87CB034E0EF0265
:10FEE000A8EB0706C6F500644846A14500D20446C3
:10FEF00016B9B4F5006F05D04FF4006216493846C4
:10FF0000FFF7D2FF0BEB06002246079901F08AF9B2
:10FF1000002000900120CDE9027004A96846FAF79C
:10FF20003BFB0026B9195BF8062000230220FAF7F4
:10FF300097FB361DB6F5006FF4D30798A9EB0409BB
:10FF40002044A0446D1C07905545C8D9FAF77EFBA4
:10FF500009B0BDE8F08F0000F40D002070B501F08D
:10FF60006BF93C4C07260025E079082812D2DFE81F
:10FF700000F0111104124C52575E37A0FFF7CCFA73
:10FF80000320E07100221146072001F05DFB41F2E1
:10FF90007070A08270BDE078012817D0A08A002878
:10FFA000F8D125716079401CC0B26071032826D950
:10FFB0002CA0FFF7B1FA6571A079401CC0B2A07106
:10FFC000022816D2FDF77AFBE57170BD29A0FFF774
:10FFD000A3FAE570A2892A49042001F035FBA07834
:10FFE0000028F2D027A0FFF797FAA5700120207112
:10FFF0000FE0A571BDE8704024A0FFF78DBA2DA0D9
:020000040801F1
:10000000FFF78AFA0220E07170BDA0780028FBD0CB
:10001000A570E67170BD2BA0FFF77EFA0620F2E70F
:1000200020780428F6D12AA0FFF776FAF1E7E078E5
:100030000128EFD129A0FFF76FFAE57010492CA035
:10004000FFF76AFAA289BDE870400D49042001F06B
:10005000FBBA0000F4030020206C6F67696E670A2A
:10006000000000002072657365744E624D6F647508
:100070006C650A00206C6F67696E65640A00000099
:10008000991D0020207363616E0A0000202D2D2D24
:100090002D2D2D2D2D2D2D6961705F6A756D70329E
:1000A000626F6F7428292D2D2D2D2D2D2D2D2D2D89
:1000B0002D2D0A0020434F4E4E454354494E470ACA
:1000C00000000000207363616E5F656E640A0000CB
:1000D000206C6F67696E5F616C6C0A00206C6F67E3
:1000E000696E5F636F6E6E65637465640A0000001D
:1000F0006170705F6D7174745F72782B25730A0084
:1001000010B50F4C207A68B1401E10F0FF0020722D
:1001100008D10120E070618AA1810A4802F09AFBAF
:1001200000206082608908B1401E6081E08908B1CA
:10013000401EE081A08A002801D0401EA08210BD90
:10014000F4030020991D002030B58FB02C4D002401
:100150000994A86940F00400A861A86907A900F003
:1001600004000D90A8150790022008900A902548D9
:10017000FAF7DCFAA86940F40060A861A8691C21BC
:1001800000F40060CDE90C400B946846F8F729F8BC
:100190001E4D1D4828604720C5E9010440F2E730A4
:1001A000C5E903048020C5E905402846FBF7FCFBB0
:1001B00008B1F9F7ADFC0B940BA914480C94FBF7AC
:1001C00014F908B1F9F7A4FC702000904FF4FA700C
:1001D000CDE90104039404940594002269460B4878
:1001E0000694FBF778FB08B1F9F792FC0021074869
:1001F000FBF728FC29684FF47A7048630FB030BDD4
:100200000010024000080140002C01403816002078
:1002100070B504464FF47A700C4D844201D90446FF
:1002200000E01CB101F0C0F9012002E001F0B4F9D6
:1002300000202870214606A0FFF76EF907480849FC
:10024000008809682044486370BD00009C020020BB
:1002500070776D3D25640D0A0000000084020020C7
:100260003816002070470000144808B5C16941F0F5
:100270000101C161C0694FF0804100F001000090B0
:100280000F484FF6FF7201608F2141600021C0E9E5
:1002900002128161FBF7E2F808B1F9F739FC094A6B
:1002A0000E210748FBF73EFC002211461C20FAF7FE
:1002B000F1FBBDE808401C20FAF7DEBB001002404D
:1002C000D80B0020C9020108FBF701B910B58AB0AC
:1002D000002407941C2168460894F7F782FF1B4806
:1002E0001949C0E9001440F60F61C0E902418021BC
:1002F00004618161FBF758FB08B1F9F709FC079429
:1003000007A912480894FBF770F808B1F9F700FC48
:10031000702000904FF46160CDE901040C22694621
:100320000A480494FBF7D7FA08B1F9F7F1FB07483C
:10033000FBF79EFA0C210548FBF784FB002801D04F
:10034000F9F7E6FB0AB010BD000400408C0C002059
:10035000214810B581698CB041F008018161806944
:10036000002400F008000A904020CDE9040404A90C
:100370001A480694FAF7DAF91A480894099400948E
:10038000019402941649039401604721C0E90114C5
:100390004FF6FF71C0E903148461FBF735F908B12A
:1003A000F9F7B6FB089408A90E480994FBF71DF865
:1003B00008B1F9F7ADFB022000900120CDE901045E
:1003C0000022694607480394FBF7C3F8002801D0D0
:1003D000F9F79EFB0CB010BD00100240000C01406C
:1003E00000080040400D002003490878002801D093
:1003F000401E0870704700008802002030B5B3B07E
:10040000174C00252F95A06940F00800A061A06955
:100410002DA900F00800319080202D9002202E9010
:10042000032030900F48FAF781F9E06940F00400AA
:10043000E061E06900F0040031900B480090472033
:10044000CDE901054FF6FF70CDE903056846FBF7DE
:1004500005F8002801D0F9F75BFB33B030BD000090
:1004600000100240000C01400008004030B585B08B
:10047000244800240294816941F4804181618169AA
:1004800001F480410491816941F004018161806936
:100490001D4D00F0040004904FF400700090022005
:1004A00001900320039069462846FAF73FF9281582
:1004B000CDE900040120029069462846FAF736F992
:1004C0001348124901604FF4E131C0E901140C21D5
:1004D000C460C0E904418461C461FBF7FDFC08B15C
:1004E000F9F716FB002206212520FAF7D3FA25207A
:1004F000FAF7C2FA0649012244310548FBF71FFD0D
:1005000005B030BD00100240000801400038014035
:10051000EC160020044A51800146D06000209080F3
:1005200001220248FBF7ACBDA0020020EC1600201F
:100530002DE9F04186B0284800240294C16941F4B5
:100540000031C161C16901F400310491816941F058
:10055000040181618069032700F00400CDE9037084
:1005600002250126DFF87480CDE900566946404631
:10057000FAF7DCF80420CDE9000569460397404608
:10058000FAF7D4F808208DE8510069464046FAF79A
:10059000CDF81448124901604FF49651C0E9011496
:1005A0000C21C460C0E904418461C461FBF794FC80
:1005B00008B1F9F7ADFA002207212620FAF76AFA06
:1005C0002620FAF759FA012207490648FBF7B7FC3B
:1005D00006B0BDE8F08100000010024000080140B4
:1005E00000440040F4150020910200200149002041
:1005F000087070478602002070B5324C86B0002526
:10060000A06940F00800A061A06900F00800049013
:10061000A06940F00100A061A069694600F00100F6
:1006200004902015009002200190012002900320E8
:1006300003902548FAF77AF8606940F0010060619C
:100640006069002200F0010004900F210C20FAF7ED
:1006500021FA0C20FAF710FA1D4E1C4830601020C9
:10066000C6E901058020C6E903057561B56130461C
:10067000F561F9F7FDFE08B1F9F74AFAE06940F4CF
:100680008020E061E069134900F480200490104864
:1006900044384663706201600F49C0E901150821C2
:1006A000C560C0E904518561C561FBF715FC08B15F
:1006B000F9F72EFA064809A14430FDF75FF806B0B5
:1006C00070BD000000100240000C01401C00024000
:1006D000600700200048004040420F0048656C6CF5
:1006E0006F2C20576F726C64210D00007047000062
:1006F00003484178002902D04178491E4170704773
:100700008602002072B60A484FF0E02148610120BD
:1007100080F31388BFF34F8F06480168064A01F43F
:10072000E06111430160BFF34F8F00BFFDE70000A0
:10073000A55AA5000CED00E00400FA052DE9F041F2
:100740000B3020F00706104D19E02068B04215D399
:10075000B0420AD9871B201DD4F80480F7F71AFD90
:10076000A019C0E90078286004E060682860201DB6
:10077000F7F710FD201D2660BDE8F081251D2C68CF
:10078000002CE2D10020F7E7BC0500208188C0885A
:10079000814201D10120704700207047C188028941
:1007A000491CB1FBF2F302FB13118088814201D195
:1007B0000120704700207047704700000EB5064BBF
:1007C0001A68521C1A608DF8040000926846029163
:1007D00004F03AF80EBD0000280000200149012075
:1007E00088707047F4030020064AD2783AB132226A
:1007F00051436422B1FBF2F10180012070470020D7
:1008000070470000FC010020054810B5054900684C
:100810000860FCF753FF04490020087010BD000079
:10082000340300200C040020FB0300201FB55B48AC
:1008300000255C49C0F8D05059480860FAF7CAF85A
:10084000FBF783FE04F0E0F9FBF7F8FCFBF7E0FCB4
:10085000FBF792FC5448F9F745FAFFF7CDFEFFF796
:1008600067FEFFF703FEFFF7FFFC03F031FEFFF723
:10087000C5FDFFF76DFDFFF729FDFFF765FC4B4A4E
:100880004B494CA0FEF748FE00F05CFE0020FFF74D
:10089000BFFC01F061FA03F02BFB09F093F908F0BB
:1008A000F3FF464C46492068884202D1256003F098
:1008B00069FBD4F89C00401C01D1C4F89C5003F0A3
:1008C00053FEFFF793FA02F0E9F940F2EE20FEF74B
:1008D000F3FD03F041F903F093FBFFF795FF62B6D8
:1008E000384E394C04F08AF9A07838B13749A570F0
:1008F000642008600146002003F048FCFFF7F6FE84
:1009000003F0EEFD08F0F0FEFFF728FB03F0F2FF26
:10091000FDF7AAFD03F0F0FCFBF746FD08B903F074
:1009200027FF02F0EBFAFCF781FC02F083FB00F0FA
:1009300029FD03F017F9FCF743FA00F071F830785D
:1009400080B960782178084307D101206070F8F7FA
:10095000B1FF02F06DFFF9F783F86078012801D14B
:1009600002F06CFF01A803F09FFF40B103980090D4
:1009700003469DF8082016A00199FEF7CDFD03F06F
:100980005BFBFEF7F9FCFEF751FE03F049FC03F0B8
:10099000B1FC09F047F9FFF70FFFA3E70020024081
:1009A0000080000808ED00E0301B0020289D0108B1
:1009B0001C9D010825732C25730A0000640000208B
:1009C000AA5555AA1E030020000000200C03002099
:1009D00025643A2564203E2025632D307825780D46
:1009E0000A00000008488188491C8180C178491CA0
:1009F000C9B2C170642901D10021C17001780029F8
:100A000001D0491E01707047000000200348807823
:100A1000092801D00020704701207047640300209E
:100A20002DE9F84F03F0D2FFFB4CDFF8F0930327DA
:100A3000A078012600254FF00F084FF0070B4FF06C
:100A40000A0A0F281ED2DFE800F01D08FE1F4962C7
:100A5000FDFCFBFAF9F8F7F6F500F14AF1A102F511
:100A60008070FCF78BFEF449F4A0FEF755FD1423CB
:100A7000F14A0A21F7A0009602F0E6FBF8A0FEF783
:100A80004BFDA770BDE8F88F02F0D4FB0128F9D127
:100A9000A178052920D00022F6A0FEF73DFDE04A0E
:100AA000FBA1E548FCF76AFEDD4AFDA1A2F140008A
:100AB000FCF764FEE049FEA0FEF72EFDDE48F7F7E6
:100AC000CCFBD74AC1B2FF23403ADB48009602F084
:100AD000BBFB0420A070D5E70122DDE702F0AAFBF2
:100AE0000128CFD1F848FEF7CEFF6189F748F7F724
:100AF00078FB6581A178052907D00022DDA0FEF7EB
:100B00000BFD0520A070E571BCE70122F6E74FF46C
:100B1000A0494FF002085FE0E0790A285CD2DFE8E4
:100B200000F0050D141A232D363D43659DF8000095
:100B30002B2801D1E6714FE0E5714DE09DF80000F2
:100B40005128F9D184F8078046E09DF80000462836
:100B5000F2D1E77140E09DF800104429ECD101206A
:100B6000FFF72CFE042007E09DF800105729E3D181
:100B70000120FFF723FE0520E0712DE09DF8001015
:100B80004C29D9D10120FFF719FE0620F4E79DF882
:100B900000003A28D0D184F807B01DE09DF800008D
:100BA0002028C9D10820E7E7C84960899DF80020BE
:100BB0000A54401C80B26081152802D984F807A02D
:100BC0000AE0022808D30A1812F8023C0D2B03D1C0
:100BD00012F8012C0A2A06D06946BB48FEF774FCBD
:100BE000002899D14EE70D540920C5E7B748206485
:100BF0006FF02F02616C05E001EB810102EB410116
:100C00001944401C03782C2BF6D1834B401C143321
:100C1000C4E910019A1E0421FFF77CF8F8B17E4860
:100C20001230008840BAE081A18AA9A0FEF774FCC6
:100C3000794809E05EE22AE20DE214E2D1E0BAE08E
:100C400072E061E057E040E012300178A3A0FEF7C7
:100C500063FC714812304178A0A0FEF75DFC606C27
:100C6000A061484512D26671E061216A08442062A1
:100C7000A189E0894140A1819CA0FEF74DFCA0899B
:100C8000216AFEF7C7FFB0B19DA012E0484512D11E
:100C9000206A00F5A0402062A189E0894140A1813D
:100CA0009AA0FEF739FCA089216AFEF7B3FF10B1C4
:100CB0009BA0FEF731FC4FF4167184486564F7F78A
:100CC00090FA658184F8028078E7554A97A15A48DE
:100CD000FCF754FD58499AA0FEF71EFC5648F7F75A
:100CE000BCFAC1B214239CA25348009602F0ACFA9D
:100CF00006206563EEE602F09DFA01287FF4EBAE74
:100D00004549626B503175E002F094FA0128F5D143
:100D1000142394A2112196A0009602F095FAFBF7F5
:100D2000A5FE20630820D5E602F084FA0128E5D16B
:100D3000A07960BB93A16548F7F767FA40B36349B0
:100D400092A01A31E164FEF7E7FB6FF02F014FF438
:100D5000007211E0E78A401C07EB870701EB4707A9
:100D60003B449BB2E382E064934205D999B28CA0E4
:100D7000FEF7D2FBE58203E0E06C03780D2BE9D1AE
:100D8000E18A2182E582A6718CA0FEF7C5FB02E014
:100D900091A0FEF7C1FB4FF4C871206BFBF76CFE0E
:100DA00010B10920A070A571206BBDE8F84F4FF479
:100DB0009671FBF761BEE07858B1E5708DA0FEF743
:100DC000ABFB84F802A0A169BDE8F84F92A0FEF742
:100DD000A3BB207900283FF47EAE257184F802A0E1
:100DE00050E6616BA06901F50072824212D20A4995
:100DF000626370311048FCF7C1FC0F48F7F72DFA19
:100E0000C1B214238CA20C48009602F01DFA84F89B
:100E100002B037E612E10000640300200050000831
:100E2000043100202B51464C53543A20225546534E
:100E30003A25732200000000043200206669726DBA
:100E40005F6E616D655F627566666572333D2573C1
:100E50000A00000041542B51464C53540D0A000027
:100E60005F5354524F455F46494E4953485F4F5474
:100E7000410A20002D2D2D2D4D43555F4F54415FCC
:100E800073746174653D25642C3D25640A0000007F
:100E900041542B514644574C3D222573220D0A00E4
:100EA00041542B514644574C3D22257322000000EB
:100EB0006669726D5F6E616D655F627566666572AB
:100EC000343D25730A00000078300020991D002071
:100ED000726563765552433D25640A0072656376F8
:100EE0005552433D253032780A000000746F74611A
:100EF0006C5F74656D703D3078253038780A00007D
:100F00004F54415F4F4B5F5F5F320A00746F7461F3
:100F10006C5F74656D70323D3078253038780A002A
:100F20004F54415F4F4B5F5F5F310A0041542B517B
:100F3000464F50454E3D222573222C320D0A0000AB
:100F40006669726D5F6E616D655F6275666665721A
:100F5000353D222573220A002B51464F50454E3A0B
:100F600000000000434F4E4E454354200000000057
:100F700041542B5146524541443D312C3531320DBF
:100F80000A000000434F4E4E45435400434F4E4E1F
:100F90004543547061636B5F6275663D25730A005B
:100FA0005F5FC2BBC3B1C388C2A1C396C2B5C2B999
:100FB000C3BDC2B4C3B33D25640D0A005F5FC2BBAD
:100FC000C3B1C388C2A1C2B5C2BD434F4E4E454353
:100FD000543D25640D0A00005F5FC38EC2B4C2BBDE
:100FE000C3B1C388C2A1C2B5C2BD434F4E4E454333
:100FF000545F0A00334D4355C2B4C3A6C2B4C2A263
:101000005F5F5F5F5F5F5F5F5F5F5F5F5F5F5F5FF0
:101010005F5F5F0A00000000746968735F74696D48
:10102000655F5345525645525F5049434B5F5349A4
:101030005A453D25640A00004F4B00003BA0FEF7D7
:101040006BFA1423AFF210020E213BA0009602F0BF
:10105000FBF80C203EE502F0EDF801287FF43BADF3
:1010600026720B2036E500F079FB00283FF433AD03
:10107000607920B1A56265620D2065632AE5A06AEA
:101080006563401CA06208206070A570FAE4A08926
:10109000216AFEF7BFFD2C4ED0B12CA0FEF73CFA22
:1010A000FEF79CFD40B132A0FEF736FA39483060B9
:1010B00002F068FF0E200DE537A0FEF72DFA37602D
:1010C00002F060FFFDF700FF657184F80280D9E44B
:1010D0003AA0FEF721FA376002F054FF484640215B
:1010E000C4F8489001F0B6FB3C484021A06401F0F0
:1010F000B1FBE7E73AA0FEF70FFA41A0FEF70CFAC2
:101100004D4640212846C4F8489001F0A3FB4021F9
:101110002846A56401F09EFB3220F9F729FA84F8ED
:101120000280BDE8F84FFFF7EDBA00007066696C09
:10113000653D25750A00000041542B5146434C4F34
:1011400053453D310D0A0000640000202D2D2D2D4A
:101150002D2D2D2D2D2D2D2D2D2D2D4F54415F5805
:101160004F525F434845434B5F4F4B0A000000001E
:101170002D2D2D2D2D2D2D2D2D2D2D2D2D2D2D4F7D
:1011800054415F53554D5F434845434B5F4F4B0AB6
:1011900000000000AA5555AA2D2D2D2D2D2D2D2DE9
:1011A0002D2D2D2D2D2D2D4F54415F53554D5F432A
:1011B0004845434B5F4552524F520A002D2D2D2D6D
:1011C0002D2D2D2D2D2D2D2D4F54415F584F525F1C
:1011D000434845434B5F4552520A000000680008EF
:1011E0002D2D2D2D2D2D2D2D2D4F544120C38DC353
:1011F000AAC2B1C38F2D2D2D2D2D2D0A0000000068
:101200002D2D2D2D2D2D2D2D2DC38FC2B5C38DC26E
:10121000B3C396C398C386C3B42D2D2D2D2D2D2D6C
:101220000A00000010B5002302E0CC5CC4545B1C33
:101230009342FAD310BD000070B5214D284629789D
:101240004078052909D2DFE801F0030809090900FF
:1012500008B9FCF733FA0320287070BD0024E8B108
:10126000FFF7D4FB0128F8D1164E1549154A143161
:10127000154801F05BFD0028EFD03480A98A13A047
:10128000FEF74AF9A98A104801F0E4FAA88A801EFC
:1012900081B20D48FBF790F8AC82E6E7FCF704FA60
:1012A000012804D070BD084800F062FAAC820449FD
:1012B00000221431044801F001FD0028F3D170BD73
:1012C0001003002074030020991D0020304D435569
:1012D000EFBFBDE6B4A231726563764C656E67748C
:1012E000683D25640A0000007CB50C46060031D03C
:1012F0007CB3B4F5006F2DD201F0AEFA012829D0ED
:1013000006F032FA050025D006F0E4FACDE90054E3
:10131000034611A280211848FCF718FA22463146EC
:101320001648F6F737FF164D14486863EC821248EA
:10133000F6F793FF81B2104801F06EFEE98A686B00
:1013400001F088FAFBF792FBA86101206873002086
:101350007CBDFFE70220FBE741542B514D54505513
:101360004245583D302C25752C312C302C222573CC
:10137000222C25640D0A0000F1270020F11F002017
:101380001003002010B50E4C0020217B21B1012953
:1013900008D0022912D110E0617B01290ED16073BF
:1013A00001200AE06421A069FBF766FB002805D054
:1013B000E18A606B01F030FE0220207310BD000056
:1013C00010030020054810B5806A28B104A1F6F783
:1013D0001CFF08B1012010BD002010BD100300202B
:1013E00041542B51434349440000000004498A7989
:1013F00022B118B1C969016001207047002070470F
:101400001003002005280ED2DFE800F003050709CD
:101410000B0006A0704708A070470AA070470CA0F8
:1014200070470EA070470FA070470000504F5745FF
:10143000525F444F574E00004E4F545F434F4E4E45
:1014400045435400434F4E4E454354494E470000D8
:10145000434F4E4E454354454400000049444C45DB
:1014600000000000554E4B4E4F574E0070B51C4CBF
:101470002046E17BC07809B3617C81420CD0FDF746
:10148000CFFD0546607CFDF7CBFD01462A4615A041
:10149000FEF742F8E0786074217C207881420CD01D
:1014A000FFF7B0FF0546207CFFF7ACFF01462A4658
:1014B00014A0FEF731F82078207470BD0121E1738B
:1014C000217821746074FDF7ABFD05462078FFF7A5
:1014D00099FF2A46BDE87040014610A0FEF71CB8EF
:1014E000100300205B4E425D20636F6E6E65637477
:1014F0005F7374617465202573202D3E2025730A67
:10150000000000005B4E425D20737461746520250D
:1015100073202D3E2025730A000000005B4E425DC3
:1015200020626F6F742073746174653D257320634E
:101530006F6E6E6563745F73746174653D25730AC5
:101540000000000010B586B00020029010488169AC
:1015500041F01001816180690E4C00F01000049090
:101560004FF4C04000900120019003200390694691
:101570002046F9F7DBF8002261142046F9F7DBF981
:10158000012291032046F9F7D6F906B010BD0000FC
:10159000001002400010014000224FF400510148A9
:1015A000F9F7C9B900100140012251030148F9F7C8
:1015B000C2B900000010014005484188002906D04A
:1015C000491E0904090C418001D101214170704775
:1015D000E202002070B5012814D10B4C02200B4D03
:1015E000207001202870FBF741FA6060FFF7F6F8E1
:1015F000207803F0D1F82A78BDE87040014604A0B5
:10160000FDF78ABF70BD000048030020F8030020EA
:101610005B4D5154545D20627573696E6573732020
:101620006C6F67696E206F6B20746370436F6E6EB2
:1016300065637453746174653D2573206F6E6C69C6
:101640006E653D25750A000070B5174D174C0328CF
:1016500015D0042822D0072825D10120287003F0B6
:101660009BF80146227812A0FDF756FF07F014FE02
:10167000002818D0BDE870401CA0FDF74DBF002029
:101680002870207006F034F9287803F085F8227865
:10169000BDE87040014623A0FDF73EBFBDE87040A5
:1016A0000846FCF785BF70BD48030020F803002002
:1016B0005B4D5154545D207472616E73706F72741F
:1016C00020636F6E6E656374656420746370436F2E
:1016D0006E6E65637453746174653D2573206F6E1F
:1016E0006C696E653D25750A000000005A4B206C40
:1016F0006F67696E20626C6F636B65643A204D5151
:1017000054542073656E6465722062757379206F1E
:101710007220696E76616C696420636F6E666967BA
:101720000A0000005B4D5154545D206C6F737420AF
:10173000636F6E6E656374696F6E20746370436F60
:101740006E6E65637453746174653D2573206F6EAE
:101750006C696E653D25750A000000000348007A3B
:10176000052801D000207047012070476403002045
:1017700038B51E4D0446287802281CD003281AD1FB
:101780001BA12046F6F741FD70B91EA12046F6F7D1
:101790003CFD48B91FA12046F6F737FD20B921A12D
:1017A0002046F6F732FD38B1002211460320FFF73C
:1017B0004BFF01F001FC38BD1EA12046F6F725FDC8
:1017C0000028F8D0224669461D4801F0DFFA0028BB
:1017D000F1D068780028EED101F06CFBBDF8002054
:1017E00017490420FFF730FF38BD00001003002028
:1017F0002B51495552433A202270647064656163ED
:10180000742200002B514D54535441543A20302C33
:10181000310000002B514D54535441543A20302C88
:10182000320000002B514D54535441543A20302C77
:10183000330000002B514D54524543563A000000EE
:10184000991D00202DE9F04107460025C8680C4687
:101850002E46B0F57A7F5BD2401CE0602168A0681C
:10186000095C5B2954D1401CA0602046FCF7ACFF0A
:101870004CB1D4E90110884203D22268125C5D2A7F
:1018800033D0884203D3A068401EA06040E0401ED1
:1018900004F11008A0604046FDF712F998B30DB3AB
:1018A000306046600646A068401CA0602046FCF7F9
:1018B0008BFF2146304600F0D1F930B32046FCF7CB
:1018C00083FF14B3D4E90110884203D22168095C74
:1018D0002C29E0D06268904217D22168085C5D280C
:1018E00013D102E005462E46DDE7E068401EE060C9
:1018F00005B16E602020C7E90250A068401CA060BE
:101900000120BDE8F081FFE715B12846FDF736F864
:101910000020F6E7034610B500200246995CA1F1CD
:101920003004092C01D830380AE0A1F14104052C1B
:1019300001D8373804E0A1F16104052C08D85738E4
:101940000844032A00D20001521C042AE6D310BD29
:10195000002010BD2DE9F04192B04FF00005064681
:101960000C004FF02E03284610953CD02168D1B3CF
:101970006A4627E027683944415C34291BD00ADCD9
:10198000A1F12B07092F23D2DFE807F01522151745
:1019900022151515150038290DD006DC35290AD079
:1019A000362908D0372913D105E0392903D0452934
:1019B00001D065290CD1115400E01354401C3F287C
:1019C00006D22CB1A168D4F804C00F186745D1D352
:1019D0001554904610A9104601F0E6FE0F461099E6
:1019E0000546884503D1002012B0BDE8F081C6E964
:1019F0000657114A114B28463946F7F799F902D88C
:101A00006FF000400DE000220D4B28463946F7F7F5
:101A100077F902D84FF0004003E028463946F7F73F
:101A200036F970610820F060109AA168A2EB0800F6
:101A30000844A0600120D7E70000C0FFFFFFDF419E
:101A40000000E0C12DE9F04107460026C8680C46B9
:101A50003546B0F57A7F78D2401CE060002C74D017
:101A6000D4E90110884270D22168095C7B296CD1CD
:101A7000401CA0602046FCF7A7FED4E90110884274
:101A800003D22268125C7D2A4CD08842A0F101006A
:101A9000A0605AD204F110084046FDF711F8E8B3EF
:101AA000F6B1286045600546A068401CA06020464D
:101AB000FCF78AFE2146284600F049F878B3204614
:101AC000FCF782FE28692862002028613CB3D4E933
:101AD0000110884236D22168095C3A2932D102E0ED
:101AE00006463546E0E7401CA0602046FCF76CFE49
:101AF0002146284600F0B2F888B12046FCF764FE83
:101B0000D4E90110884203D22168095C2C29C3D092
:101B10006268904216D22168085C01E011E011E091
:101B20007D280FD1E068401EE06006B1756040205E
:101B3000C7E90260A068401CA0600120BDE8F081F8
:101B400003E016B13046FCF719FF0020F6E72DE957
:101B5000F84380468B6808684FF00009C418CDF838
:101B6000009008680E46651CC15C641C22296ED179
:101B70000022716808E0BCF15C0F04D17F1C8F4229
:101B800065D2521C641C641C271A8F4204D294F83C
:101B900000C0BCF1220FEED1271A8F4257D2217814
:101BA000222954D11844201A801A3169401C8847D0
:101BB00007004CD0009737E029785C2905D00098C1
:101BC0006D1C00F8011B00902EE00220611B012912
:101BD00039DB6A78662A14D008DC222A12D02F2A30
:101BE00010D05C2A0ED0622A2DD108E06E2A0ED0C9
:101BF000722A0ED0742A0ED0752A24D10DE0082244
:101C000000E00C22009901F8012B00910BE00A2260
:101C1000F8E70D22F6E70922F4E76A46214628464E
:101C200002F05CFF78B10544A542C5D3009981F864
:101C300000901021C8E903173068201A401CB060DA
:101C40000120BDE8F88317B171693846884715B19E
:101C50003068281AB0600020F3E7000070B50C006F
:101C600005465ED0206800285BD0A16863680A1D25
:101C70009A4205D80844042231A1F6F719FB78B33B
:101C8000A0686268411D0126914206D8216805229C
:101C900008442DA1F6F70CFB28B3A0686268011D6B
:101CA000914206D821680422084429A1F6F700FBD6
:101CB000E8B1D4E90101814203D22268525C222AB0
:101CC0001DD0814221D22268525C2D2A02D0303AA6
:101CD000092A1AD821462846BDE87040FFF73ABEC7
:101CE0000420E86006E0EE60A068401D04E00220E9
:101CF0006E61E860A068001DA060012070BD2146F3
:101D00002846BDE87040FFF722BF814203D2226817
:101D1000525C5B2A07D0814203D22068405C7B285A
:101D200007D0002070BD21462846BDE87040FFF76F
:101D300089BD21462846BDE87040FFF783BE0000FC
:101D40006E756C6C0000000066616C7365000000CD
:101D50007472756500000000034A40F6010102F646
:101D60000400FDF703BB0000742800202DE9F04DAE
:101D70000E460023A0F5000C4FF00071354684B0EC
:101D800002464FF07E5401EB45014FF07F48BCF115
:101D9000FE4F80F09F81B1F1804FC0F0DB81FE49A2
:101DA0000144B1F5005F40F2A78200F58021C90C23
:101DB00001F00F07C1F307117F39A2EBC15501EB09
:101DC000030B3846F6F70AFF6FF00301F6F7CAFD7A
:101DD0004FF07E51F6F7FEFC014602902846F6F7DA
:101DE0004BFD019028460299F6F7F4FC00F5006AD5
:101DF0006FF30B0A009051460298F6F73DFD294615
:101E0000F6F7E8FC02904FF07E500099F6F76CFD73
:101E1000014600900198F6F735FD00F500656FF377
:101E20000B0528460299F6F72DFD029051462846EB
:101E3000F6F728FD0199F6F722FD0299F6F71CFD49
:101E40000099F6F71FFD014601902846F6F7C2FCFF
:101E500001460290F6F716FD8246D049F6F712FDCC
:101E6000CF49F6F7B7FC5146F6F70CFD8246002144
:101E70002846F6F777FD009051460298F6F702FDE6
:101E8000054600210198F6F76DFD2946F6F7A2FCFC
:101E9000824601460098F6F79DFC00F500656FF359
:101EA0000B0529460098F6F7E7FC5146F6F792FC39
:101EB0008246BC492846F6F7E5FC0090BA495046F0
:101EC000F6F7E0FC8246B9492846F6F7DBFC5146B6
:101ED000F6F780FC824601460098F6F77BFC00F599
:101EE00000656FF30B0529460098F6F7C5FC5146CF
:101EF000F6F770FC8246AE48784450F8371000EB95
:101F0000C700019147684FEA0B10F6F767FE009093
:101F100039465046F6F75EFC2946F6F75BFC019918
:101F2000F6F758FC0099F6F755FC00F5006B6FF3D7
:101F30000B0B58460099F6F79FFC0199F6F79CFCAD
:101F40002946F6F799FC3946F6F796FC5146F6F71E
:101F500096FC06F5006782466FF30B07394630465C
:101F6000F6F78AFC002100900846F6F745F900F0E4
:101F70000C0639465846F6F785FC054620F0004029
:101F8000B0F18B4F0ADDB8EB400F07D34FF08B4019
:101F900060F31E052F464FF0000A1FE038460099F7
:101FA000F6F718FC5146F6F76DFC074658460099BF
:101FB000F6F768FC3946F6F70DFC824601462846DE
:101FC000F6F708FC00F500676FF30B073946284663
:101FD000F6F752FC5146F6F7FDFB824631460C20DF
:101FE000F6F70AF951463846F6F7F4FBF7F74DF9DC
:101FF00006460511F6F7F2FD3946F6F740FC514664
:10200000F6F7E8FB07466B49F6F73CFC6A49F6F73A
:10201000E1FB3946F6F736FC6849F6F7DBFB394653
:10202000F6F730FC0146664806F00F06784450F893
:102030002600F6F727FC6349794451F82610F6F795
:10204000C9FB6149794451F82610F6F7C3FB05F145
:102050007D01FC2908D22946F6F784FC04B021460C
:10206000BDE8F04DF6F70EBC05F1BF01B1F5BF7F3D
:1020700016D82946F6F776FC2146F6F703FC054606
:10208000B8EB450F1AD068000CD02846FBF7A0FB30
:10209000042808BFFBF719FC284604B0BDE8F08D02
:1020A000002D0BDA0220FBF7D9FCFBF70EFC0146F2
:1020B000204604B061F31E00BDE8F08D0220FBF75E
:1020C000CDFCFBF7FDFB0146204604B061F31E008A
:1020D000BDE8F08DB1F1804F3CD300BF00F1FF416E
:1020E000B1F1FE4F21D200BF20F00042C5F3C7512D
:1020F00010467F290DDB9729BFF651AEC1F196013D
:102100004FF0010C0CFA01F1A1F1010C1CEA050FD2
:1021100007D00120FBF7A2FC04B0BDE8F04DFBF7AF
:10212000CBBB294218BF294C39E641001CBF4FF0F8
:102130008071B1EB400F09D91B21F6F713FC024661
:102140006FF01A0310F0004FCED128E6BCF1FE4F1D
:1021500018D224E6B1F1007F0ED336F0004105D04D
:1021600006F0004141F0FC552E46B7E7410018BF8C
:10217000B8EB400F78D8B1E7B1F1807F38BFA5F553
:102180000006ABD320F000416FF0FF4C104C01EB88
:102190000C03A3422FD31DE0001080C07EE24C3E12
:1021A000ABAAAA3E00B038423BAA3842D49AB8BB88
:1021B00040830000FC596337C9FF753A1872313DFE
:1021C0000C830000C082000074820000000080BF09
:1021D000FFFF3F0025F000439C44A4450BD3B0F122
:1021E0007E5F18BF5FEA450C3ED0B1F1FF4F98BF4C
:1021F000B3F1FF4F05D904B03146BDE8F04DFBF710
:1022000059BBB0F1FF4F0FD0C5F3C7517F2909DB90
:10221000972911DAC1F19601012202FA01F14A1E51
:102220002A4205D0002108E015F0004F55D128E0E2
:10223000294218BF012100D1022110F5000F14D04E
:1022400020B3B0F1004F27D010F1814F4ED04FF0A6
:10225000FE41B1EB400F94BF01200020012101EBB2
:10226000E571884239D10CE040E015F0004F02D012
:10227000012936D031E0012902BF3F4804B0BDE852
:10228000F08D4FF0FF4004B0BDE8F08D15F0004038
:102290000ED104B0BDE8F08DB5F1FF4F1DD015F59E
:1022A000000F05D015F0004F14D009B1012907D057
:1022B0000220FBF7D3FB04B0BDE8F04DFBF7F2BA08
:1022C0000220FBF7CBFBFBF7EDFA04B080F00040F7
:1022D000BDE8F08D09B1012903D004B00020BDE8AC
:1022E000F08D04B04FF00040BDE8F08D04B04FF029
:1022F0007E50BDE8F08D00BF4FF07E51F6F7BCFA7E
:1023000005466FF00101F6F72DFB1C49F6F7B7FA09
:102310002946F6F7B7FA4FF07C51F6F7B0FA0746C0
:1023200029460846F6F7AEFA80F000403946F6F73F
:10233000A9FA824612492846F6F7A4FA0746114937
:102340005046F6F79FFA82460F492846F6F79AFA62
:102350005146F6F73FFA054601463846F6F73AFA8F
:1023600000F5006B6FF30B0B59463846F6F784FA0D
:102370002946F6F72FFAECE5000080FFABAAAA3E4B
:1023800000B0B8413BAAB841D49A38BB2DE9F0411E
:1023900085680C000FD001212046FDF702F90028C6
:1023A0000AD05B210170A068401CA060E068401C5E
:1023B0000026E06025E00020BDE8F08121462846A7
:1023C00000F0E0F90028F7D0204602F0EBFA286888
:1023D000B0B1606908B1022700E00127791C2046EE
:1023E000FDF7DFF80028E7D02C2100F8011B616918
:1023F00011B1202100F8011B0670A0683844A060CC
:102400002D68002DDAD102212046FDF7CAF80028F8
:10241000D2D05D2101704670E068401EE06001206E
:10242000CAE700002DE9F04706468AB0D6E906540F
:10243000884600271C216846F5F7D3FE0020CDE929
:1024400008004FF02E09B8F1000F42D00DB1012065
:1024500000E0002020432E4920F00040081AC00F61
:102460004FF0000A12D14800B0EB440F00D16DB11B
:102470007069F6F7C1FB2A462346F6F741FC0AD1FC
:1024800024A168467269FBF779F91FE022A168462A
:10249000FBF774F91AE02A46234621A16846FBF7A8
:1024A0006DF9064608AA20A16846F5F721FF012824
:1024B00006D1DDE908012A462346FCF785FD30B93F
:1024C0002A46234619A16846FBF758F906461A2EF4
:1024D00003D300200AB0BDE8F087711C4046FDF729
:1024E00060F80028F6D069462E2306E0CA5D4A450A
:1024F00001D1C35500E0C2557F1CB742F6D300F8A6
:1025000007A0D8F8080081190120C8F80810E1E7F1
:102510000000F07F256400006E756C6C0000000008
:1025200025312E3135670000256C670025312E31AD
:10253000376700002DE9F04785680C0003D060691B
:1025400020B1022603E00020BDE8F0870126711CBF
:102550002046FDF726F80028F6D07B2100F8011B65
:10256000E168491CE16061690A2701B10770A06850
:102570004FF0000830440926A06059E088B1204699
:10258000E168FDF70EF80028DED0002103E000BF6F
:1025900000F8016B491CE2688A42F9D8A06810442F
:1025A000A0602146286A00F065F80028CCD02046BB
:1025B00002F0F8F9606908B1022000E001208146CC
:1025C00001462046FCF7EDFF0028BDD03A2100F877
:1025D000011B616901B10670A16801EB0900A060EF
:1025E0002146284600F0CEF80028ADD0204602F063
:1025F000D9F9606900B10120296801B1012100EB1E
:10260000010909F101012046FCF7CBFF00289BD00E
:10261000296811B12C2100F8011B616909B100F88A
:10262000017B80F80080A16801EB0900A0602D68A3
:102630006069002DA2D110B1E168491C00E00221BF
:102640002046FCF7AEFF002886D0616949B1002121
:1026500003E000BF00F8016B491CE268521E8A4289
:10266000F8D87D21017080F80180E068401EE060AC
:10267000012069E72DE9F0470A0005464FF0000602
:1026800001D01DB120E00020BDE8F08703211046F5
:10269000FCF787FF0028F7D037A1F5F700FE5AE0D6
:1026A0000C2927D006DC082924D0092922D00A29A0
:1026B00006D11FE00D291DD022291BD05C2919D07D
:1026C000202900D2761D401C01780029E8D1401B4A
:1026D0008719F91C1046FCF764FF041ED4D04FF094
:1026E00022084FF0000984F800802EB1661C4FF0DC
:1026F0005C0A28E0761CE6E73A462946601CF5F7B6
:1027000049FD23E01F2803D9222801D05C2830D1BD
:1027100006F801AB2A7850460C2A23D006DC082A9A
:102720001ED0092A24D00A2A06D11DE00D2A1DD068
:10273000222A12D05C2A1CD010A13046FBF71EF8CA
:10274000361D6D1C761C28780028DBD1E01980F836
:10275000018080F80290012096E786F80080F0E77B
:10276000622006E0662004E06E2002E0722000E0B5
:1027700074203070E5E70000222200007525303417
:102780007800000070B504000E4613D096B1207B8F
:10279000102843D008DC012816D002281ED00428B7
:1027A0000AD0082806D121E020283CD040283FD07C
:1027B000802820D0002070BD05213046FCF7F1FEB6
:1027C0000028F8D01DA106E006213046FCF7E9FEFE
:1027D0000028F0D01BA1F5F762FD1DE00521304671
:1027E000FCF7DFFE0028E6D018A1F4E72046BDE89C
:1027F0007040FFF717BE20690028DCD0F5F72DFDEB
:10280000401C054601463046FCF7CBFE0028D2D0DE
:102810002A462169F5F7BEFC012070BD2069BDE89C
:102820007040FFF727BF2046BDE87040FFF7AEBD00
:102830002046BDE87040FFF77DBE00006E756C6CF1
:102840000000000066616C736500000074727565BD
:1028500000000000704770470448417B007B014343
:1028600001D00120704700207047000010030020B5
:102870000348007B08B1002070470120704700002A
:1028800010030020024800214173017370470000CB
:10289000100300202DE9F84F044681466C4821467C
:1028A00004816846FDF7A0FF012807D169A0FCF765
:1028B00033FEBDF80000A04200D2C4B221466846F3
:1028C000F6F7C0FF012807D167A0FCF725FEBDF889
:1028D0000000A04200D2C4B221466846F9F740FC8D
:1028E000012807D166A0FCF717FEBDF80000A04242
:1028F00000D2C4B22146684601F078FF012810D109
:1029000063A0FCF709FE214664A0FCF705FEBDF8B4
:10291000001065A0FCF700FEBDF80000A04200D248
:10292000C4B2DFF890A1644EDFF890819AF80000FD
:10293000634F002839D038886421C0F57A7080B29E
:102940006043B0FBF1F529465EA0FCF7E5FD67A00A
:10295000FCF7E2FD49466CA0FCF7DEFD214671A0C4
:10296000FCF7DAFDB8F8001075A0FCF7D5FD31884A
:102970007AA0FCF7D1FD39887FA0FCF7CDFD38881F
:10298000C0F57A7081B282A0FCF7C6FD4FF47A7B65
:10299000594685A0FCF7C0FDB6F80090B9F1000FCC
:1029A00036D09AF80000A8B132E0318869B1B8F8A1
:1029B000002004FB02F03A88C2F57A7292B25043CA
:1029C00064225143B0FBF1F5C1E700257CA0FCF780
:1029D000A3FDBCE7B8F8000044433888C0F57A701E
:1029E00080B204FB00F1642009FB00F97EA0FCF733
:1029F00093FD494683A0FCF78FFDB8F800004FF423
:102A00007A7148433188B0FBF1F185A0FCF784FD71
:102A10005C465A4629468AA0FCF77EFD4FF47A7040
:102A20006843B0FBF4F00A21B0FBF1F201FB1202A3
:102A300064206843B0FBF4F189A0FCF76DFD90A021
:102A4000FCF76AFDA8B2FDF7E3FBBDE8F88F0000D4
:102A50000C0200206C6F775F74656D705F64657445
:102A60006563745F0A00000044435F6C6F775F76B4
:102A70006F6C746167655F64657465630A0000006C
:102A8000686967685F766F6C746167650A0000004B
:102A9000686967685F74656D700A000070657273BD
:102AA000656E743D25640A0074656D7050574D3D28
:102AB00025640A00F0020020800200207E0200202F
:102AC000840200205B50574D5D206661635F746532
:102AD0007374206D6F6465202D3E2070776D5F7676
:102AE000616C75653D256C750D0A00003D3D3D3DF1
:102AF0003D3D2050574D2043616C63203D3D3D3DA1
:102B00003D3D0D0A00000000202062726967687474
:102B10006E65737320202020203D202575202525FB
:102B20000D0A000020206566665F70657273656E31
:102B300074202020203D2025752025250D0A000029
:102B400020205345545F4F55544355522020202098
:102B5000203D202575206D410D0A0000202048579A
:102B60004D41585F4F55544355522020203D20255C
:102B700075206D410D0A0000202050574D5F4F46D3
:102B80004653455420202020203D2025750D0A0065
:102B9000202050574D5F55534546554C5F524E4788
:102BA000203D2025750D0A00202050574D5F4F55C0
:102BB000545F4D4158202020203D2025750D0A00EE
:102BC0005B50574D5D2048574D41585F4F5554431A
:102BD00055523D30202D3E2070776D5F76616C75CB
:102BE000653D300D0A00000020206E756D65726134
:102BF000746F722020202020203D20256C750D0A46
:102C000000000000202064656E6F6D696E61746F56
:102C100072202020203D20256C750D0A0000000048
:102C20002020726174696F285345542F485729201A
:102C3000203D20256C75202F20313030300D0A00CA
:102C400020202D3E2070776D5F76616C75652020A9
:102C5000203D20256C75202F2025750D0A000000D1
:102C600020202D3E206475747920202020202020F3
:102C7000203D20256C752E256C752025250D0A001C
:102C80003D3D3D3D3D3D3D3D3D3D3D3D3D3D3D3D74
:102C90003D3D3D3D3D3D0D0A0000000000224FF44A
:102CA00000710148F7F747BE000C014001225102B4
:102CB0000148F7F740BE0000000C01402DE9F0414B
:102CC000002690460C460546374619E02088401CF1
:102CD00080B22080B0F5167F01D3278010E0022853
:102CE0000ED3A91E415C0D290AD1691E415C0A2937
:102CF00006D10228F1D080B22F542088BDE8F0819F
:102D0000208841190848FCF7DFFB0028DED1B8F124
:102D1000000F06D01420FCF7CFFB761CF6B2642E11
:102D2000EED30020EAE70000783000202DE9F047DC
:102D3000002791460D460446A0F10208461E1AE0FF
:102D40002888401C80B22880B9F800108A1D904263
:102D500001D92F800FE002280DD910F808200D2A84
:102D600009D1825D0A2A06D1884204D980B227544B
:102D70002888BDE8F087288801190348FCF7A4FBE0
:102D80000028DDD1F5E70000783000202DE9F0477C
:102D90000027894606460F8090467B211046F5F7AE
:102DA00052FA051E0CD07D21F5F791FA38B1A842F0
:102DB00005D3401B401C84B2B4F5167F02D300201B
:102DC000BDE8F087414628460DE000BF10F8012D10
:102DD000202A08D0092A06D0D0B2222801D000200B
:102DE00004E0012002E08842F0D8384680462246BE
:102DF00029463046F5F7CEF93755B8F1000F19D00E
:102E000021460020044612E0335C5C2B0AD1421CB0
:102E10008A4207D232185278222A0FD05C2A0DD06B
:102E20002F2A0BD0401C3355641C80B2A4B28842B8
:102E3000EAD33755A9F800400120C1E73255641C98
:102E4000801CA4B280B2F2E72DE9F04704008A4664
:102E500016D054F8047CD4F800903E1F564500D993
:102E600056462046FAF7C8FC0546884632462146B3
:102E70005046FDF763FC40B1C0F80090BDE8F08714
:102E8000BDE8F0470846FAF7E5BC44E9017955B1D9
:102E900029686A18211F8A4202D9611B091F29600B
:102EA000C5F80480EAE7024AC2F80080E6E70000BD
:102EB000BC05002010B5044C04A0E179FCF72CFB04
:102EC0000120E07010BD0000F4030020E694B6E598
:102ED00088B0E794A8E688B7E58D8FE8AEAE5F6767
:102EE0006174657761795F73746174653D25640011
:102EF00001490120087070475003002010B5174C9D
:102F00002178012911D020460229006916D0032911
:102F10000AD141F28831F9F7AFFD002804D010A0A2
:102F2000FCF7FAFA0520207010BDFFF7BFFE14A0D1
:102F3000FCF7F2FAA06820610220F4E74FF47A71FE
:102F4000F9F79AFD0028EFD0FFF7A8FE13A0FCF7D1
:102F5000E3FA03202070A068206110BD5003002018
:102F600034475F504F57454F46465F64656C617903
:102F70005F46494E4953485F64656C61790D0A00AC
:102F800034475F504F57454F4E2D2D2D2D2D2D2D54
:102F90002D2D2D2D2D2D2D2D0D0A000034475F5088
:102FA0004F57454F46462D52455345542D2D2D2DF7
:102FB0002D2D2D2D0D0A000010B508480024047099
:102FC00007A0FCF7A9FA0A4804700A480470F9F748
:102FD0005FFABDE8104004F08BBC000048030020FD
:102FE000EFBFBDEFBFBDEFBFBDEFBFBD0A0000002B
:102FF000F8030020FB03002010B501460448FCF74D
:10300000BBFA002803D103484168491C416010BD48
:10301000783000205003002070B505460C46044867
:10302000FCF731FD21462846BDE8704001F024BD83
:10303000783000202DE9F843584C0727584E607A25
:1030400000254FF00108062810D2DFE800F00F033A
:10305000033D0F50FEF7B6F90128E07A08D0401C76
:10306000C0B2E07205282CD9E5726772BDE8F8831A
:10307000032824D3E07908B984F80780162148484A
:10308000F5F7AFF8152247A14548F5F7D0F8757563
:103090006571E07901280CD002280CD003280CD0EF
:1030A00046A140A00090237A03224648FCF734FA58
:1030B000DAE745A1F5E746A1F3E747A1F1E7401CB0
:1030C000E07203206072D1E7FEF77CF9012803D19A
:1030D000E17A44A0FCF720FAA17CA06AFFF79CFFEC
:1030E00005206072F9F7C2FC2062A572BEE71421C8
:1030F000206AF9F7C1FC0028B8D028490022143111
:103100004148FFF7DBFD58B33F48FBF7F9FDFEF7F9
:1031100059F901280AD13DA13B48F5F776F828B1C5
:103120000220E07138493BA0FCF7F6F93648E16A25
:10313000F5F76BF898B13DA1A06AF5F766F898B17C
:10314000207960B1164900201F390A5C303A0A2AFA
:1031500005D2401CC0B20F28F7D3C87B20B1A5828E
:10316000BDE8F84300F0B0B8FEF72CF9012811D102
:1031700060790028F3D0002006E030390A29EED229
:10318000401CC0B2152802D2315C0029F5D1133899
:103190000128E4D8A5826772E57267E71003002072
:1031A000E31B0020303030303030303030303030C1
:1031B000303030303030303000000000756E6B6ED3
:1031C0006F776E00DCA3010874696D656F7574001C
:1031D0006572726F720000006261645F6C656E6799
:1031E000746800005B49434349445D206174746521
:1031F0006D70743D25752073656E642041542B51AC
:10320000434349440A000000991D00204552524F93
:10321000520000005B49434349445D206572726F70
:1032200072206C696E653D257300000041542B438C
:1032300047534E000348407A072801D000207047CA
:10324000012070471003002070B50F4C0546A062A6
:10325000A1740020C4E90B23A072E0720BA12846E0
:10326000F4F7D3FF10B1FBF79BFE0AE009A1284653
:10327000F4F7CBFF28B1FBF783FE032108A0FCF78E
:103280004BF90220607270BD1003002041542B43A3
:1032900047534E0041542B51434349440000000022
:1032A0005B49434349445D20737461727420415407
:1032B0002B5143434944206D61785F617474656D9F
:1032C0007074733D25750A0010B50B4CA07A401C34
:1032D000C0B2A072216B884203D2F9F7C7FB20620B
:1032E00010BDFEF76FF8012803D1E07908B901207D
:1032F000E0710220607210BD10030020024901201D
:103300008873F9F789BF00001003002001490820E5
:10331000C8717047F40300202DE9F84304460246C3
:1033200052486946B0EB420F09D94FF0E640B0EB86
:10333000420F94BF00204FF0FF30009030E04C4B24
:1033400022F00040834271D94A492046F5F79AFAA3
:10335000F5F764FE8046F5F76DFC00F00300009081
:1033600045494046F5F78EFA054644494046F5F78B
:1033700089FA064642494046F5F784FA074641492C
:103380004046F5F77FFA2146F5F779FA3946F5F721
:1033900073FA3146F5F770FA2946F5F76DFA0446E7
:1033A0002546009C002C45DB294614F0010F0846F9
:1033B0001ED0F5F767FA05463349F5F763FA334946
:1033C000F5F708FA2946F5F75DFA3149F5F702FAFB
:1033D0002946F5F757FA4FF07E51F5F7FBF914F04F
:1033E000020F08BFBDE8F88380F00040BDE8F88315
:1033F000F5F748FA06462749F5F744FA2649F5F75E
:103400003EFA3146F5F73EFA2449F5F7E3F931463D
:10341000F5F738FA2946F5F735FA2946F5F7DAF9D6
:1034200014F0020FE0D1BDE8F883FFE71046FAF789
:1034300051FAB4E76800B0F17F4F09D22846FAF795
:10344000C7F9042808BFFAF740FA2846BDE8F88310
:1034500006D10120FAF702FBBDE8F843FAF72CBACF
:103460002846BDE8F843FAF722BA0000B61F927E5C
:10347000490E494683F9223F1A61342C0020A233B9
:1034800000A0FD390000C93FB93AB2BACA9F2A3D2F
:10349000DDFFFFBE336D4C39DA82083CA0AA2ABE9C
:1034A0004FF000614868054A50601060096881F378
:1034B00008884FF0E02202495161004730000020A7
:1034C000A55AA50010F1FF4F01D30248704700F044
:1034D00003B80000000080BF70B50546F5F76FFD2A
:1034E000044620F00040C0F1FF40C00F08D025F096
:1034F0000040C0F1FF40C00F04BF0120FAF7AEFA50
:10350000204670BD4FF08041FEF730BC2DE9FF5FD3
:1035100040F213134B43092493FBF4F30C240931B9
:1035200091FBF4F1C41700EB9474A410644200EB17
:1035300084000324801C90FBF4F0401C01FB10303D
:103540008418DDE90E0582491E3CF5F7CDF9804669
:1035500001468048F5F790F97F4E3146F5F7C4F9FA
:1035600007462046F5F73AFB04463946F5F732F9A7
:10357000074641467948F5F77FF93146F5F7B4F942
:1035800001462046F5F726F9754E04463146384681
:10359000F5F778F9DFF8CC814146F5F76DF9074684
:1035A00031462046F5F76EF94146F5F765F90646CE
:1035B00001213846F5F7D6F9DFF8ACA15146F5F709
:1035C00061F9FFF7A9FEDFF8A4914946F5F75AF92A
:1035D000044651463846F5F755F9FFF79DFEDFF8EA
:1035E00090B15946F5F74EF93946F5F7F3F821460B
:1035F000F5F7F0F8DFF87C814146F5F7EBF8074680
:1036000001213046F5F7AEF95146F5F73BF9FFF7E2
:1036100083FE4946F5F736F9044651463046F5F73C
:1036200031F9FFF779FE5946F5F72CF93146F5F7F0
:10363000D1F82146F5F7CEF84146F5F7CBF8044628
:10364000384600F0A1F80746204600F09DF80646EF
:1036500051463846F5F716F9044600F0CFFFDFF87B
:10366000188151463046F5F70DF900F0C7FF2046A6
:10367000FFF752FE4149F5F705F90646FAF7EEFF66
:10368000FBF7AEFD044651460398F5F7FBF80746F5
:10369000FBF7A6FD2146F5F7F5F804463846FFF797
:1036A0003BFE3146F5F7EEF806463548FBF798FD48
:1036B0003146F5F7E1F82146F5F716F96FF001010B
:1036C000B0F17E5F02DC10F1814F03D9084604B0EF
:1036D000BDE8F09FFAF73AFE4146F5F7D3F8044605
:1036E00001460E98F5F776F80221F5F73BF9254EDD
:1036F0003146F5F7C4F8074621460E98F5F7BCF8B1
:103700000221F5F72FF93146F5F7B9F806463846A4
:10371000F5F790FA44193046F5F78CFA2844002C56
:1037200001DA04F5B4644FF4B4618C4201DBA4F512
:10373000B464002801DA00F5B460884201DBA0F52A
:10374000B46010990C60119908600020BFE7000078
:10375000000070410000C0400000C04100009041E6
:1037600048507C3FFA7E524035FA8E3C0AD7A33C43
:103770007D3FF53F27518D43E02E654210AFCB3E94
:1037800041ECCA3F0000344410B5064C2146FCF71A
:103790007EF910F1FF4F04D32146BDE81040F5F744
:1037A00019B810BD0000B44300B583B00A4600212B
:1037B000CDE9001101466846F5F797FBDDE9000108
:1037C00003B000BD10B5A5230022891E04E0845C6F
:1037D000521C23449BB292B28A42F8DB815C521C99
:1037E00092B2805C00EB012080B2834201D10120C3
:1037F00010BD002010BD10B5A5230022891E04E0D5
:10380000845C521C23449BB292B28A42F8DB190AB0
:103810008154521C91B2435410BDC0F3074202EBD5
:103820001061C0F307221144C0B208447047000081
:103830000149002008727047880600202DE9F047F2
:1038400088B04FF000086F48CDF81080CDF8148094
:10385000CDF8188001268188354600297ED1322195
:10386000814681806848F6F7D3F8DFF89CA19AF882
:103870000600F9F747FF0746AAF10A04632821D892
:1038800000F5FA67ADF816709AF80400F9F73AFFF8
:103890000746401E0B2822D88DF815709AF80300B1
:1038A000F9F730FF0746401E1E2825D88DF8147002
:1038B0009AF80500F9F726FF411E06292DD88DF844
:1038C000130037E051A0FBF727FEE07823786278F9
:1038D000A1788DE80F0023796279394618E054A069
:1038E000FBF71AFEE07823786278A1788DE80F0064
:1038F0002379E1883A460BE056A0FBF70DFEE0780D
:1039000023786278A1788DE80F006279E1883B46E0
:1039100059A0FBF701FE00260CE022786378A1781D
:1039200003928DE80B00002623796279E18852A08A
:10393000FBF7F2FD57469AF80200F9F7E3FE01465D
:10394000172814D88DF812007878F9F7DBFE0146B5
:103950003B280ED88DF81100387800E01DE0F9F70B
:10396000D1FE01463B281BD88DF8100005E04FA082
:1039700000E05BA0FBF7D0FD0025012196B1E5B189
:103980008DF818100498206005986060BDF8180044
:10399000208189F8018089F8028008B0BDE8F087AD
:1039A0005AA0E7E784F8088099F801204846FF2AE2
:1039B00002D2521C89F801204DB984F8088099F888
:1039C00002204846FF2A02D2521C89F802200546EE
:1039D00040780A2808D340F2E470E08061712171D8
:1039E000F8F770FD85F80180A8780A28D5D384F807
:1039F000028084F80180464684F80080F8F762FD72
:103A0000AE70CAE716020020920600202D2D2D2D43
:103A10002D2D2D2D2D2D2D2D2D2D2D796561725FA7
:103A20006572722D2D2D2D2D2D2D2D2D2D2D2D0031
:103A30002D2D2D2D2D2D2D2D2D2D2D2D2D2D2D6D76
:103A40006F6E5F6572722D2D2D2D2D2D2D2D2D2D2F
:103A50002D2D00002D2D2D2D2D2D2D2D2D2D2D2DF0
:103A60002D2D2D6461795F6572722D2D2D2D2D2DDB
:103A70002D2D2D2D2D2D00007278646174657469D3
:103A80006D6531202020793D25642C6D3D25642C09
:103A9000643D25642C773D25642C683D25642C6DA0
:103AA0003D25642C733D25640A0000002D2D2D2D2D
:103AB0002D2D2D2D2D2D2D2D2D2D2D686F75725FFA
:103AC0006572722D2D2D2D2D2D2D2D2D2D2D2D2071
:103AD0007274632E686F7572203D2025640D0A0094
:103AE0002D2D2D2D2D2D2D2D2D2D2D2D2D2D2D6DC6
:103AF000696E5F6572722D2D2D2D2D207274632ECF
:103B00006D696E203D2025640D0A00002D2D2D2DA0
:103B10002D2D2D2D2D2D2D2D2D2D2D7365635F65B7
:103B200072722D2D2D2D2D2D2D207274632E736507
:103B300063203D2025640D0A0000000005498888A7
:103B400008B1401E88800878002801D0401E087007
:103B500070470000160200200149022008707047DB
:103B6000380000202DE9F84FA34C2078002815D00C
:103B700002266427DFF8848200254FF0030A4FF005
:103B8000580901280CD002284AD0032806D1FCF796
:103B900059F9042854D0E08800287CD0BDE8F88F7B
:103BA000607888B1012814D002281CD00328F5D1F0
:103BB000FCF748F908B3FCF745F9042828D0E08859
:103BC0000028EBD16570E9E700F086F9012060700C
:103BD000E4E7FCF737F90028E0D1C721192000F00D
:103BE0005FF96670DAE7FCF72DF90028D6D100F00E
:103BF0006FF984F801A0E780D0E7192088F80090D9
:103C000088F80100BDE8F84F04217C48FCF720B992
:103C1000267098F800107AA0FBF77EFCE580BDE7DF
:103C2000E0880028BAD1E78088F80090AA2088F8B8
:103C3000010017217148FCF70BF984F800A0ADE7EB
:103C4000152308F1010255215820FBF783F90028BC
:103C50007DD098F80120584662F3070098F80220BA
:103C6000414662F30F2098F8032062F3174065F392
:103C70001F604FF41D62B0FBF2F292B2E28198F83D
:103C8000043063F3070098F8053063F30F208B7955
:103C900063F3174000E0ADE065F31F6040F6572383
:103CA000B0FBF3F39BB25A43B2FBF7F2A3811304C8
:103CB0001B0C63828A7A62F30700CA7A98F80C10A8
:103CC00062F30F2061F3174065F31F604FF0670147
:103CD000B0FBF1F189B2A18270D064225143B1FBF3
:103CE000F3F1C9B2E170632901D96321E17098F859
:103CF0000D1061F3070098F80E1061F30F2098F88B
:103D00000F1061F31740216A65F31F60884204D2E7
:103D1000A178FF2901D2491CA1702062FBF740FF66
:103D2000A061A17819B1394A01FB0200A0610146E6
:103D3000606A6162081AA16A0844A062608AD8B306
:103D4000DFF8CCB09BF81E00F4F751FF00E04EE026
:103D5000DFF8C0804146F4F7C7FD2F49F4F7C4FDF2
:103D60008146A089F4F743FF2C49F4F7BDFD824654
:103D7000E078F4F73CFF4146F4F7B6FD8046E08971
:103D8000F4F735FF2649F4F7AFFD264B524641467E
:103D9000CDF80090FBF78AFF2149F4F773FDF4F7A3
:103DA00062FF80B220829BF8052041F29311032A22
:103DB00007D0022A05D017E015E0FFE7E57025825D
:103DC00095E7A28A02EB421303EB8212B2FBF7F2F1
:103DD00092B2A282A2F2F5128A4205D2072802D933
:103DE000C01F208200E025820120207102E00EA089
:103DF000FBF792FB2670D1E6380000207006002009
:103E00006D6F64653D307825780A0000F3A31F01CB
:103E10009C0600200000C842002474490000204194
:103E200000007A4400004842636865636B73756DF7
:103E3000206572726F72310A00000000164830B4BB
:103E4000C18809B1491EC180018941F27072491CC3
:103E500089B2018191421DD900220281818A3C24CC
:103E600001EB81035B00B3FBF4F3C4692344C3613A
:103E700043895B1C9BB243813C2B0BD94281074891
:103E800001EB810150F89C2F02EB4101016030BC35
:103E900000F078B830BC7047380000206400002083
:103EA00030B40A4AA8230C0C137050700B0A91709E
:103EB0001944A83008442044D370C0431471507191
:103EC00030BC06211046FBF7DDBF00007006002065
:103ED00000211D20FFF7E4BF55211D20FFF7E0BFA3
:103EE000024980200861FBF70FBD0000640000203C
:103EF00010B54FF4CC74174A21461748FBF7B6FAB1
:103F0000012805D00121BDE810400A20FCF756BC6D
:103F100021461148FFF756FC38B110A0FBF7FCFA18
:103F200000210A20FCF74AFC0CE0104A21460A480E
:103F3000FBF79CFA21460848FFF744FC30B10CA07F
:103F4000FBF7EAFABDE81040FBF726BDBDE81040DC
:103F5000FFF7C6BF0050000864000020E4B8BBE5CE
:103F60008CBAE695B0E68DAE0A0000000068000845
:103F7000E5A487E4BBBDE58CBAE695B0E68DAE5C02
:103F80006E00000010B54FF4CC7421460C48FFF7CA
:103F900032FC0C4A21460A48FBF772FA10B90AA013
:103FA000FBF7BAFA0E4A21460548FBF769FA0028E2
:103FB00004D1BDE810400BA0FBF7AEBA10BD000065
:103FC00064000020005000087379735F64617461BD
:103FD0005F73746F7265206661696C0A000000008F
:103FE000006800087379735F646174615F73746F54
:103FF00072655F62616B726F6D5F6661696C0A000A
:1040000000B585B00020019002900948816941F017
:10401000040181618069694600F004000490012078
:104020000090022003900348F6F780FB05B000BD26
:10403000001002400008014070B5144C01252046D4
:104040002178407859B101290DD002290AD10128DF
:1040500008D12570BDE870400DA0FBF75DBA0128BE
:1040600000D1257070BD0028FCD112A0FBF754FAD6
:10407000A08838B9FFF786FF4FF41670A08016A00D
:10408000FBF74AFAA5700220207070BD1C020020C8
:104090007379735F706F775F64726F705F63686569
:1040A000636B3DE68E89E794B5E681A2E5A48D0DAC
:1040B0000A0000007379735F706F775F64726F70CE
:1040C0005F636865636B3DE68E89E794B5E58F9124
:1040D000E7949F0D0A0000007379735F706F775F3C
:1040E00064726F705F636865636B3DE5AD98E582F0
:1040F000A80D0A0010B51548154C0A2203886178EE
:104100000020462B0ED32081E088401C80B2E08046
:104110000A2815D9E28099B90EA0FBF7FDF9012014
:1041200060700DE0E08023895B1C9BB223810A2B29
:1041300006D92281012903D160700DA0FBF7ECF9AB
:10414000A088002801D0401EA08010BD440000209F
:104150001C0200207379735F706F775F64726F70F9
:104160005F636865636B3D484947480D0A0000007E
:104170007379735F706F775F64726F705F63686588
:10418000636B3D204C4F570D0A00000010B5074CE3
:10419000E0716071A171FEF77DFB6079A1798842C1
:1041A00003D0002020700120607010BD0C020020A0
:1041B00070B5114C050007D0607848B12946E07908
:1041C000BDE87040FFF7E2BF00206070607109E059
:1041D000A07808B1E07848B16571294607A0FBF7DF
:1041E0009BF92846BDE87040FEF754BB0120E07003
:1041F00007A0FBF791F9E1E70C0200206E657464FB
:10420000696D70657273656E743D25640A00000007
:10421000666164655F66697273745F5F5F5F5F00AC
:1042200010B5084C207901280AD10020207121897D
:1042300005A0FBF771F9207ABDE81040FFF7B8BF81
:1042400010BD00000C0200202072656C6F616431AB
:1042500070657273656E743D25640A000249012021
:10426000087102A0FBF758B90C0200202072656C9F
:104270006F6164310D0A0000154910B54878D8B156
:1042800008460A788079C82A1DD2521CD3B20B7016
:104290004A79C824904205D9801A5843B0FBF4F0FB
:1042A000104404E0101A5843B0FBF4F0101AC0B2E6
:1042B00081F80700FEF7EEFA06480168002901D0F0
:1042C000491E016010BD00224A704871F2E70000EB
:1042D0000C020020FC02002005484188002906D07D
:1042E000491E0904090C418001D1017041707047D9
:1042F0002C000020704700002DE9F0473B490020CA
:10430000097E00294ED03A493A4C4FF06409B1F980
:1043100002200A21002A07DD521D92FBF1F062897A
:10432000C0B20AB9A4F80A90A288002A3AD1314A48
:1043300094F802C0304F93892C4A0025012692F947
:104340001920DFF8B880BCF1000F14D0BCF1010FC8
:1043500028D1824240DC002B24D1A181801A6570D3
:104360000A2821DD98F9431125A0FBF7D5F826701E
:1043700088F8A0500FE0824212DC002B12D1A67008
:10438000A1812670657098F8A01029A0FBF7C4F8E9
:104390001DE03E7000E03D70BDE8F047FFF75EBFF6
:1043A000A1816570BDE8F087052805DB26704FF018
:1043B000320088F8A000ECE709D2C0F1000000EB61
:1043C00080004FF05A0101EB400088F8A00098F8F7
:1043D000A0000028DFD0DCE7A181657088F8A090FC
:1043E000FFF73CFFA5702570DCE700009C0600206D
:1043F000D8020020FC010020E1020020640000201F
:104400002D2D2D2D2D2D2D7379735F646174612EEB
:1044100074656D705F70726F746563742E74656D12
:10442000705F70726F746563743D25640D0A0000DF
:104430007379735F646174612E6C616D705F706F0E
:10444000776572203D25640D0A0000000F488188C1
:1044500009B1491E8180C18809B1491EC1804178D6
:10446000491CC9B24170642905D10021417081897C
:1044700009B1491E8181018909B1491E0181418922
:10448000002901D0491E418170470000FC01002035
:104490003EB5F6F757FA4FF0E0240190A0690B4DB6
:1044A000281A0290F6F74EFA0090DDE900108842D3
:1044B00002D0A069281A0290044B0A465B1C02989D
:1044C0000021E2FB030102903EBD00003F19010004
:1044D00010B5FFF7DDFF0149486010BD180000204E
:1044E00010B5FFF7D5FF12494A68831A1148834275
:1044F0001DD310444860FAF711F8FFF7A7FFFFF744
:10450000BBFEFFF7E9FEFBF76FFFFAF707FDFFF7CA
:1045100095FCFBF7F5FDFFF711FBFFF7EBFDFAF755
:1045200051FF00F045FBBDE81040FDF745B810BD58
:104530001800002080FC0A000A4810B50178491CC8
:10454000C9B201700A290CD100210170FAF754F99F
:10455000FCF748FAFCF7CCF8BDE810400A2000F060
:1045600013BA10BD1800002010B5134C606810F08D
:104570000C0F0BD06068C0F38100012808D0606880
:10458000C0F38100022805D00CA00FE00DA00DE0C3
:104590000EA00BE00FA0FAF7BFFF6068C00301D4C4
:1045A0000EA003E06068C00304D510A0BDE8104071
:1045B000FAF7B2BF10BD0000001002404F5448454A
:1045C000520A00004853490A000000004853450AB7
:1045D00000000000504C4C0A00000000504C4C20E1
:1045E00066726F6D204853490A000000504C4C2001
:1045F00066726F6D204853450A0000002DE9F843AC
:10460000044602464C486946B0EB420F09D94FF0C8
:10461000E640B0EB420F94BF00204FF0FF30009017
:1046200030E0464B22F00040834265D944492046A1
:10463000F4F728F9F4F7F2FC8046F4F7FBFA00F0FF
:10464000030000903F494046F4F71CF905463E49F7
:104650004046F4F717F906463C494046F4F712F98C
:1046600007463B494046F4F70DF92146F4F707F9B0
:104670003946F4F701F93146F4F7FEF82946F4F724
:10468000FBF80446009D002D3ADB21460846F4F76E
:10469000F9F806462F49F4F7F5F82F49F4F79AF898
:1046A0003146F4F7EFF82D49F4F794F83146F4F772
:1046B000E9F82B49F4F78EF83146F4F7E3F8294985
:1046C000F4F788F83146F4F7DDF82749F4F782F873
:1046D0003146F4F7D7F82146F4F7D4F82146F4F739
:1046E00079F815F0010F08BFBDE8F8830146BDE871
:1046F000F8431E48F4F7F8B81046F9F7EBF8C0E7AE
:104700006000B0F17F4F09D22046F9F761F8042824
:1047100008BFF9F7DAF82046BDE8F88306D1012092
:10472000F9F79CF9BDE8F843F9F7C6B82046BDE8AB
:10473000F843F9F7BCB80000B61F927E490E49460F
:1047400083F9223F1A61342C0020A23300A0FD39E6
:104750000000C93FBBE9223C0C6D063B8A76CE3C8B
:10476000ACB5593D35A1083E29AAAA3E000080BF3C
:1047700010B5084C207800280BD04FF47A7160688F
:10478000F8F77AF9002804D0F8F770F9606003F0C0
:10479000C7F810BD4803002028B1012805D0022821
:1047A00005D004A0704705A0704708A070470BA073
:1047B00070470000554E4B4E4F574E004E4F545FC2
:1047C000434F4E4E45435445440000005443505F10
:1047D000434F4E4E45435445440000004C4F475F05
:1047E000494E5F535543434553530000084A1278DE
:1047F00062B1084A127E4AB1074A92F8A0204A43A1
:104800006421B2FBF1F10180012070470020704764
:10481000FC0100209C06002064000020034890F862
:10482000780008B10020704701207047E80500209B
:10483000044890F878000A2801D000207047012031
:1048400070470000E805002010B50246FFF7F0FFB2
:10485000030014494FF00A0019D091F879305B1C1D
:10486000B3FBF0F400FB143381F8793091F8784011
:1048700003EB0403B3FBF0F400FB143000EB400047
:1048800001EB80000ECA80E80E00002010BD91F8F8
:1048900078305B1CDBB281F8783091F879402344A2
:1048A000E8E70000E805002010B5024672B6FFF701
:1048B000B5FF10B162B6002010BD0D490A2391F872
:1048C0007800401E81F8780091F87900401CB0FB18
:1048D000F3F403FB140081F8790000EB400001EBD6
:1048E00080000BC882E80B0062B6012010BD0000FA
:1048F000E805002070B51B4D2878002830D0002036
:104900001949287001200870184869684079CCB2AC
:10491000042808D1A1F10A00112802D30D38042877
:1049200001D2C81EC4B21248017061B1052C03D275
:104930000024FCF731FE0CE0FCF736FE0DA06968A0
:10494000FAF7EAFD05E00BA0FAF7E6FDFCF724FE16
:1049500000240C4804702046BDE87040FFF728BCD6
:1049600070BD0000080300200E0200209C060020FD
:104970000A02002064696D5F6C6576656C3D256494
:104980000A0000007C02002005498A681044886003
:10499000C868002802D0C8680A38C860704700009C
:1049A0005003002010B5040009D02068002806D06C
:1049B000A1680844F3F751FCA1680844A06010BD49
:1049C0005A2900D36421084604F0DABCF8B5224C19
:1049D0000125224E207A052823D2DFE800F02203A9
:1049E0000E273600FEF726FC01281AD10020307071
:1049F0000E20F8F76FFE022012E0F8F755FE0128AE
:104A00000FD11748A16A69B101290DD0617919B197
:104A10005A210068FFF7D4FFF8F728F8A0630320B5
:104A20002072F8BD1E21F4E73221F2E7C821A06B05
:104A3000F8F722F80028F4D002230AA20F210AA0D6
:104A40000095FEF701FC0420EAE7FEF7F3FB0128DE
:104A5000E7D135700520E3E764030020110300204F
:104A6000340300204F4B000041542B514D54434C14
:104A70004F53453D300D0A00FBF74CBD30B50023C8
:104A800006E0CC5CC55CAC4201D0002030BD5B1CB4
:104A90009342F6D3012030BD70B50024054623466D
:104AA000094E09E0A3F18000022804D356F8230040
:104AB000FEF7B3FE04445B1CAB42F3D3214603A0D4
:104AC000FAF72AFD204670BD00400208636865635E
:104AD0006B5F73756D3D307825780A002DE9F047DE
:104AE00005460027481B1646894606285DDBA81C9C
:104AF000FCF710FF0446A0F55C414FF48060814252
:104B000053D3A4F55841824651451AD2A81DA9EBAA
:104B100000014FF00C08062947DB01785C2944D1DD
:104B20004178752941D1801CFCF7F4FEA0F55C4169
:104B300051453AD2C4F3090161F39F2000F580305A
:104B400002E04FF006082046802801D2012110E043
:104B5000B0F5006F02D20221C0270AE0B0F5803F15
:104B600002D20321E02704E0B0F5881F1DD2042102
:104B7000F0274A1E08E000BF00F0BF03346843F08E
:104B800080038009A354521E12F0FF02F4D10129C0
:104B900001D9384301E000F07F00326810703068BE
:104BA000084430604046BDE8F0870020FBE7000085
:104BB0001148C18A71B1027A62B1491E89B2C182BB
:104BC000502907D80A22B1FBF2F302FB131109B9ED
:104BD00001218170018B09B1491E0183418B491C60
:104BE00089B241830A2901D900214183818B00299F
:104BF00001D0491E818370473C0200200148F5F72F
:104C0000DABE000064060020094810B507490160BB
:104C1000062141604FF49C718160F5F799FE0028F0
:104C200003D0BDE81040F4F773BF10BD0030004062
:104C30006406002070B505460EA001F078FB040064
:104C400017D0002213460DA1F9F706FE00221346E5
:104C50000BA12046F9F700FE0022134609A12046C9
:104C6000F9F7FAFD22462846BDE8704001A1F9F7A0
:104C7000E9BD70BD416E676C650000007800000002
:104C8000790000007A00000070B5064614A001F01B
:104C90004EFB040023D0144D55F8C00FF3F7ACFFC2
:104CA00002460B4611A12046F9F7D6FD6868F3F7D6
:104CB000A3FF02460B460FA12046F9F7CDFDA868D9
:104CC000F3F79AFF02460B460BA12046F9F7C4FD05
:104CD00022463046BDE8704001A1F9F7B3BD70BD72
:104CE000436F6D6D00000000085D00206D61696E0E
:104CF0000000000073756200734175746F0000005E
:104D00002DE9F041064620A001F011FB050038D046
:104D100002F01EFD1E4F04463868F3F76DFF024691
:104D20000B461CA12846F9F797FD04B91BA422469F
:104D30001BA12846F9F7AAFD3C463A1D19A12846B1
:104D4000F9F7A4FD124A19A114322846F9F79EFD7D
:104D5000E06AF3F751FF02460B4616A12846F9F721
:104D60007BFD206BF3F748FF02460B4613A1284654
:104D7000F9F772FD2A463046BDE8F04102A1F9F785
:104D800061BDBDE8F0810000446576496E666F0044
:104D9000085D002070726F7449640000000000001C
:104DA000534E0000636C61730000000070726F640A
:104DB000747000006876657200000000737665729A
:104DC000000000002DE9F04107462DA001F0A4FAF3
:104DD00006462CA001F0ABFA0546002E4DD0002D62
:104DE0004BD02B4CA06EF3F707FF02460B4629A1D0
:104DF0002846F9F731FDE06EF3F7FEFE02460B465A
:104E000025A12846F9F728FD206FF3F7F5FE0246A5
:104E10000B4623A12846F9F71FFD606FF3F7ECFE60
:104E200002460B4620A12846F9F716FDA06FF3F7BE
:104E3000E3FE02460B461EA12846F9F70DFDE06F82
:104E4000F3F7DAFE02460B461BA12846F9F704FDEC
:104E5000D4F88000F3F7D0FE02460B4617A128468F
:104E6000F9F7FAFC29463046F9F7EAFC32463846AB
:104E7000BDE8F04102A1F9F7E5BCBDE8F081000012
:104E800044696D0044696D2E6974656D0000000011
:104E9000085D0020636E730064696D54700000004B
:104EA000706F6C6172000000646C6D740000000033
:104EB000756C6D7400000000727469007274507734
:104EC000720000002DE9F14F62A001F030FA834634
:104ED00062A001F021FA824663A001F01DFA81462A
:104EE00064A001F019FA804665A001F015FA0746A2
:104EF00066A001F011FA064667A001F00DFA05461A
:104F000068A001F009FA0446BBF1000F7DD0BAF1A8
:104F1000000F7AD0B9F1000F77D0B8F1000F74D03C
:104F2000002F72D0002E70D0002D6ED0002C6CD0CF
:104F30005F480078F3F771FEF9F7CCFC0146504664
:104F4000F9F77EFC5B480088F3F767FEF9F7C2FCCF
:104F500001464846F9F774FC57480088F3F75DFEB0
:104F6000F9F7B8FC01464046F9F76AFC5348007867
:104F7000F3F753FEF9F7AEFC01463846F9F760FC4B
:104F80004F48642100883230B0FBF1F0F3F745FE62
:104F9000F9F7A0FC01463046F9F752FC4948006891
:104FA000F3F73BFEF9F796FC01462846F9F748FC73
:104FB0004548D0F89C00F3F730FEF9F78BFC01462A
:104FC0002046F9F73DFC524626A15846F9F73AFC2F
:104FD0004A4627A15846F9F735FC424627A15846CC
:104FE000F9F730FC3A4628A15846F9F72BFC32462F
:104FF00028A15846F9F726FC2A4629A15846F9F770
:1050000021FC224629A1584600E020E0F9F71AFCCD
:105010002E48007800B10120F3F7FFFD02460B4651
:105020002BA15846F9F718FC2A48007800B11E2039
:10503000F3F7F3FD02460B4627A15846F9F70CFC9F
:105040005A460098BDE8F84F02A1F9F7FBBBBDE84E
:10505000F88F0000456C65496E666F00456C6549C8
:105060006E666F2E65000000456C65496E666F2E9A
:1050700063000000456C65496E666F2E7600000087
:10508000456C65496E666F2E66000000456C65498B
:105090006E666F2E70000000456C65496E666F2E5F
:1050A00072456300456C65496E666F2E74456300FA
:1050B0004002002048000020440000203B00002067
:1050C0004C00002050000020640000201E02002040
:1050D00070777200280200206C63000070B50646ED
:1050E0002DA001F024F9040054D02D4D6879F3F778
:1050F00094FD02460B462BA12046F9F7ADFB2A484A
:105100000088F3F78AFD02460B4628A12046F9F7EE
:10511000A3FB29480088F3F780FD02460B4627A130
:105120002046F9F799FB29480088F3F776FD0246F7
:105130000B4627A12046F9F78FFB2A480088F3F792
:105140006CFD02460B4628A12046F9F785FB287E18
:10515000F3F763FD02460B4627A12046F9F77CFBD7
:1051600095F91900F3F748FD02460B4627A12046A2
:10517000F9F772FBA87FF3F750FD02460B4627A113
:105180002046F9F769FB22463046BDE8704002A18F
:10519000F9F758BB70BD0000466163746F72790007
:1051A0009C0600204D4944007E0200205345545F78
:1051B0004F555443555200008002002048574D413E
:1051C000585F4F55544355520000000082020020A2
:1051D0004F55545055545F4355525F53454E534FAE
:1051E00052000000840200204F505F50574D5F4F27
:1051F0004646534554000000494E4E52455F5445C3
:105200004D505F50524F5F454E000000494E4E5288
:10521000455F54454D505F50524F000043580000C9
:1052200070B5064614A001F082F8040022D0134D98
:10523000E86DF3F7E1FC02460B4611A12046F9F7B1
:105240000BFB286EF3F7D8FC02460B460DA1204657
:10525000F9F702FB686EF3F7CFFC02460B460AA192
:105260002046F9F7F9FA22463046BDE8704002A11F
:10527000F9F7E8BA70BD000047697300085D0020C7
:105280006C6E67006C6174007A6F6E6500000000E0
:1052900070B505460BA001F04AF8040011D00B4888
:1052A000B0F90200F3F7A8FC02460B4608A120461D
:1052B000F9F7D2FA22462846BDE8704001A1F9F775
:1052C000C1BA70BD5065725374730000D8020020DB
:1052D00074656D700000000030B50D46044685B061
:1052E00062A12846F2F7C0FF002862D061A12846DB
:1052F000F2F7BAFF002860D060A12846F2F7B4FFA9
:10530000002872D05EA12846F2F7AEFF002870D0C8
:105310005CA12846F2F7A8FF002870D05BA12846C0
:10532000F2F7A2FF00286ED05AA12846F2F79CFFA0
:1053300000286CD059A12846F2F796FF00286AD0C1
:1053400058A12846F2F790FF002868D057A12846B8
:10535000F2F78AFF002866D055A12846F2F784FFAD
:1053600000286AD054A12846F2F77EFF002868D0B2
:1053700052A12846F2F778FF002866D051A12846AE
:10538000F2F772FF002864D050A12846F2F76CFFB4
:10539000002862D04FA12846F2F766FF00285CD0B3
:1053A0004EA12846F2F760FF00285AD0012005B030
:1053B00030BD2046FFF7A4FC56E0254649A000F08A
:1053C000B6FF040050D0494A49A1F9F75FFA474AAD
:1053D00049A110322046F9F759FA224641A1284640
:1053E000F9F730FA40E000E003E02046FFF718FF4D
:1053F0003AE02046FFF7E6FC36E000E003E0204616
:1054000000F064F930E0204600F07CF82CE0204603
:10541000FFF758FD28E02046FFF73AFF24E020463A
:1054200000F090F920E01421684601F007FA6A467E
:1054300033A12046F9F72AFA16E02046FFF74EFE80
:1054400012E0204600F0F2F90EE02046FFF71CFCC7
:105450000AE0204600F0AAF906E0204600F0A8F88D
:1054600002E02046FFF7E6FB0020A0E7446576490E
:105470006E666F004D646C496E666F00476973001D
:1054800044696D0053656E736500000052756E537C
:1054900074730000456C65496E666F005065725309
:1054A000747300005369676E616C000052544300CE
:1054B000466163746F72790053767200436F6D6D4D
:1054C00000000000537072656164000052756E54F4
:1054D0006D0000004C69676874546D00416E676C24
:1054E000650000004D646C496E666F003C5D0020F5
:1054F0006D766572000000006963636964000000F6
:10550000525443002DE9F04107461EA000F00FFF62
:1055100006461EA000F000FF05461FA000F0FCFE9E
:105520000446002E2CD0002D2AD0002C28D01D4857
:10553000006808B11F2000E02020F3F75DFBF9F7B9
:10554000C9F901462846F9F77BF901F06BF9F3F741
:1055500053FBF9F7BFF901462046F9F771F92A46DE
:1055600011A13046F9F76EF9224610A13046F9F73D
:1055700069F932463846BDE8F04102A1F9F762B94F
:10558000BDE8F08152756E537473000052756E530E
:1055900074732E737473000052756E5374732E629D
:1055A000726900000C03002073747300627269005A
:1055B0002DE9F14F82B004F033F9054604F02AF9E1
:1055C000064604F03BF9814604F030F93C2483465A
:1055D000B6FBF4F0B5FBF4FA00902CA000F0A7FEA7
:1055E00080462CA000F0A3FE07462CA000F094FEFD
:1055F00006462EA000F090FE0546B8F1000F42D0FE
:10560000002F40D0002E3ED0002D3CD0B9FBF4F04E
:10561000F3F703FB02460B4628A14046F9F71CF9B5
:105620005046F3F7FAFA02460B4626A14046F9F730
:1056300013F9424615A10298F9F704F9BBFBF4F0FF
:10564000F3F7EBFAF9F746F901463046F9F7F8F8BF
:105650000098F3F7E2FAF9F73DF901462846F9F721
:10566000EFF832460FA13846F9F7ECF82A4611A1B7
:105670003846F9F7E7F8029803B03A46BDE8F04F2C
:1056800004A1F9F7DFB8BDE8FE8F000052756E5433
:105690006D0000004C69676874546D004C69676860
:1056A00074546D2E744C7454696D65004C69676850
:1056B00074546D2E724C7454696D65007454696D28
:1056C000650000007254696D6500000070B5064603
:1056D00014A000F02CFE040023D0144D55F8840FC4
:1056E000F3F78AFA02460B4611A12046F9F7B4F8FF
:1056F0006868F3F781FA02460B460EA12046F9F7D7
:10570000ABF8A868F3F778FA02460B460BA12046DF
:10571000F9F7A2F822463046BDE8704001A1F9F73A
:1057200091B870BD53656E7365000000085D002080
:10573000646900007342726900000000734272697C
:10574000546D000038B5054612A000F0F0FD0400CD
:105750001ED06846FBF74AFE012808D10098F3F7EF
:105760004BFA02460B460DA12046F9F775F80D4895
:10577000007800B10120F3F750FA02460B460AA167
:105780002046F9F769F8224602A12846F9F75AF8A7
:1057900038BD00005369676E616C000072737270EF
:1057A00000000000F80300207265670070B506462F
:1057B00014A000F0BCFD040023D0144D55F8CC0F0C
:1057C000F3F71AFA02460B4611A12046F9F744F8FE
:1057D0006868F3F711FA02460B460FA12046F9F765
:1057E0003BF8A868F3F708FA02460B460CA12046DE
:1057F000F9F732F822463046BDE8704001A1F9F7CA
:1058000021B870BD5370726561640000085D0020AE
:105810006F6666736574000077696E646F77000069
:10582000696E74657276616C0000000070B50646A2
:105830001BA000F07CFD040031D01A4A1AA1F9F730
:1058400025F8184D903D55F8B00FF3F7D5F90246FD
:105850000B4617A12046F8F7FFFF6868F3F7CCF96D
:1058600002460B4614A12046F8F7F6FFA868F3F7A6
:10587000C3F902460B4612A12046F8F7EDFFE8688F
:10588000F3F7BAF902460B460FA12046F8F7E4FFFA
:1058900022463046BDE8704001A1F8F7D3BF70BD85
:1058A00053767200985D0020737672497000000094
:1058B000737672506F72740075506572696F640010
:1058C00068506572696F640074506572696F640036
:1058D00070B500F007FE0446D0F82801544D70B1B1
:1058E000D4F8D8300BB94FF448635248007808B167
:1058F000012100E000212A884F4800F007F9D4F880
:105900002C0178B1D4F8DC300BB94FF448734B4814
:10591000007808B1012100E0002147482A881030B2
:1059200000F0F4F8464ED4F8300178B1D4F8E00035
:1059300010B9962000F09AF84249097801B1012186
:1059400003463D483268203000F0E0F8D4F83401D6
:1059500078B1D4F8E40010B9502000F087F83A4943
:10596000097801B10121034633483268303000F034
:10597000CDF8D4F8380168B13448D4F8E83000786C
:1059800008B1012100E00021314802682A48403076
:1059900000F0BCF8D4F8440178B1D4F8F43003B97D
:1059A0001E232C48007808B1012100E000212A487C
:1059B00002682148703000F0A9F8D4F84801E8B135
:1059C000D4F8F8302BB9254890F91930002B00DCB9
:1059D00000232348B0F90200002801DC002203E084
:1059E0000A21401D90FBF1F21E48007808B1012108
:1059F00000E000211048803000F088F8D4F84C0115
:105A0000002814D00C4C903400F06CFD2988A16063
:105A1000D0F8FC0000B94620E06013480078002868
:105A200005D0A078002802D10120A070E07070BDE0
:105A30004400002048020020D40400204902002035
:105A40007402002046020020470200204502002088
:105A50007802002028020020380200209C06002046
:105A6000D8020020FC0100201E0200200449098801
:105A700021B141436420B1FBF0F070470020704732
:105A80007E02002010B5FFF723FFBDE8104000F0B4
:105A900001B8000070B51349002000BF01EB0012EF
:105AA0009278CAB101EB0014E07808B1012500E05A
:105AB0000025D4E902232088294603F0F5FA48B9E5
:105AC0000020A070617921B11DB1074908702071D3
:105AD00000E02571012070BD401C0A28DED30020A3
:105AE00070BD0000D40400201E0200200020064BE0
:105AF000014600BF03EB0012401C9170D170117180
:105B000091600A28F6D37047D404002000280FD0F3
:105B1000C0E90223012200230029817809D011B1B4
:105B2000C17801B983700179002901D18270C270F6
:105B3000704711B1C17801B1837001790029F7D0A4
:105B40008270C3707047000010B5002801DA002091
:105B500007E0642801DD642001E0002801DD05493B
:105B6000487005490860F9F7C5FCBDE8104001F030
:105B7000C7BF0000240400200C0300202DE9FC41D5
:105B80000F46060007D0F8F767FF20B13046F8F758
:105B90001FFF002802DC0720BDE8FC81002484E010
:105BA00021463046F8F70EFF05000BD0F8F76DFFE1
:105BB00040B16B4601AA41A1284601F02DFC012805
:105BC00002D00AE00220E7E700980028E4D101981B
:105BD000012801D00620DFE7B8666B4601AA38A18C
:105BE000284601F019FC012806D100980028D3D1DD
:105BF0000198022854D2F8666B4601AA32A12846C1
:105C000001F00AFC012806D100980028C4D10198AF
:105C1000022845D238676B4601AA2DA1284601F01B
:105C2000FBFB01280AD100980028B5D1019840F269
:105C3000DD52A0F5FA71914232D278676B4601AA23
:105C400025A1284601F0E8FB01280BD10098002887
:105C5000A2D1019840F6B932A0F5D85158399142F5
:105C60001ED2B8676B4601AA1DA1284601F0D4FBDD
:105C7000012806D1009800288ED1019802280FD261
:105C8000F8676B4601AA17A1284601F0C5FB012859
:105C90000AD10098002896D10198B0F57A7F01D9F1
:105CA000032079E7C7F88000641C3046F8F790FEBF
:105CB000A0423FF775AF00206EE70000636E7300EF
:105CC00064696D5470000000706F6C6172000000B8
:105CD000646C6D7400000000756C6D740000000051
:105CE0007274690072745077720000002DE9FC41F3
:105CF00014460E465FEA000810D07EB174B1F8F782
:105D0000C4FE58B10020206001AB6A4656A140464F
:105D100001F082FB0125012803D00CE00420BDE83E
:105D2000FC8101980028FAD1009800287EDDFF2828
:105D30007CDA7071256001AB6A464CA1404601F0E7
:105D40006BFB42F2107701280DD101980028E6D1B3
:105D5000009800287FDDB8427DD882B210213046FD
:105D600000F02EFD256001AB6A4643A1404601F0DC
:105D700053FB01280DD101980028D0D100980028AC
:105D800069DDB84267D882B21221304600F018FDB2
:105D9000256001AB6A463CA1404601F03DFB01286D
:105DA0000FD101980028BAD10098002853DD4FF692
:105DB000FF7188424FDA82B21421304600F000FDB4
:105DC000256001AB6A4635A1404601F025FB01285C
:105DD0000CD101980028A2D10098B0F57A7F3AD86A
:105DE00082B21621304600F0EBFC256001AB6A461A
:105DF0002EA1404601F010FB012807D10198002890
:105E00008DD10098022826D23076256001AB6A46F3
:105E10002BA1404601F000FB012809D10198002880
:105E200095D10098802816D2707600E013E02560A6
:105E300001AB6A4626A1404601F0EEFA012802D0E5
:105E4000206870B10BE00198002896D100980028D6
:105E500001DDFF2801DB032061E7B077256000202A
:105E60005DE701205BE700004D4944005345545F66
:105E70004F5554435552000048574D41585F4F55B8
:105E800054435552000000004F55545055545F4341
:105E900055525F53454E534F520000004F505F50D4
:105EA000574D5F4F4646534554000000494E4E52F1
:105EB000455F54454D505F50524F5F454E000000C6
:105EC000494E4E52455F54454D505F50524F000071
:105ED000435800007CB50C4605000BD0F8F7D5FD03
:105EE00040B101AB6A461E49284601F095FA0128E7
:105EF00002D00BE004207CBD01980028FBD1194999
:105F00000098194A0144914225D2E065144901AB39
:105F10006A46091D284601F07FFA01280AD1019836
:105F20000028E8D1114900980E4A0144521C9142C0
:105F300011D220660A4901AB6A460831284601F0B1
:105F40006BFA01280AD101980028D4D1009800F1F9
:105F50000C01192901D303207CBD606600207CBDA3
:105F6000805201080095BA0A012A7515804A5D051C
:105F7000FFF7EABD7CB50C4605000BD0F8F785FDB0
:105F800040B101AB6A461D49284601F045FA012897
:105F900002D009E004207CBD01980028FBD10098C4
:105FA000022825D2C4F88400144901AB6A46091DB1
:105FB000284601F031FA01280AD101980028EAD1D7
:105FC000009919B1A1F10A005B2811D2C4F8881018
:105FD0000A4901AB6A460C31284601F01DFA012836
:105FE0000AD101980028D6D10098411E1E2901D35C
:105FF00003207CBDC4F88C0000207CBD3057010814
:10600000002802D0103000F001B870473EB570B1E2
:10601000017861B1694601F0C5FD002808D00C483F
:10602000007A012805D0684603F0D8FC0DE0002076
:106030003EBD684603F018FB0446054803F014FB18
:10604000201A00D540421E28EDDC01203EBD000094
:10605000880600202DE9F0418AB00C46060029D0C0
:10606000F8F713FD30B3304637A10DF10408F8F707
:10607000CBFC07004FF0000513D0F8F70FFDE8B197
:106080003969D9B11F224046F2F7D1F88DF8235073
:106090001F2201A904F190000095F2F7C8F884F8D6
:1060A000AF506B4609AA2AA1304601F0B5F9012884
:1060B00007D011E004200AB0BDE8F0810220009072
:1060C000F9E700980028F6D10998002835DDB0F5E9
:1060D000803F32DAC4F8B0006B4609AA1EA13046F0
:1060E00001F09AF94FF4E165012807D100980028E2
:1060F000E1D10998A84220D8C4F8B4006B4609AA97
:1061000017A1304601F088F9012807D1009800282E
:10611000D1D10998A84210D8C4F8B8006B4609AA92
:1061200011A1304601F078F901280AD10098002821
:10613000C1D10998B0F5E15F01D90320BBE7C4F8EC
:10614000BC000020B7E700007376724970000000C1
:10615000737672506F72740075506572696F640067
:1061600068506572696F640074506572696F64008D
:1061700070B50C46054600F05DFB030003D01878AF
:1061800008B105A201E0064B06A221462846BDE85B
:106190007040F7F7DBBA000025730D0A000000001D
:1061A00004310020687474703A2F2F34372E313246
:1061B000302E31352E3232303A3838382F646F77FE
:1061C0006E6C6F6164732F25730D0A003EB50C462B
:1061D000054601F0BDFA70B100F1300100F1200276
:1061E0001030CDE900020291002304A22146284686
:1061F000F7F7ACFA3EBD4FF0FF303EBD41542B5196
:106200004D54434F4E4E3D25642C222573222C22A3
:106210002573222C222573220D0A00007CB50C4622
:10622000054600F05FF950B1D0F8B020002A01DC3B
:1062300040F25B7290F8901021B1903003E04FF083
:10624000FF307CBD04A0CDE90002002306A2214658
:106250002846F7F77BFA7CBD34372E3132302E31A9
:10626000352E32323000000041542B514D544F50E6
:10627000454E3D25642C222573222C25640D0A00F1
:106280007CB50C46054601F063FA50B101213D3062
:10629000CDE90001002304A221462846F7F756FA6B
:1062A0007CBD4FF0FF307CBD41542B514D545355B4
:1062B000423D25642C312C222573222C25640D0AA5
:1062C000000000007CB50C46054601F041FA50B1D3
:1062D0000121B530CDE90001002304A22146284662
:1062E000F7F734FA7CBD4FF0FF307CBD41542B51A1
:1062F0004D545355423D25642C322C222573222CBB
:1063000025640D0A0000000002480021C17281646A
:10631000C16470472404002070B50546F8F7CEFA32
:10632000040002D1284600F023F8204670BD70B565
:106330000546F8F7FFFA040002D1284600F018F8E5
:10634000204670BD1CB5074CA078012808D006482F
:106350000090064801906846F8F75AFB0120A070AB
:106360001CBD0000240400206DCD000869CD00088C
:1063700010B5064CE178012907D000B904A0014608
:1063800005A0F9F7C9F80120E07010BD2404002031
:10639000634A534F4E000000545820506F6F6C20DA
:1063A0004578686175737465643A2025730D0A0039
:1063B00010B5FFF7C7FF0548034981624FF48051CC
:1063C000C1620021016310BDD03C002024040020E4
:1063D00010B5FFF7B7FF0648044981624FF48051BA
:1063E000C16200210163C17010BD0000D04C0020CB
:1063F0002404002070B51D461646F8F705FB04007E
:106400000ED0F8F74BFB00280AD02169002907D0ED
:106410006A1E3046F1F70BFF0020711901F8010CDC
:1064200070BD0000F0B585B017460E46040033D0AD
:10643000FFF7CEFF19A0FFF77AFF05002CD014213B
:10644000684600F0FBF9224616A12846F8F71EFA26
:106450006A4615A12846F8F719FA04F1240213A197
:106460002846F8F713FA04F12C0211A12846F8F790
:106470000DFA04F134020FA12846F8F707FA46B1E5
:106480003846F2F7B9FB02460B460BA12846F8F74F
:10649000E3F9284605B0F0BD0020FBE7726F6F748A
:1064A00000000000534E0000544D00005356000001
:1064B00049440000435400004552000010B5040058
:1064C0000BD002F013FD002806D04FF4A87221462D
:1064D0000348F1F75FFE012010BD002010BD000051
:1064E000085D002000487047085D002070B5F6B0D8
:1064F000154800F083F8144E6946144802F0D8FCA1
:1065000004463BA9124802F0D3FC124D012C02D0E4
:10651000012808D015E0012803D13D99029888424E
:1065200001D36C4600E03BAC5CB12146304602F042
:106530006DFDA068286076B00348BDE8704000F0AB
:1065400011B80020F6E70000085D002000580008A0
:106550000070000894050020014800F003B8000016
:10656000085D00202DE9F041002821D044300021B1
:10657000142704460F4E0B46152207E0A5F1300CF8
:10658000BCF1090F01D84554491C5B1CF55C1DB1D9
:10659000914201DAB942F1DB00226254F1F75DFE6B
:1065A000002805D12046BDE8F04103A1F1F777BEF0
:1065B000BDE8F081E31B0020303030303030303027
:1065C000303030303030303030303030000000008B
:1065D00000B5D5B0684600F011F8684602F086FCB8
:1065E000002806D04FF4A87269460348F1F7D2FD9F
:1065F000012055B000BD0000085D00202DE9F041EC
:1066000004464FF4A871F1F7ECFD64253CA1201D70
:106610002560F1F744FE3DA104F11400F1F73FFEBF
:106620000126C4E90B563DA104F13400F1F737FE11
:106630002046FFF797FF3D48E06580102066082060
:1066400060660025C4E91A654FF47A70C4E91C50ED
:1066500042F22830C4E91E0504F18001C820502709
:1066600081E8C1000520C4F88C001F2230A104F18C
:106670009000F1F7DCFD40F25B7044F8B00F4FF48E
:106680009670606004F108023C204FF4616182E87A
:10669000430041F27071C4E907100A2060624FF4B0
:1066A0004860A0624FF425602065C4E905654FF499
:1066B0004870A667E062E667C4F880604FF44D70EA
:1066C0002563C4E915056563E565A5632566E5638E
:1066D000C4F884606566C4E9226525641E20A56649
:1066E0006064C4E92456C4F898601420A564C4E921
:1066F0001B0567674620C4F89C60E064BDE8F08134
:106700004D532D534C432D30310000006958372D27
:1067100030373553433032382D3447004243323816
:10672000474A41523031413031000000000E270706
:1067300034372E3132302E31352E323230000000D7
:1067400070B50C4605002FD074B300F077FCE8B9A3
:106750002146284600F0F4FCC0B92146284600F046
:1067600039FA98B92146284600F0CAFB70B921468B
:10677000284600F0D5FD48B92146284600F01EFB0A
:1067800020B92146284600F0A3F808B1012070BDC9
:1067900004F1340008A10546F1F766FD30B107A108
:1067A0002846F1F761FD08B1002070BD01212046A7
:1067B00002F040FDEAE70000570000005200000030
:1067C000130A43540844427070472DE9F0411D46B6
:1067D00016460F46040023D03821F1F702FD00F0E1
:1067E000B7FF01001CD00F222046F1F720FD142135
:1067F00004F1100000F022F80722394604F12400C9
:10680000F1F715FD0722314604F12C00F1F70FFDD9
:10681000294604F13400BDE8F0410322F1F707BD39
:10682000BDE8F08102480068642800D96420704700
:106830000C030020004870470D3C0020F0B5164CBA
:10684000064685B0207A0D4601281AD1E38840F229
:10685000E470834215D3607998B10C2811D821795E
:1068600079B11F290DD822786778A478CDE9037211
:106870008DE8130009A229463046F6F767FF05B0F8
:10688000F0BD6A1E0DA13046F1F7D1FC0020711950
:1068900001F8010CF3E7000088060020253034647D
:1068A0002D253032642D2530326420253032643A73
:1068B000253032643A2530326400000032303236FE
:1068C0002D30342D30322030383A33303A333000E6
:1068D0002DE9F04FD7B00C46050018D0BCB1ACA1E3
:1068E00004F12400F1F7C0FC88B9ABA12846F8F701
:1068F0008BF8054604F13400A8A10646F1F7B4FC74
:1069000048B1A7A13046F1F7AFFC00287CD00020A9
:1069100057B0BDE8F08F002D77D0A2A12846F8F738
:1069200073F85FEA0008F7D0F8F796F80028F3D07C
:106930004046F8F74DF8002867DDFFF7D3FD549087
:10694000002201212046FFF76DFD5FEA000A18D002
:1069500091A0FFF7ECFC050018D002468EA150462E
:10696000F7F770FFF7F7AAFF06000FD002468DA1D8
:106970002846F7F767FF4046F8F72AF8074600254C
:1069800058E00C21204602F0F9FD66E05046F7F78A
:10699000F5FFF6E729464046F8F714F85FEA0009E4
:1069A00047D0F8F769F888B34846F8F71FF8F2F7C8
:1069B0006EF9A0F51C5010380A283AD28346F7F732
:1069C000B9FF5FEA000934D042F210710BEB01000D
:1069D000F2F712F902460B4674A14846F7F73CFF5E
:1069E000549800EB8B0BDBF8D800F2F705F9024660
:1069F0000B4670A14846F7F72FFFDBF80001F2F7CE
:106A0000FBF802460B4602E029E037E011E06CA1FA
:106A10004846F7F721FFDBF82801F2F7EDF80246C8
:106A20000B466AA14846F7F717FF49463046F7F785
:106A300007FF6D1CBD42ADDB3046F7F7C9FF0028EC
:106A400003DC5046F7F79AFF47E00021504602F07A
:106A500067FF10B15046F7F791FF012058E76DB17D
:106A600050A12846F7F7D0FF060007D0F7F7F4FF4C
:106A700020B13046F7F7ACFF002801DC052181E7A3
:106A8000FFF730FD01464FF4A8726846F1F782FB2C
:106A90003046F7F79DFF07460025E9466DE0294699
:106AA0003046F7F78FFF5FEA000856D0F7F7EDFFA3
:106AB000F0B33EA14046F7F7A7FF5FEA000A4CD0CB
:106AC000F7F7DAFFA0B35046F7F790FFF2F7DFF8D9
:106AD000A0F51C5010380A2801D3042152E709EB15
:106AE0008000824650F8D81F5591D0F828B0DAF8C7
:106AF000280154902FA14046F7F786FF569040B1E9
:106B0000F7F7BAFFA0B15698F7F770FFF2F7BFF8A2
:106B100055902BA14046F7F777FF569050B1F7F705
:106B2000ABFF28B15698F7F761FFF2F7B0F800E035
:106B300013E0834625A14046F7F766FF5FEA0008A9
:106B400012D0F7F799FF18B94046F7F78EFF20B13A
:106B50004046F7F7ACFF28B901E0022112E7D8F868
:106B6000140000B1012054905598CAF800B1CAF839
:106B7000D80054986D1CCAF82801BD428FDB6846C6
:106B8000FFF79CFC08B10021FCE66321FAE6000057
:106B9000616C616D00000000445400005200000070
:106BA00057000000616C6D7300000000616C6D495E
:106BB00064000000616C6D56616C7565000000003A
:106BC00072656356616C756500000000616C6D450F
:106BD0006E0000002DE9FC470D4604000CD05DB1AD
:106BE00067A105F12400F1F73FFB28B966A105F183
:106BF0003400F1F739FB10B10020BDE8FC8763A138
:106C00002046F7F701FF07001AD0F7F73EFFB8B1AB
:106C10005FA13846F7F7F8FE5E4C06004FF001081A
:106C200023D0F7F73BFF00B33069F0B15AA1F1F779
:106C30001BFB38B15AA13069F1F716FB48B112E0DD
:106C4000052197E00021284602F098FC84F8058091
:106C500093E00021284602F091FC84F80A80F5F7C1
:106C600005FF606489E0012184E04FA13846F7F711
:106C7000CBFE060027D0F7F7FFFE20B17469072C82
:106C800003D3032176E0022174E0022CEBD0032C25
:106C9000E9D0042CE7D01CB1012C01D0062C06D180
:106CA000FFF796FC30B1FFF72FFB02F0D5FC052C67
:106CB00002D006E063215DE03D48002140F89C1FC2
:106CC000C180002156E03BA13846F7F79DFE5FEA00
:106CD00000093FD0F7F7C0FE0028D4D04846F7F7A8
:106CE00077FE061E01DC072144E000270AE0394652
:106CF0004846F7F767FE01AA694602F023FF010044
:106D000038D17F1CB742F2DBFFF78CFD82460027AB
:106D10001DE039464846F7F755FE01AA694602F0DC
:106D200011FF010026D10098FEF70EFF0198002800
:106D300002DCFFF7E9FA09E04FF47A714843C4E94D
:106D4000130AF5F793FEA06484F80B807F1CB7420A
:106D5000DFDBB6E76946384600F0B4FF10B105281E
:106D600006D006E0FFF7D0FA0098FEF7EDFEA8E7A0
:106D700001200146284602F001FC01203DE7000009
:106D80006374726C0000000057000000445400005F
:106D9000444F000024040020706174726F6C000086
:106DA0007265626F6F740000726573746F72650054
:106DB00064000020636E4374726C00002DE9F043A0
:106DC00091B00F4604000CD05FB142A107F124003E
:106DD000F1F74AFA28B940A107F13400F1F744FA73
:106DE00018B1002011B0BDE8F0833CA12046F7F7B0
:106DF0000BFE80B13AA1F7F707FE05000BD0F7F7BD
:106E00004DFE40B1286930B1072236A1F1F750FAA2
:106E100018B15B2157E0052155E02869F1F71DFA0B
:106E2000C028F6D23148007830B9F5F7BDFA01280C
:106E300002D02F48007808B10C2144E028694FF0B7
:106E40000009E8460028E4D02F21F1F740FA0400B9
:106E5000DFD060780028DCD03F21601CF1F7F3F927
:106E600010B1061B761E03E0601CF1F7F6F906462A
:106E7000002ECEDD402ECCDA3246611C4046F1F7C2
:106E800089F94C4608F80690072207F12C011948A9
:106E9000F1F7CDF91748C4712969174DC1B1BF2267
:106EA0002846F1F7C4F985F8BF4000BF4FF4807160
:106EB0001248F1F796F9FF2269461048F1F7B7F941
:106EC000FCF71CFA0021384602F058FB012089E744
:106ED0002C70EBE76F746100570000004454000011
:106EE00075726C00687474703A2F2F001E030020B6
:106EF00066030020840400200D3C002004310020A3
:106F00002DE9F043ADF5257D0D46040012D08DB17D
:106F100043A105F12400F1F7A7F958B905F13400B0
:106F200041A10646F1F7A0F948B140A13046F1F77A
:106F30009BF920B100200DF5257DBDE8F0833CA133
:106F40002046F7F761FD040018D0F7F79EFDA8B1C1
:106F500036A13046F1F788F990B136A12046F7F70F
:106F600053FD5FEA00084DD0F7F776FD80B140464B
:106F7000F7F72EFD061E0DDC07214CE005214AE047
:106F80002946204601F020FA010044D10120D2E731
:106F9000022140E000210C46894630E0214640466F
:106FA000F7F710FD0700F3D0F7F766FD0028EFD0E4
:106FB0007F69781E082801D303212CE001F0B4F882
:106FC00007EB071000EB87171B48384410F8450CF7
:106FD000012801D001211EE04FF4257216496846B0
:106FE000F1F7D8F869463944684601F8459C01F044
:106FF000C5FE012801D00A210DE04946641CB442B7
:10700000CCDB08E006A12046F7F7FEFC0028B5D04F
:1070100001F000FF0146284602F00CF9B6E7000037
:10702000706C616E0000000057000000520000000C
:107030004454000064656C00585E00202DE9F04760
:107040000D4604000CD05DB137A105F12400F1F725
:107050000BF928B936A105F13400F1F705F910B1A3
:107060000020BDE8F08733A12046F7F7CDFC90B1B2
:1070700031A1F7F7C9FC5FEA00080CD0F7F7ECFC88
:1070800048B14046F7F7A4FC002806DC0721284653
:1070900002F074FA46E00521F9E7002201212846B2
:1070A000FFF7C0F95FEA00090BD022A0FFF73FF914
:1070B000070008D002461FA14846F7F7C3FB00248B
:1070C0001FE00C21E3E74846F7F758FCF9E72146B3
:1070D0004046F7F777FC06000DD0F7F7DFFC50B11C
:1070E000316941B13846FEF7F7F848B14846F7F73D
:1070F00045FC0121CBE74846F7F740FC0221C6E7F3
:10710000641C4046F7F764FCA042E0DC00214846DE
:1071100002F006FC18B10C21284602F0EFFB4846AD
:10712000F7F72CFC01209CE770726F7000000000E4
:10713000520000004454000070726F707300000031
:107140002DE9F04FFBB0894604000ED0B9F1000FD5
:107150000BD065A109F12400F1F786F828B964A1E4
:1071600009F13400F1F780F818B100207BB0BDE8D8
:10717000F08F60A12046F7F747FC5FEA000A2BD0AA
:10718000F7F783FC40B35CA15046F7F73DFC04469B
:107190005AA15046F7F738FC804659A15046F7F7F8
:1071A00033FC074658A15046F7F72EFC064657A178
:1071B0005046F7F729FC054655A15046F7F724FC41
:1071C0008246002004B10120B8F1000F00D0012058
:1071D00007B101203EB901E005217EE01DB9BAF1F9
:1071E000000F00D178B14FF4A8724B496846F0F710
:1071F000D1FF44EA08003843304300D001207A90A0
:107200001EB1012002E0012167E0002079900DB15C
:10721000012000E0002083464049802254A8789154
:10722000F0F7B8FF002077902CB169462046FEF7B2
:1072300051FE010051D1B8F1000004D06946FEF7BB
:107240009DFC010049D12FB169463846FEF792FEF8
:10725000010042D12EB169463046FEF7FBFE010027
:107260003BD145B1284674AC00F0B6F868B1214670
:1072700000F098FC58B1BAF100000AD077AA54A9DE
:10728000FEF734FD010028D103E0022125E00321AF
:1072900023E07A9868B1684601F028FE10B34FF4F5
:1072A000A87269461C48F0F775FF799808B102F09A
:1072B000D3F9BBF1000F02D074A802F08FFB7798CE
:1072C00050B1802254A97898F0F764FFF8F764FB76
:1072D000FCF758FEFCF7C2FF0021484602F04EF9C9
:1072E000012043E76321F8E770726F70000000002F
:1072F00057000000445400004769730044696D0062
:1073000053656E736500000053767200525443005B
:10731000466163746F727900085D00207C00002074
:1073200070B50C4605000CD05CB113A104F124002B
:10733000F0F79AFF28B912A104F13400F0F794FF96
:1073400008B1002070BD0FA12846F7F75DFB60B1C2
:107350000DA1F7F759FB40B100F03EF8FEF756FEDD
:10736000F5F784FB0A49086203E00121204602F098
:1073700005F9012070BD00007271737400000000F7
:107380005200000044540000546D43616C690000D9
:10739000240400200021425C303A0A2A04D2491C0D
:1073A0000F29F8DBC07B08B100207047012070472F
:1073B0004FF4C87190FBF1F201FB120149B1642155
:1073C00090FBF1F201FB120109B1800701D000200E
:1073D000704701207047000010B5040015D0F7F782
:1073E0005DFB10B12069002810D12046F7F74DFB56
:1073F00058B107A12046F7F707FB040005D0F7F7BF
:107400004DFB10B12069002800D1002010BD000004
:1074100074696D65000000002DE9F0411D461646B7
:10742000F7F7F2FA040005D0F7F726FB002720B1A2
:1074300060690BE00020BDE8F0812046F7F715FBFE
:1074400040B12046F7F733FB00B1012030602F60D8
:107450000120F0E702202860FAE70000002803D0AE
:10746000014602A0F8F758B8704700005A4B202593
:10747000732073656E64206661696C65642C20728C
:1074800065747279206C617465720D0A00000000E9
:1074900070B594B00D46064600F05AF94FF0FF342F
:1074A000002828D000F006FA034614A2082112A8EA
:1074B000F6F74CF9072212A91248F0F7B8FE114965
:1074C000002011A3C87112AA10A104A8FFF77DF92A
:1074D0009DF8100078B111A80FA90DAA08ABCDE94D
:1074E0000032CDE9021004AB0AA229463046F6F775
:1074F0002DF914B070BD2046FBE700002530366C36
:10750000750000007C040020480000007265707463
:10751000000000007B22534E223A222573222C22A7
:10752000544D223A222573222C225356223A2225E8
:1075300073222C224944223A222573222C224354BE
:10754000223A222573227D0070B5A6B00D4606466C
:1075500000F0FEF84FF0FF34E8B326A326A228A1DE
:1075600018A8FFF732F99DF86000A0B3FEF7F4FF0A
:10757000FEF7B8FF78B380300DF1500C90E81E0094
:107580008CE81E0010380DF1400C90E81E008CE8CD
:107590001E0010380DF1300C1EC88CE81E0050F88B
:1075A000401C0DF1200C50F8144CA0F12C03A0F15C
:1075B0003C028CE81E0050F8442CA0F15C0150F80D
:1075C000700C403BCDE90403CDE9061225A823A9A0
:1075D00021AA1CAB00E00BE0CDE90032CDE902109E
:1075E00018AB094A29463046F6F7B0F826B070BD08
:1075F0002046FBE74C0000003030303030310000D6
:107600007265707400000000BCA4010810B504008D
:1076100007D000F09DF8010003D02046F0F724FECB
:1076200008B1002010BD012010BD000070B504009D
:1076300020D0144E307802281CD100F089F80500C3
:1076400018D094F82C0050B106F15800007830B1F1
:1076500006F1580104F12C00F0F706FE50B90AA11A
:1076600004F13400F0F700FE20B929462046F0F777
:10767000FBFD08B1002070BDF5F7F8F9B0610120FD
:1076800070BD0000240400204800000070B5040014
:107690001BD0134E3078012817D100F059F805009F
:1076A00013D010A104F13400F0F7DEFD68B92946CB
:1076B0002046F0F7D9FD40B994F82C0038B10AA162
:1076C00004F12C00F0F7D0FD08B1002070BDF5F7F3
:1076D000CDF90221317002F02DFA012070BD0000B9
:1076E000240400204C0000003030303030310000E5
:1076F0002DE9FC410D0004461DD0F4B1FFF74AFE10
:10770000D8B105212046F7F729FEC04386B20521EE
:10771000601DF7F723FEC04387B2052104F10A007C
:10772000F7F71CFEC04383B205A20D212846CDE920
:107730000067F6F70BF8BDE8FC8100202870FAE737
:107740002530345825303458253034580000000096
:10775000044810B5007818B900F00EF8002800D0E1
:10776000004810BD0833002010B5FFF7F1FF0028D6
:1077700000D0653010BD0000F0B585B0FEF7E2FD29
:1077800000250F2701950295039501AC324E28463E
:107790002A463946049507E0A3F1300CBCF1090FE5
:1077A00001D82354401C521CB35C1BB1884201DA3F
:1077B000B842F1DB25542046FFF7ECFD40F20511FD
:1077C000002843D02548F0F70CFD01A92348F0F725
:1077D00066FD224801A91030F0F761FD1F4801A99C
:1077E0002030F0F75CFD1D4901A83031FFF780FF24
:1077F0001A4801AC1AA31BA228213D300094F5F7CA
:10780000A5FF164816A31BA2282165300094F5F7A2
:107810009DFF124812A31BA228218D300094F5F77A
:1078200095FF0E480EA31BA22821B5300094F5F752
:107830008DFF0A480AA31BA22821DD300094F5F72A
:1078400085FFFEF753FE012005B0F0BD257003480B
:10785000F0F7C7FC0020F7E7C41B00200833002026
:107860004D53000025732F25732F706C743264659F
:107870007600000025732F25732F64657632706CB7
:107880007400000025732F25732F6F66666C696E78
:107890006500000025732F25732F706370326465B7
:1078A0007600000025732F25732F64657632706390
:1078B000700000000548064B416A8A1E9A4201D3B7
:1078C000022100E0491C4162084670472404002060
:1078D0003D420F0005488189491C0904090C81813A
:1078E00001D10121818188B2704700002404002069
:1078F0000A49002001F15802087048618861C86196
:1079000008621070083210700871486348718871FD
:10791000C871087248728872FEF7E8B82404002023
:107920002DE9F047F5F7A2F80746FEF7DBFD060064
:107930006FD0624C0025E07A012808D1D4E9120109
:10794000F5F79AF818B1E572206DFEF7FDF8D6F854
:10795000B400002801DC4FF496704FF47A7100FBFC
:1079600001F9D6F8BC00002801DC4FF46160D6F8BC
:10797000B8604FF47A7100FB01F8002E00DC3C2661
:107980004FF47A704643A07A012812D14FF4FA716D
:10799000606CF5F771F860B1BFF34F8F484801682C
:1079A000484A01F4E06111430160BFF34F8F00BF0B
:1079B000FDE72078012813D0D0B1022829D1FEF7A5
:1079C00061F8012825D0207A012815D0E079012816
:1079D00019D0A07901281ED02079012823D029E0D0
:1079E00047F230516069F5F747F8002811D025704B
:1079F000BDE8F04701F050BC206C01F071FC00289C
:107A000007D1257204E0E06B01F0D8FC002800D11A
:107A1000E571BDE8F0872C48A16B01F0BDFD0028A1
:107A2000F7D1A571F5E740F6B831606BF5F724F8AA
:107A30000028EED0607901280DD02079012816D0D9
:107A40004946E069F5F718F8C0B120A001F03CFD07
:107A500058B11FA028E0FAF70BFF0128D9D11BA0CD
:107A600001F032FD0028D4D16571E761D1E71CA097
:107A700001F02AFD0028CCD12571CAE74146206AD1
:107A8000F4F7FAFF30B101F09BFD08B115A00BE04F
:107A90002762BEE73146A069F4F7EEFF40B101F07E
:107AA000D9FB0028B5D013A0BDE8F047FFF7D6BC3E
:107AB0003846BDE8F04701F09FBF000024040020D5
:107AC0000CED00E00400FA05D05C0020430000004B
:107AD0006379636C6963207265706F727400000073
:107AE0004200000074696D6520726571756573747C
:107AF00000000000686561727462656174000000D6
:107B000010B5034C01202071F4F7B0FF606310BD85
:107B10002404002070B50C4605004FF0FF3634D029
:107B200094B338212046F0F75CFB1023224618A1BD
:107B30002846FEF75FFC142304F1100215A1284625
:107B4000FEF758FC082304F1240213A12846FEF78F
:107B500051FC082304F12C0210A12846FEF74AFC30
:107B6000042304F134020EA12846FEF743FC2078DA
:107B700050B194F8240038B194F82C0020B194F856
:107B8000340008B1002070BDFFE73046FBE700007D
:107B9000534E0000544D000053560000494400006D
:107BA0004354000030B58BB00C46F0B1ECB108ADD9
:107BB00007AB06AA05A98DE82E0004AB09AA19A1F6
:107BC000F0F796FB062810D10498401E0C280CD222
:107BD000059850B11F2808D80698172805D8079887
:107BE0003B2802D808983B2802D900200BB030BDB2
:107BF0000020206060602081099880B2E0800499B4
:107C0000C9B26171059AD2B22271069BA370079B1B
:107C10006370089B2370F2F730F8401CE07001207D
:107C20002072E3E7253034752D253032752D25304F
:107C3000327520253032753A253032753A2530328A
:107C4000750000002DE9F05F14468B468046002049
:107C5000DFF86890054602278246206059F8251013
:107C60005FEA08000FD071B1F6F7CEFE06000AD029
:107C7000F6F702FFF0B17169CBF80010C4F800A06C
:107C80000120BDE8F09F6D1C062DE7DB0CA14046EE
:107C9000F6F7BAFE05000FD0F6F7DEFE50B1002170
:107CA0002846F6F78FFE050006D0F6F7EEFE08B17F
:107CB000A846CCE72760E3E70020E2E7A404002021
:107CC00044696D00FEB50D4606466A4601A9FFF7F8
:107CD000B9FF04460098002807D16A4602A9304639
:107CE00000F028F8009909B10846FEBD012802D12C
:107CF0000299022904D2012C04D10199652901D3EA
:107D00000320FEBD012801D1029929B1012C05D023
:107D1000012805D00520FEBD002005E0019803E004
:107D20000348407800B9642028600020FEBD0000B0
:107D3000240400202DE9F05F4FF00008DFF8A4A034
:107D400015460E46834644464FF00209C2F80080AD
:107D50005AF824105846F6F757FE070011D0F6F7E8
:107D600084FE0028384604D0F6F7A1FE88BB3060B8
:107D70002CE0F6F781FE08B17869F8E7C5F80090C5
:107D800024E0641C062CE3DB17A15846F6F73CFE02
:107D9000040024D0F6F782FE0028EFD020690028E6
:107DA000ECD013A1F0F760FA98B112A12069F0F7B6
:107DB0005BFA70B110A12069F0F756FA60B10FA11B
:107DC0002069F0F751FA38B1032028600120BDE89E
:107DD000F09FFFE70120CAE7C6F80080F6E7002021
:107DE000F5E70000BC0400207374617465000000B6
:107DF0006F6E00004F4E00006F6666004F464600F3
:107E000000B5ADF5257D694600F058FB0DF5257DE3
:107E100000BD000070B50446F6F750FD050010D017
:107E2000024612A12046F6F70DFD114E002400BFB8
:107E300004EB041000EB84103044017B012903D0D3
:107E40000EE04FF0FF3070BD417B012908D1807BEF
:107E5000F0F7E3FEF6F73EFD01462846F6F7F0FCA4
:107E6000641C082CE4DB002070BD00006E69640017
:107E7000585E002010B50446084600F013FE0200CC
:107E800005D004A12046F6F7DDFC002010BD4FF020
:107E9000FF3010BD706C616E0000000070B586B0E0
:107EA000064604A903A801F0D5FD4FF0FF35B0BB8D
:107EB000F6F704FD040033D003983C2580B2B0FBF4
:107EC000F5F1B0FBF5F305FB1101009115A20621B8
:107ED00001A8F5F73BFC01A8F6F738FD014620465E
:107EE000F6F7AEFC04980FA281B2B1FBF5F0B1FB3E
:107EF000F5F305FB10100090062101A8F5F726FC0C
:107F000001A8F6F723FD01462046F6F799FC224624
:107F100007A13046F6F796FC002006B070BDFFE7DB
:107F20002846FAE7253032753A25303275000000D0
:107F300073720000024610B55A2000214FF42573D9
:107F400003E0082904D0092902D0545C204480B2FF
:107F5000491C89B29942F4D310BD000006480021A3
:107F6000C180417081704FF6FF710181FF21C170A6
:107F700001714171704700009805002010B5038819
:107F80000C884FF0FF32A34201D01DD31EE083784E
:107F90008C78A34201D017D318E0C378CC78A342E1
:107FA00001D011D312E003790C79A34201D00BD395
:107FB0000CE043794C79A34201D005D306E08079E7
:107FC0008979884205D001D2104610BD4FF00100DA
:107FD00010BD4FF0000010BD10B583788C784FF0C5
:107FE000FF32A34201D017D318E0C378CC78A34264
:107FF00001D011D312E003790C79A34201D00BD345
:108000000CE043794C79A34201D005D306E0807996
:108010008979884205D001D2104610BD4FF0010089
:1080200010BD4FF0000010BD0749CA8802804A7990
:1080300082700A79C2708A7802714A78427109782E
:1080400081710021C1717047880600202DE9F0413F
:108050000E46B0F8091000F10904A1F57F4200F1C5
:108060001107FF3A214630460CD0FFF787FF002862
:108070001ADB39463046FFF781FF002814DC012067
:10808000BDE8F081FFF7A8FF054639463046FFF707
:10809000A3FF064639462046FFF79EFF002805DC71
:1080A000002D01DB002EEADD0020E9E7002DE6DAF5
:1080B000F8E7000030B502884FF6FF74A24203D003
:1080C000A2F2E471502927D281784B1E0C2B23D2C7
:1080D000C3780BB3022910D1A2420ED04FF4C8745A
:1080E000B2FBF4F504FB1524C4B16424B2FBF4F52F
:1080F00004FB15240CB1920710D00A4A114411F860
:10810000011C994208DB0179172905D841793B29DF
:1081100002D880793B2803D9002030BD1D21F0E72B
:10812000012030BD30A2010803480078012801D0A9
:1081300001F048BD70470000980500202DE9F04F80
:1081400087B00C46050041D0002170482960A98005
:10815000027A012A3AD1C28840F2E4739A4235D3B6
:10816000427992B30C2A31D8027972B31F2A2DD8E2
:108170008278172A2AD840783B2827D80191009185
:10818000694601A801F066FC20B30020049002A813
:10819000FFF74AFF9DF80C009DF80D10C0EB001092
:1081A00001EB8000DFF868B10026A4F101094FF46B
:1081B000B467059006EB061000EB861101EB0B048B
:1081C00014F80C0F01284AD106E0FFE7002007B0A1
:1081D000BDE8F08F0120D9E7607801283FD1E07831
:1081E000012801D002283AD102A92046FFF72EFF2C
:1081F000A8B3E078012802D002280ED00FE043484F
:108200000721C078401DB0FBF1F201FB120062793A
:10821000012181400A4202D16DE00498F8B10022A8
:1082200064E000BFC2EBC20004EB80031933B9F174
:10823000010F05D81978012000FA09F0014254D045
:1082400000214DE003EB810000F1040AE0780228F0
:1082500002D15878012803D0BAF8000016E04AE0AD
:108260004FF0000C604605E003EB8008401CB8F8B6
:108270000480C4448842F7DBDDF8008094F90700ED
:10828000C444604402E000BF00F5B4600028FBDB9A
:1082900002E000BFA0F5B460B842FBDADDF814C01C
:1082A0001FFA80F8E04508D0401C80B2B0FBF7FC14
:1082B00007FB1C0C0598844511D1287820B1207942
:1082C00095F804C060450AD901202870A07868702C
:1082D000207928719AF802006871AA70E970491C27
:1082E0009878884201DD0629ACDB521CA0799042C7
:1082F00001DD022A96DB761C082EFFF65BAF28789C
:1083000000283FF464AF012061E7000088060020E8
:10831000585E0020F0B5B0F800C016460F468279CE
:1083200045790479C1788378ACF57F4E85B0BEF18C
:10833000FF0E0CD0CDE900310294CDE90352634623
:1083400008A231463846F5F701FA05B0F0BDCDE98F
:108350000252CDE900140BA231463846F5F7F6F982
:10836000F3E70000253034752D253032752D25308A
:10837000327520253032753A253032753A25303243
:1083800075000000464646462D253032752D2530B5
:10839000327520253032753A253032753A25303223
:1083A0007500000070B51546F6F72EFB040006D0E8
:1083B000F6F762FB28B160692860002070BD0520D7
:1083C00070BD022070BD00002DE9FC410E4607463D
:1083D000FFF7AAFE30A13846F6F716FB2F4D040032
:1083E00018D0F6F749FB002842D06169481E0228E0
:1083F00039D26846FFF7A2FE9DF8000038B19DF81B
:10840000010000EB001101EB801042193DE0002259
:10841000114616E022A13846F6F7F6FA040015D008
:10842000F6F73CFB20B3206910B31EA1EFF71CFF49
:1084300028B11DA12069EFF717FF20B123E01B49E8
:108440000022304624E000221949FAE719A13846F3
:10845000F6F7DAFA040009D0F6F70EFB40B16069CE
:10846000411E082906D30320BDE8FC810520FBE757
:108470000220F9E700EB001101EB8010421912F81D
:10848000450C012801D00120EEE70B493046453A62
:1084900000F0F9FAE8E700006E6F7700585E002000
:1084A000444F00006E69640073720000157E01087D
:1084B0009D7E010869640000757E010870B54FF467
:1084C00025750C462A46F7F7EFFC34B120680949B8
:1084D000884202D1A088022801D0002070BDE08827
:1084E000A842FAD12046FFF725FD21898842F4D120
:1084F000012070BD4C504B5A2DE9F04789461CA114
:10850000F6F782FA5FEA00080AD0F6F7A5FA08B390
:108510004046F6F75DFA041E04DC0720BDE8F0874C
:108520000520FBE7022C01DD0620F7E70026354693
:108530004FF0010A15E029464046F6F743FA0700D6
:1085400008D0F6F799FA28B17869401E022803D3BB
:108550000320E3E70220E1E70AFA00F13143CEB25B
:108560006D1CA542E7DB89F800600020D6E700001B
:10857000636E7300F8B50D46040054D0002D52D040
:10858000EFF76BFE13284ED120792D284BD1E079DF
:108590002D2848D1A07A202845D1607B3A2842D1A5
:1085A000207C3A283FD10020286068606E46042273
:1085B00023A12046EFF77CFEC0B1002108466FF0F2
:1085C0002F03225CA2F130070A2F2CD201EB81018C
:1085D00003EB41011144401C89B20428F1DB3180D6
:1085E000A91C601D00F03AFAE8B904E04FF6FF70EC
:1085F000ADF80000F4E7E91C04F1080000F02EFAE1
:1086000088B9291D04F10B0000F028FA58B9691D3A
:1086100004F10E0000F022FA28B9A91D04F111009E
:1086200000F01CFA08B10820F8BDBDF80000288051
:108630002846FFF73FFD08B10020F8BD0320F8BD34
:1086400046464646000000002DE9F8430C468046A9
:1086500051212046EFF7C5FD012626706A467CA110
:108660004046FFF79FFE002820D10098411E0829B0
:108670006FD2A0706A4677A14046FFF793FE0028AC
:1086800014D1009808B1012863D110F0FF00607088
:108690000CD06A4670A14046FFF784FE002805D141
:1086A0000098012804D0022802D00120BDE8F883F8
:1086B000E0706A466AA14046FFF774FE0028F5D1D3
:1086C0000098411E082944D2207168A14046F6F75F
:1086D0009BF9050075D0F6F7E1F9002872D02869FA
:1086E00000286FD004F109010F46FFF743FF00286F
:1086F000DCD160A14046F6F787F9050061D0F6F7B6
:10870000CDF900285ED0286900285BD004F1110162
:108710000D46FFF72FFF0028C8D1B4F809104FF617
:10872000FF70814201D1012200E00022B4F8113033
:10873000834201D1012300E000239A4207D1814204
:1087400008D029463846FFF719FC002802DD092029
:10875000ACE744E00027E7712772E07802281DD1DA
:1087600046A14046F6F750F9050008D0F6F784F91F
:1087700040B3686900F18001FF2930D8E07142A15F
:108780004046F6F741F9050008D0F6F775F9C8B18B
:10879000686900F18001FF2921D820723DA140467F
:1087A000F6F732F905000ED0F6F778F950B12D69D9
:1087B00045B1671D2846EFF750FD072808D008206F
:1087C00074E726E027E0E078012822D0677110E006
:1087D000002108462A5C312A03D0302A05D0032024
:1087E00064E706FA00F20A43D1B2401C0728F1DB25
:1087F00039702AA14046F6F707F9070009D0F6F7C5
:108800002BF940B13846F6F7E3F8051E05DC0720E2
:108810004CE705204AE7022048E7022D01DD06204B
:1088200044E7A57100260EE031463846F6F7CAF84F
:10883000C6EBC60104EB8101E278193100F032F891
:10884000002885D1761CAE42EEDB00202EE700002A
:1088500069640000656E00007479706500000000B6
:108860007072696F726974790000000073446174FA
:108870006500000065446174650000007365746FF5
:108880006666736574000000726973656F6666736F
:10889000657400007765656B000000006A6F6273A5
:1088A000000000002DE9FF5F17460E4605007CD052
:1088B000F6F7EBF800287ED01C213046EFF791FC4C
:1088C00031462846FFF718FE002817D15CA128463C
:1088D000F6F79AF8040007D0F6F7CEF800286AD029
:1088E0006069022809D200E00020C0B27070012F38
:1088F00002D0012805D007E030B1012004B0BDE866
:10890000F09F012750A101E0002751A12846F6F76A
:108910007BF8019050A12846F6F776F88146019839
:10892000B8B1B9F1000F14D00198F6F795F8E0B39B
:108930004846F6F791F8C0B30198F6F749F80446AF
:108940004846F6F745F8002C01DD002803DC072037
:10895000D4E70520D2E7062C01DC062801DD06203D
:10896000CCE7844201D00920C8E7B47000254FF05D
:10897000030A4FF0080B5EE029460198F6F722F84B
:10898000009029464846F6F71DF85FEA000812D025
:10899000F6F772F848B100988FB130B1F6F76CF87D
:1089A00018B100984069411E00E004E0B1F5437F32
:1089B00003D35046A2E70220A0E780B22DE00028B2
:1089C000F9D0F6F76BF80028F5D000980069002878
:1089D000F1D00090EFF741FC052803D10098807892
:1089E0003A2801D0584689E702A9009800F036F8E5
:1089F0000028F7D1009803A9C01C00F02FF8002828
:108A0000F0D19DF808101729D3D89DF80C003B2809
:108A1000CFD8C1EB011100EB810006EB8501888006
:108A2000D8F8140028B1A0F10A025B2A01D3032070
:108A300064E788716D1CA5429EDB00205EE70000A4
:108A400074696D65747000006454696D65000000A0
:108A500074696D6500000000627269000278303A46
:108A60000A2A04D24078302801D3392802D94FF09D
:108A7000FF30704702EB8202D02303EB4202104426
:108A800008700020704710B513460A4604460021BE
:108A900000F0E6FC18B10C21204600F0CBFB0020D2
:108AA00010BD00002DE9F04F93B00446F5F742FFEA
:108AB0005FEA000B46D0A078F0F7AFF802460B460D
:108AC0008DA15846F5F7C8FE6078F0F7A6F8024683
:108AD0000B468AA15846F5F7BFFE607800287DD086
:108AE000E078F0F79AF80B46024685A15846F5F76C
:108AF000B3FE2079F0F791F802460B4682A1584662
:108B0000F5F7AAFE142208A904F10900FFF702FCF8
:108B100008AA80A15846F5F7B9FE142208A904F165
:108B20001100FFF7F7FB08AA7CA15846F5F7AEFE47
:108B3000617900200FAA012505FA00F30B4205D048
:108B4000312304E0002013B0BDE8F08F302313542C
:108B5000401C0728F0DB0020D07172A15846F5F7C1
:108B600095FEE078022813D194F90700F0F744F855
:108B700002460B466DA15846F5F76EFE94F90800C3
:108B8000F0F73AF802460B466BA15846F5F764FE3B
:108B9000F5F794FE5FEA000A5BD0024669A15846E9
:108BA000F5F750FEA0790027002817DDC7EBC700B6
:108BB00004EB80051935F5F7BDFE8146F5F77EFE1D
:108BC0000646F5F77BFE0190F5F778FE8046B9F191
:108BD000000F31D06EB3019858B300E082E0B8F1D5
:108BE000000F26D02878C00707D000205749F5F796
:108BF00071FE01463046F5F723FE2878800708D538
:108C000000204FF08041F5F765FE01463046F5F74C
:108C100017FE32464EA14846F5F714FE6878EFF786
:108C2000FCFF02460B464BA14846F5F715FE002611
:108C30003BE04846F5F7A2FE16B13046F5F79EFE3A
:108C4000019808B1F5F79AFEB8F1000001D0F5F7E8
:108C500095FE5846F5F792FE74E76878012805EB13
:108C60008600808840D03C23B0FBF3F203FB120265
:108C7000B0FBF3F30DF1200C0092142137A26046F3
:108C8000F4F764FD08A8F5F761FE01460198F5F7D1
:108C9000D7FD05EB86008079EFF7BFFFF5F71AFEE9
:108CA00001464046F5F7CCFD761CA878B04201DDC0
:108CB000062ED2DB687801281BD02BA14846019AEA
:108CC000F5F7C0FD42462AA14846F5F7BBFD4946E7
:108CD0005046F5F7B5FDA0797F1CB84202DD022FA2
:108CE000FFF664AF58462EE7EFF797FFF5F7F2FD72
:108CF000CBE720A1E2E7000069640000656E000098
:108D000074797065000000007072696F726974791F
:108D100000000000734461746500000065446174E4
:108D2000650000007765656B000000007365746F77
:108D30006666736574000000726973656F666673BA
:108D4000657400006A6F6273000000000000F03F6D
:108D5000636E730074696D65747000002530327540
:108D60003A2530327500000074696D65000000001E
:108D7000627269006454696D6500000070B5ADF5FC
:108D8000267D4FF42574014622466846EFF702FA25
:108D90001B4900910221ADF804100021ADF80A1022
:108DA0006846ADF80640ADF80810FFF7C3F8154D5A
:108DB000ADF80800224669462846F7F77FF8124EBC
:108DC000224669463046F7F779F82846FFF718F843
:108DD00005463046FFF714F8012D05D0012803D0D1
:108DE00000200DF5267D70BD224669460748EFF745
:108DF000D1F9074901200870FFF7B0F80120F0E72A
:108E00004C504B5A0060000800780008585E002063
:108E10009805002010B5ADF53A7D04000ED0F5F7A9
:108E200034FE58B1A5A92046FFF70EFC002806D154
:108E3000FFF77AF99DF8950220B117E002200DF5B1
:108E40003A7D10BD9DF8960200EB001101EB8011F8
:108E50001448014411F8450C012807D15122A5A856
:108E60004539EFF797F900208DF895024FF42572F8
:108E70000C496846EFF78EF99DF89602512200EBF7
:108E8000001101EB801069460844A5A94538EFF7A9
:108E900081F96846FFF772FF012801D00A20CEE76A
:108EA0000020CCE7585E0020E821F6F757BA000012
:108EB00010B50C46EC22F6F7F7FF0B492068884204
:108EC00005D1A088012802D1E088EC2801D000203B
:108ED00010BD2046FFF7E8FFB4F8E81089B28842D9
:108EE000F5D1012010BD000052504B5A70B50F4D06
:108EF000BCB02C68641C00D101240146224668469F
:108F000000F028F869460A4800F016F80646694657
:108F1000084800F011F8012E04D0012802D00020EA
:108F20003CB070BD01202C60FAE7000094050020E1
:108F3000005800080070000870B50C460546EC2289
:108F4000F6F7BCFF21462846BDE87040EC22FBF74F
:108F500095BD000070B50D4616460446EC21EFF7AE
:108F600040F9294820600120A080EC20E080A66024
:108F7000E86DE060286E2061686E6061A86EA06197
:108F8000E86EE061286F2062686F6062A86FA0627F
:108F9000E86FE062D5F880002063D5F88400606354
:108FA000D5F88800A063D5F88C00E0631F2205F196
:108FB000900104F14000EFF73AF9D5F8B0002066CF
:108FC000D5F8B4006066D5F8B800A066D5F8BC0046
:108FD000E066282205F1D80104F17000EFF7DAF815
:108FE000282205F5807104F19800EFF7D3F82822C4
:108FF00005F5947104F1C000EFF7CCF82046FFF7B7
:1090000053FFC4F8E80070BD52504B5A70B5044687
:10901000C868E06508692066486960668869A06676
:10902000C869E066086A2067486A0D466067A86AF2
:10903000A067E86AE067286BC4F88000686BC4F832
:109040008400A86BC4F88800E86BC4F88C001F2269
:1090500005F1400104F19000EFF7E9F8002084F8F1
:10906000AF00286EC4F8B000686EC4F8B400A86EF3
:10907000C4F8B800E86EC4F8BC00282205F17001FD
:1090800004F1D800EFF786F8282205F1980104F5DD
:109090008070EFF77FF805F1C00104F59470BDE82A
:1090A00070402822EFF776B82DE9F04F95B0994639
:1090B00092460F468346FEF74BFB4FF0FF380028E1
:1090C0003BD0F9F7D5FB002837D0FDF781F9FEF743
:1090D000F1FB034640A2082113A8F4F737FB40A395
:1090E00013AA40A16846FDF770FB002211466846AE
:1090F000FDF798F9060020D03CA0FDF718F90546C9
:109100003BA0FDF714F90446002D5CD0002C5AD08A
:1091100014210EA8FDF792FB5846EFF77EFD02469C
:109120000B4635A12046F5F797FB0EAA34A1204641
:10913000F5F7ACFB2FB1012004E0404615B0BDE8C7
:10914000F08F0020EFF769FD02460B462EA1204666
:10915000F5F782FB00222E4B2EA12046F5F77CFB73
:109160005046EFF75AFD02460B462BA12046F5F775
:1091700073FB4846EFF751FD02460B4628A12046F7
:10918000F5F76AFB224629A12846F5F75BFB2A463C
:1091900016A13046F5F756FB4FF4006421462448EB
:1091A000EFF71FF80023224621493046F5F718FD56
:1091B00048B11F48EFF751F8002804DD81B21C4880
:1091C000F8F792F818B13046F5F7D8FBB5E7304616
:1091D000F5F7D4FB0020B1E72530366C75000000B0
:1091E00041000000726570740000000044540000EB
:1091F00044542E616C6D0000616C6D496400000088
:1092000074696D650000000073746174757300000B
:109210000000F03F636E730076616C7565000000BE
:109220007468726573686F6C64000000616C6D0037
:109230000D34002070B50D46040008D0FEF788FA02
:1092400028B129462046BDE8704000F097B94FF09C
:10925000FF3070BD70B5FEF77BFA4FF0FF3478B188
:109260004FF4006529460A48FEF712F9002807DD89
:10927000A84205DA81B20022054800F077FB08B168
:10928000204670BDF3F7F2FB02498861002070BDF3
:109290000D3400202404002070B5FEF76DFA4FF065
:1092A000FF3478B14FF4006529460B48FEF74CF9BE
:1092B000002807DDA84205DA81B20022064800F046
:1092C00055FB08B1204670BD044C01202070F3F717
:1092D000CDFB6061002070BD0D340020240400200F
:1092E0002DE9F04180461F488EB04FF0FF370078DF
:1092F00070B3FEF72DFA58B31B4D15F8DD0F38B3D8
:109300001AA3184A1AA16846FDF75FFA002211460F
:109310006846FDF787F806001AD016A0FDF707F893
:10932000040012D04046EFF767FC02460B4612A13C
:109330002046F5F791FA22460EA13046F5F782FA5B
:109340002946304600F0ECFA30B13046F5F716FB0E
:1093500038460EB0BDE8F0813046F5F70FFB00202F
:10936000F7E70000840400200833002045000000D7
:109370006F746100445400006572726F72000000E7
:1093800070B504460B484FF0FF35007880B1FEF70A
:10939000DFF968B1084890F8DD0048B1204600F0D8
:1093A0000DF8002805D0034860380121C463C1715D
:1093B000284670BD84040020083300202DE9F041C8
:1093C00080461F488EB04FF0FF37007870B3FEF72D
:1093D000BFF958B31B4D15F8DD0F38B31AA3184A5F
:1093E0001AA16846FDF7F1F9002211466846FDF71B
:1093F00019F806001AD016A0FCF799FF040012D045
:109400004046EFF70AFC02460B4612A12046F5F74C
:1094100023FA22460EA13046F5F714FA29463046C3
:1094200000F07EFA30B13046F5F7A8FA38460EB0B3
:10943000BDE8F0813046F5F7A1FA0020F7E700001B
:109440008404002008330020500000006F74610085
:109450004454000070726F677265737300000000FF
:109460002DE9F041984616460D4604004FF0FF37AF
:109470001BD0FEF76DF9C0B12A4601212046FCF74A
:10948000D1FF050011D00FA0FCF751FF040009D057
:1094900002460CA12846F5F7D5F94EB141462046C3
:1094A000B04728B12846F5F769FA3846BDE8F0819B
:1094B0000021284600F034FA04462846F5F75EFA03
:1094C0002046F3E744540000F0B591B00746FEF79C
:1094D0003FF94FF0FF3680B3FEF7ECF9034621A2C7
:1094E00008210EA8F4F732F93B460EAA1FA16846E0
:1094F000FDF76BF9002211466846FCF793FF050063
:109500001CD01CA0FCF713FF040022D0024619A1B6
:109510002846F5F797F92046FCF74AF82046FBF76E
:10952000F1FF2046FBF7CEFC2046FBF7B1FE12A16F
:109530003846EEF799FE20B106E0FFE7304611B05D
:10954000F0BD2046FCF7FEF80021284600F0E8F9BF
:1095500018B12846F5F712FAF0E72846F5F70EFAA3
:109560000020ECE72530366C7500000072657074E1
:1095700000000000445400004300000070B50C4699
:10958000054600F009F8002805D02146284600F0DD
:10959000B5F94FF0FF3070BD70B50A460121FCF7F8
:1095A00041FF040008D0002100F0BAF9054620462A
:1095B000F5F7E4F9284670BD4FF0FF3070BD0000AC
:1095C00070B590B0FEF7C4F84FF0FF3650B3FEF719
:1095D00071F9034617A208210EA8F4F7B7F817A3EC
:1095E0000EAA17A16846FDF7F0F80022114668465A
:1095F000FCF718FF050015D013A0FCF798FE040037
:109600000DD012A213A1F5F741F922460EA128466A
:10961000F5F718F90021284600F082F928B128460C
:10962000F5F7ACF9304610B070BD2846F5F7A6F94D
:109630000020F8E72530366C75000000520000006D
:10964000727173740000000044540000546D436153
:109650006C690000444F000010B5F3F707FABDE84D
:10966000104000F067BA00002DE9F041040007D077
:10967000002640F2B2754FF4B77740F26D180BE058
:109680000020BDE8F0812846FDF792FE08B138467B
:1096900000E0404606446D1CE088A842F3DC81B23D
:1096A0006079104A022802EB800252F8045C04DD63
:1096B0000846FDF77DFE00B16D1CA8192179401EFA
:1096C0000844A17800EB400001EBC0006178C0EBDA
:1096D000001001EB80002178C0EB001001EB80004E
:1096E000CFE7000000A2010810B5134C2078012834
:1096F00001D000F0C9F8F3F7B9F96269D2B1811A63
:109700004FF47A73994211D3B1FBF3F163680B44C0
:10971000636001EB4103C3EBC11302EBC30262615F
:10972000064A126812B1A2681144A160BDE8104057
:1097300000F08CB8606110BD740500200C0300209F
:109740001421F5F70BBE000010B50C461822F6F7F1
:10975000ABFB0A492068884205D1A088012802D1C4
:10976000E088182801D0002010BD2046FFF7E8FF50
:10977000A18A89B28842F6D1012010BD54524B5AB9
:1097800070B5194D86B0AC69641C00D101246E46D9
:1097900018213046EEF725FD144800900120ADF861
:1097A00004001820ADF8060002946968E8680844CF
:1097B0000390A9682869084404903046FFF7C0FF69
:1097C000059069460A4800F017F8064669460948B8
:1097D00000F012F8012E04D0012802D0002006B0BB
:1097E00070BD0120AC61FAE77405002054524B5A59
:1097F000005A00080072000870B50C460546182291
:10980000F6F75CFB21462846BDE870401822FBF7BE
:1098100035B90000014880687047000074050020D9
:109820000148406870470000740500200248016943
:109830008068084470470000740500200248C16831
:1098400040680844704700007405002070B50C4C57
:1098500005460A49E069F3F70FF9012802D1FFF73D
:109860008FFFE5610748007830B16078002804D1A7
:10987000FFF786FF0120E561607070BD0097490128
:10988000740500201E02002070B5194C8CB02078A1
:1098900001282BD069461748FFF756FF064606A950
:1098A0001548FFF751FF0025012E02D0012808D0EE
:1098B00010E0012803D108990298884201D3684634
:1098C00000E006A830B18168A161C168E16000696B
:1098D000206102E0A561E56025616560A560F3F7A0
:1098E000C5F86061E0616570012020700CB070BD4A
:1098F00074050020005A00080072000810B50C46DC
:10990000002808D0014638220348EEF743FC0348FC
:1099100001218463817110BDD05C002024040020EB
:109920002DE9F0410D4606004FF0FF3411D04FF401
:10993000006739460C48EEF754FC00233A460A49C2
:109940003046F5F74DF920B10748EEF786FC0028C0
:1099500002DC2046BDE8F0812A46BDE8F04181B234
:10996000014800F003B800000D34002070B54FF03E
:10997000FF36B0B1A9B1B2B101461046F6F7BEF854
:109980000C4C002590B1607A032804D2401CC0B270
:109990006072032805D3F8F775FF657206A0F5F726
:1099A000BBFD304670BDF7F79FFCE9E7657200200C
:1099B00070BD0000240400205A4B204D5154542007
:1099C0007075626C69736820736C6F742062757354
:1099D0007920636C65617265640D0A00002808D007
:1099E000044902680A6042684A6000890881F2F707
:1099F00069BD70478806002038B5054612480078D2
:109A000070B1F8F735FF58B1104C606D20B11049B6
:109A1000F3F732F8002804D0F9F70CFC012801D044
:109A2000002038BD09486830EEF717FCC1B2074A7C
:109A300001200E320090192302F15A00F9F704FCBC
:109A40000120656538BD0000F803002024040020D3
:109A500080A903002DE9F04F87B088465FEA00092E
:109A600007D0B8F1000F04D02F48017A01290AD19C
:109A700004E04FF0FF3007B0BDE8F08FC48840F23B
:109A8000E4718C4202D26FF00200F4E7DFF89CA090
:109A900045790679DAF80000844212D1DAF8040038
:109AA000534685420DD1986886420AD1D86800286D
:109AB000E1D11969C9F80010DAF81410C8F80010DB
:109AC000D9E7FCF70FFD0746006EEFF787F8184956
:109AD000EEF70AFF8346F86DEFF780F81449EEF7CA
:109AE00003FF0146786E04AAC0EB001003920091B8
:109AF000800005ABCDE901035B463246294620468E
:109B0000F9F704FD51460028C1E90260C1E90045AA
:109B1000B1D1059A0A61049BCAF81430C9F8002033
:109B2000049AC8F80020A6E788060020A4050020B3
:109B3000002474490249C8610862886170470000C6
:109B4000240400202DE9F04115460F4606002BD0D5
:109B5000F4F79BFF40B318A13046F4F755FF04001B
:109B600008D0F4F789FFF8B16069012804D0062015
:109B7000BDE8F0810520FBE739463046FEF7A2F844
:109B80000028F5D128600DA13046F4F73DFF040010
:109B900010D0F4F771FF38B16069002802DBB0F52E
:109BA000B46F03D90320E3E70220E1E7C0EB001024
:109BB000800028600020DBE7636E73006C617374C3
:109BC000000000002DE9F04111491248FEF776FC33
:109BD0000125114E012815D00D491048FEF76EFCE5
:109BE00001280FD00A4C4FF4257739462046EEF76E
:109BF000F8FA0B4820600220A080E7802046FEF79C
:109C000099F920813570BDE8F041FEF7A7B9000051
:109C1000585E0020006000089805002000780008C9
:109C20004C504B5AF0B585B0FEF77EFA03A80021E0
:109C3000FEF784FA00284DD001A8FEF7F5F99DF84B
:109C400008109DF80900C1EB011100EB8105224CC1
:109C50009DF80D10BDF80460481EB4F806E09DF8AC
:109C600006709DF807C09DF80E209DF80F30C0B219
:109C7000B64511D16678BE420ED1A67866450BD1A5
:109C80002689AE4208D1E678864205D126799642E9
:109C900002D166799E421DD09DF8110000900FA060
:109CA000F5F73AFC9DF81100FCF762F9BDF80400E5
:109CB000E0809DF8060060709DF80700A070258187
:109CC0009DF80D00401EE0709DF80E0020719DF87B
:109CD0000F00607105B0F0BD980500205B706C61ED
:109CE0006E5D20657865632069643D2564206A6F38
:109CF000623D2564206163743D2564206272693D84
:109D000025640A00000000000000000001020304B6
:109D10000607080900000000010203044A756E20CE
:109D2000203220323032360031393A34363A303748
:109D300000000000C1C081C1400101C3C003800216
:109D400041C201C6C006800741C70005C1C581C424
:109D5000400401CCC00C800D41CD000FC1CF81CE9D
:109D6000400E000AC1CA81CB400B01C9C00980085E
:109D700041C801D8C018801941D9001BC1DB81DA64
:109D8000401A001EC1DE81DF401F01DDC01D801CA6
:109D900041DC0014C1D481D5401501D7C01780160D
:109DA00041D601D2C012801341D30011C1D181D05C
:109DB000401001F0C030803141F10033C1F381F235
:109DC00040320036C1F681F7403701F5C0358034A6
:109DD00041F4003CC1FC81FD403D01FFC03F803E9D
:109DE00041FE01FAC03A803B41FB0039C1F981F8DC
:109DF00040380028C1E881E9402901EBC02B802AC6
:109E000041EA01EEC02E802F41EF002DC1ED81EC23
:109E1000402C01E4C024802541E50027C1E781E60C
:109E200040260022C1E281E3402301E1C0218020DD
:109E300041E001A0C060806141A10063C1A381A293
:109E400040620066C1A681A7406701A5C065806425
:109E500041A4006CC1AC81AD406D01AFC06F806E9C
:109E600041AE01AAC06A806B41AB0069C1A981A85B
:109E700040680078C1B881B9407901BBC07B807A65
:109E800041BA01BEC07E807F41BF007DC1BD81BCA3
:109E9000407C01B4C074807541B50077C1B781B60C
:109EA00040760072C1B281B3407301B1C07180705D
:109EB00041B00050C190819140510193C0538052F4
:109EC00041920196C056805741970055C1958194A3
:109ED0004054019CC05C805D419D005FC19F819E9C
:109EE000405E005AC19A819B405B0199C0598058DD
:109EF00041980188C04880494189004BC18B818AC3
:109F0000404A004EC18E818F404F018DC04D804C24
:109F1000418C0044C184818540450187C04780460B
:109F200041860182C042804341830041C1818180DA
:109F3000404000008F0200008F02000000800000FF
:109F40008F02000070FD000070FD00000080000026
:109F500070FD0000FBEB0400FD9C04006B5304004B
:109F6000DC0E0400F3CE030059930300BC5B030036
:109F7000D42703005CF7020014CA0200C29F02004B
:109F800032780200315302009130020027100200A3
:109F9000CEF101005FD50100BABA0100BFA10100F6
:109FA000528A010057740100B55F0100574C01004F
:109FB000253A01000D290100FC180100E00901000B
:109FC000ABFB00004CEE0000B6E10000DCD5000069
:109FD000B2CA00002EC0000044B60000EBAC000086
:109FE0001BA40000C99B0000F0930000868C0000B9
:109FF00087850000EA7E0000AA780000C272000097
:10A000002C6D0000E4670000E4620000295E00009F
:10A01000AE590000705500006C5100009D4D0000CD
:10A02000014A0000954600005643000042400000EF
:10A03000563D00008F3A0000ED3700006D350000FE
:10A040000D330000CB300000A52E00009B2C00003B
:10A05000AA2A0000D2280000102700006425000072
:10A06000CD23000049220000D7200000771F000008
:10A07000281E0000E81C0000B71B0000941A000016
:10A080007F1900007618000079170000881600007C
:10A09000A2150000C6140000F41300002B130000EA
:10A0A0006C120000B4110000051100005D100000EA
:10A0B000BD0F0000240F0000910E0000040E0000F0
:10A0C0007E0D0000FD0C0000810C00000B0C000058
:10A0D0009A0B00002D0B0000C50A0000620A000068
:10A0E000020A0000A60900004E090000FA0800005C
:10A0F000A90800005B08000010080000C807000065
:10A10000830700004107000002070000C5060000A9
:10A110008A060000510600001B060000E70500004B
:10A12000B505000084050000560500002905000063
:10A13000FE040000D4040000AD040000860400000A
:10A14000610400003D0400001B040000FA0300004D
:10A15000DA030000BB0300009D0300008103000040
:10A16000650300004A0300003103000018030000EB
:10A1700000030000E9020000D3020000BD0200005D
:10A18000A802000094020000810200006E0200009C
:10A190005C0200004A0200003902000029020000AF
:10A1A000190200000A020000FB010000ED0100009E
:10A1B000DF010000D2010000C5010000B80100006D
:10A1C000AC010000A0010000950100008A01000020
:10A1D0007F010000750100006B01000061010000BB
:10A1E000580100004F01000046010000000000007F
:10A1F000000000000000000000000000000000005F
:10A20000000000001F0000003B0000005A0000009A
:10A210007800000097000000B5000000D4000000A6
:10A22000F300000011010000300100004E010000A9
:10A230001F1C1F1E1F1E1F1F1E1F1E1F00000000B1
:10A24000000000000000B33FB2BE7D3A00002E4087
:10A25000DFCF513800007E40BF51FABA00E0A44081
:10A2600019DAC3BA00E0C840C2ED8AB90040EB4039
:10A27000CD1F2CBA001006412AFFFABA00C01541C2
:10A28000DFCFD13700D024419A97703A0050334144
:10A2900089478E3600404141E75B9D3800B04E4112
:10A2A000C00A98B900A05B41558F943A00306841CC
:10A2B000DA92C0BA0040744162B3C63A0000803FEF
:10A2C00000A0853F00908B3F00C0913F0030983F39
:10A2D00000F09E3F00F0A53F0050AD3F0000B53FAD
:10A2E0000000BD3F0060C53F0020CE3F0040D73F8B
:10A2F00000C0E03F00C0EA3F0020F53F0000000042
:10A300007D36AC397D3C3839EBDCF438320A7E39A5
:10A31000124C26399B6AED39A4EE83397F661E39CB
:10A32000F6398A392B426539A48211395B991F3974
:10A33000C3EECD39DDE7C637A5A22F390000803F37
:10A34000C3AA853FC2958B3FD3C3913FF037983F57
:10A3500032F59E3FD7FEA53F3F58AD3FF304B53FD2
:10A36000A408BD3F2A67C53F8C24CE3FFD44D73F9C
:10A37000DFCCE03FC7C0EA3F7D25F53F000000008D
:10A380006E83F9A22915444ED15727FCC0DD34F560
:10A39000999562DB4190433CAB6351FEDDDDDDDD31
:10A3A000DCBBBBDDDDDDDDDDDDDDDDDD9888888866
:10A3B000888888887777777777888888855555560D
:10A3C0006666666666666666666888888333333264
:10A3D00022222222222222222228888D5B494343E4
:10A3E00049445D206661696C656420726561736FC4
:10A3F0006E3D257320617474656D7074733D2575B1
:10A40000206469676974733D2575207573652064E0
:10A41000656661756C7420696E76616C696420692B
:10A42000636369643D25730A000000005F5F5F5F3E
:10A430005F5F5F5F5F5F5F5F5F5F5F5F5F5FC384A3
:10A44000C2A3C2BFC3A94F5441C2B4C3A6C2B4C2BF
:10A45000A2C38AC2A7C2B0C39C5F5F5F5F5F5F5F3A
:10A460005F5F5F5F5F5F5F5F5F5F5F5F0A0000006E
:10A470006F6E6F6666000000737769746368000032
:10A480004272690062726900626C00006C657665F8
:10A490006C00000064696D006F6E0000706F77657E
:10A4A000720000006272696768746E657373000001
:10A4B0006C69676874000000737700007B22534E5C
:10A4C000223A222573222C22544D223A222573222D
:10A4D0002C225356223A222573222C224944223A16
:10A4E000222573222C224354223A222573222C2225
:10A4F0004454223A7B22446576496E666F223A7B49
:10A500002270726F744964223A25642C22636C6154
:10A5100073223A222573222C2270726F6474702287
:10A520003A222573222C2268766572223A25642C01
:10A530002273766572223A25647D2C224D646C4923
:10A540006E666F223A7B226D766572223A222573FF
:10A55000222C226963636964223A222573227D2CAE
:10A5600022476973223A7B226C6E67223A256C641B
:10A570002C226C6174223A256C642C227A6F6E65F1
:10A58000223A25647D2C2244696D223A5B7B22634A
:10A590006E73223A25642C2264696D5470223A2528
:10A5A000642C22706F6C6172223A25642C22646CD8
:10A5B0006D74223A25642C22756C6D74223A2564E0
:10A5C0002C22727469223A25642C2272745077729C
:10A5D000223A25647D5D2C2253656E7365223A7B99
:10A5E000226469223A25642C2273427269223A2538
:10A5F000642C2273427269546D223A25647D7D7DFC
:10A600000000000024A6010800000020C80500008A
:10A610009496000808A70108C805002028650000D6
:10A620004CDA00081264520129068210032724F430
:10A6300003FFE8030167035801644FE803E8035090
:10A64000465F92C8320C0B102C012CD99601153A9A
:10A6500078282BB80B54295E011AA9D50227050AC0
:10A660001401750919312103CE60EA08132C4154F5
:10A670002B51465345454B3D312C25752C300D0A49
:10A6800020A103182C011355D81408F9D71608492E
:10A690002E0108C26403144F4B294913D03C1220E9
:10A6A0000A3C10D81812454E473D227365727669F0
:10A6B0006E6763656C6C22BD1E84A4010880041A59
:10A6C000A4041A8C041A88041A94041AB8041A7878
:10A6D000041A70041A9C041A98041AB004E3102790
:10A6E000DA1110DA1210DA1310DA1410DA1510DA9F
:10A6F0001610DA1710DA18102A19100231012CFF7F
:08A70000FFFF05012600000027
:04000005080081313D
:00000001FF
