:020000040800F2
:10800000388F002045810008D7C2000875C10008DC
:10801000D5C20008E5940008D3CC00080000000099
:1080200000000000000000000000000005C400087F
:108030004F95000800000000D3C30008A5C4000845
:108040005F8100085F8100085F8100085F81000890
:108050005F8100085F8100085F8100085F81000880
:108060005F8100085F8100085F81000809950008B2
:10807000159500085F8100085F8100085F81000896
:108080005F8100085F8100085F8100085F81000850
:10809000D1CC00085F8100085F8100085F81000883
:1080A0005F8100085F8100085F8100085F81000830
:1080B00025C500085F81000831C500085F81000800
:1080C0005F8100085F8100085F8100085F81000810
:1080D0005F810008B9CC0008C5CC00085F810008AA
:1080E0005F8100085F8100085F8100085F810008F0
:1080F0005F8100085F8100085F8100085F810008E0
:108100005F8100085F8100085F8100085F810008CF
:108110005F8100085F8100085F8100085F810008BF
:108120005F8100085F8100085F8100085F810008AF
:10813000DFF80CD000F00AFF004800477D05010879
:10814000388F00200648804706480047FEE7FEE7D4
:10815000FEE7FEE7FEE7FEE7FEE7FEE7FEE7FEE7F7
:1081600021C50008318100082DE9F05F0546002097
:1081700092469B4688460646814640241BE0284698
:1081800041464746224600F020F853465A46C01A58
:10819000914110D311461846224600F019FD2D1AC0
:1081A00067EB01084F4622460120002100F010FD38
:1081B00017EB00094E41201EA4F10104DFDC484604
:1081C00031462A464346BDE8F09F202A04DB203A88
:1081D00021FA02F00021704721FA02F3D040C2F1E7
:1081E00020029140084319467047A0F14101192926
:1081F00000D820307047C0B24FF4F05101F086B87B
:1082000078563412EFCDAB89030010B5431A934270
:1082100009D28318881803E010F8011D03F8011D26
:10822000521EF9D210BD40EA01039B0703D009E0BA
:1082300008C9121F08C0042AFAD203E011F8013B52
:1082400000F8013B521EF9D210BDD2B201E000F895
:10825000012B491EFBD270470022F6E710B51346EA
:108260000A4604461946FFF7F0FF204610BD30B518
:1082700005462A460B4612F8010B13F8014B08B1CC
:10828000A042F8D01CB1002802D06D1CF1E72846AE
:1082900030BD10B5044604E00B7800F8013B03B193
:1082A000491C521EF8D2204610BDCAB2401E10F81A
:1082B000011F8A4202D00029F9D100207047421CD8
:1082C00010F8011B0029FBD1801A704710B500225D
:1082D00000E0521C835C8C5CA34201D1002BF8D1DE
:1082E000D8B2E1B2401A10BD30B5044600200346B2
:1082F00000E05B1C934203D2E05CCD5C401BF8D0F5
:1083000030BD034611F8012B00F8012B002AF9D1EA
:108310001846704730B505460020034600E05B1C58
:10832000934205D2EC5CC85C201A01D1002CF6D136
:1083300030BD0246C9B200E0401C0378002BFBD1DF
:1083400002E003788B4203D0401E9042F9D2002015
:10835000704700000FB400B58DB010A909900B90C4
:1083600000914FF0FF300A9000200C9005480690D5
:10837000054807906A4609A80F9900F05FFC0DB008
:108380005DF814FB598C0008778C00082DE9FF5F1D
:108390001D464FF0FF3BD5E9014691465F464FF041
:1083A0000008A9697F1C01988847296A8246884786
:1083B0000028F6D1BAF1FF3F0CD024F4C064002E9F
:1083C00019DD600614D5BAF12B0F09D0BAF12D0FC3
:1083D0000ED103E0584604B0BDE8F09F44F4806439
:1083E000A9697F1C01988847761E8246002E02DD0F
:1083F000BAF1300F03D0B9F1000F26D032E0A969ED
:10840000761E44F400747F1C019888478246002E33
:1084100005DDBAF1780F06D0BAF1580F03D0B9F1E3
:10842000000F10D01EE0B9F1000F02D0B9F1100F0B
:1084300018D1A969761E24F400747F1C019888471E
:108440008246102002E0082000E00A20814609E070
:1084500008FB0908A969761E44F400747F1C019882
:1084600088478246002E05DD4946504600F0D1FB84
:108470000028EDDAE96901988847A00502D46FF079
:108480000100A8E7E00725D1600613D5600502D5F5
:10849000C8F1000000E0404629680A1D2A6009680A
:1084A000220501D5087015E0220701D5088011E0EA
:1084B00008600FE02868011D29600068210502D5C9
:1084C00080F8008006E0210702D5A0F8008001E0D6
:1084D000C0F8008038467EE72DE9FF4F087883B06A
:1084E0009946FF2805D0491C2D2804D000240020DF
:1084F00008E000200BE00124F9E700EB800003EB2B
:108500004000491C0B78FF2BF7D104B140420023F7
:108510000293147819461D462D2C01D02B2C04D122
:10852000521C2D2C13D000240294AA461478FF2C40
:108530000FD00A25A3FB057801FB05814FF0000C45
:1085400003FB0C11521CE3194AEB0101EEE7012475
:10855000EAE7814453EA010002D019F5C87F06DA40
:1085600003980021C0E9001107B0BDE8F08F002595
:10857000AE4E2F46DFF8B882184600F0A7FCCDE9D2
:108580000001B9F1000002DAC9F1000400E004467C
:108590000023A74A1AEB030B42EB045A12E0E00750
:1085A00007D02A4633463846414600F0ECF90746E4
:1085B00088462A4633461046194600F0E4F9054637
:1085C0000E466410002CEAD1DDE90001B9F1000F7C
:1085D0005A46534606DA00F00AFC3A46434600F093
:1085E00006FC05E000F0CFF93A46434600F0CBF92F
:1085F000029A0AB181F00041039AC2E90001B3E78F
:108600002DE9FF4F1F468DB0D7E901464FF0FF38E7
:108610002E2045464FF000090B90B9696D1C0E984D
:108620008847396A824688470028F6D1BAF1FF3F69
:108630000AD024F4D064002E11DDBAF12B0F08D03B
:10864000BAF12D0F0BD102E0404611B08DE744F492
:108650008064B9696D1C0E9888478246761E69460B
:10866000600501D52D2000E02B208DF8000001F1E0
:10867000010B0DF1200809E0B9696D1C0E988847BF
:1086800082460F9844F40074761E0560002E02DDC9
:10869000BAF1300FF0D00B998A453ED144F08004F6
:1086A00006E00F99681CA9F1010944F40074086000
:1086B000B9696D1C761E0E98884782463028F0D026
:1086C0002BE00B998A4505D1200603D444F08004A1
:1086D000761E18E0504605F071FC08B30DF1130149
:1086E000761E44F400748B4508D2AAF130000BF8D2
:1086F000010B200607D5A9F1010003E0200602D4F2
:1087000009F101008146A00502D50F99681C086097
:10871000B9696D1C0E9888478246002ED1DC53E063
:10872000002E51DDBAF1650F02D0BAF1450F4BD1E1
:10873000A00549D5B9696D1C24F44074761E0E98C5
:1087400088478246002E0CDD2B2804D0BAF12D0F6D
:1087500007D144F48074B9696D1C0E98884782462D
:10876000761EE00501D52D2100E02B2108F8011B24
:10877000CDF82C8021E00DF12901761E44F400741F
:1087800088450CD2AAF1300010F0FF0088F80000F4
:1087900002D10B99884509D908F1010806E0E005E6
:1087A00001D5244801E042F20F708146B9696D1C81
:1087B0000E98884782460F980560002E04DD5046CB
:1087C00005F0FCFB0028D6D1F9690E988847FF20F8
:1087D0008BF8000088F800000020069007904B46B8
:1087E0006A4608A906A8FFF777FEA00502D46FF035
:1087F00001002AE714F0240F0AD0E00714D1DDE9C4
:1088000006123868031D3B600068C0E900120BE0E7
:10881000DDE9060100F07EFB0146E00704D138687F
:10882000021D3A600068016028460EE7000014400F
:108830000000F03FF1D8FFFF2DE9FE4F804681EAAE
:108840000300C00F0C46009021F0004123F00045CA
:10885000B8EB0200A94105D24046214690461C468D
:108860000B46024623F00040104347D0270DC7F3C4
:108870000A00C3F30A510290401A019040286BDAB3
:10888000C3F3130040F4801B0098924620B10023EC
:10889000D2EB030A63EB0B0B01985946C0F140027F
:1088A000504600F095F906460D4650465946019A45
:1088B00000F09DF910EB08006141002487EA115295
:1088C00084EAE7731A4340D0009A62B3019A012AFE
:1088D0004FEA075215DC001B61EB02014FF000422A
:1088E00002EA0752CDE90042001C41F580113246F0
:1088F0002B4600F02EFA03B0BDE8F08F404621462B
:10890000F9E7001B61EB0201001C41F58013001820
:108910005B412018A2F5001747EB030140EAD57030
:10892000B6196D4111E06D084FEA360645EAC0758B
:108930004FEA0752001B61EB0201001C41F5801158
:1089400049084FEA30000019514132462B4603B026
:10895000BDE8F04F00F0EEB900980122400000237E
:10896000D0EB020263EBE073009821464FEAE0741B
:10897000B8EB000061EB0401E9E783F000435BE73B
:1089800081F0004158E72DE9FE4F81EA030404F02D
:10899000004421F0004100944FF0000B23F000430D
:1089A00050EA01045ED052EA03045BD0C3F30A54D8
:1089B000C1F30A552C44A4F2F3340194A0FB0254F1
:1089C000C1F3130141F48011C3F3130343F4801383
:1089D00001FB024400FB034E840A970A44EA8154D7
:1089E00047EA8357A4FB076802958D0A05FB0785B4
:1089F0004FEA932C04FB0C542705029D4FEA0658BE
:108A000047EA1637B5EB08056EEB070C870E920E9A
:108A100047EA811742EA8312A7FB0201B6EB0B017A
:108A200064EB00042B0D43EA0C335E1844EB1C503E
:108A3000DA465146E7FB0201C5F313044FEA0B3354
:108A400043EA14534FEA0432019C43EA0603A4F1BB
:108A50000C040294009CCDE900B400F07AF903B054
:108A6000BDE8F08F00200146F9E770B521F0004322
:108A700003430CD0C1F30A550024D5EB040564EB85
:108A80000403D617AD1AB34102DB0020014670BDC6
:108A9000201841EB025170BD0EB5C10F80EAE070A5
:108AA0000844CA07002140F233438DE80E000A460D
:108AB0000B4600F04EF903B000BD0EB540F2334155
:108AC00002910021CDE900110A460B4600F041F960
:108AD00003B000BD70B5C1F30A5201F00045002497
:108AE000C1F3130140F2FF3341F480119A4201DADD
:108AF000002070BD40F233439A42A2F2334203DCBD
:108B00005242FFF762FB00E090402C43F1D040421C
:108B100070BDC1F30A5210B5C1F3130140F2FF3327
:108B200041F480119A4201DA002010BD40F2334333
:108B30009A42A2F2334203DC5242FFF746FB10BDD9
:108B4000904010BD30B5041E71F1000404DB4FF0FD
:108B50000044404264EB0101141E73F1000405DB84
:108B60001C464FF00043524263EB04038B4208BFA4
:108B7000824230BD30B5041E71F1000404DB4FF0B9
:108B80000044404264EB0101141E73F1000405DB54
:108B90001C464FF00043524263EB0403994208BF66
:108BA000904230BD30B50B46014600202022012402
:108BB00009E021FA02F59D4205D303FA02F5491BAB
:108BC00004FA02F52844151EA2F10102F1DC30BDC1
:108BD000202A04DB203A00FA02F10020704791407D
:108BE000C2F1200320FA03F3194390407047202A72
:108BF00006DBCB17203A41FA02F043EAE07306E0C5
:108C000041FA02F3D040C2F12002914008431946D4
:108C100070473A2800D2303820F02002412A01D390
:108C2000A2F13700884201D34FF0FF3070470000B7
:108C3000026811441378016018467047D1600449F6
:108C400051610449116200211161114600F090B98F
:108C5000318C0008F7810008426842B1016811F8C0
:108C6000013B23B1521EC0E9001218467047012192
:108C7000C160881E704742685AB1C368016843B931
:108C800083688B4205D0491E521CC0E900120020A7
:108C900070474FF0FF3070470FB4002300B589B024
:108CA0000CA900910B996FF00042CB601E4B06930C
:108CB0001E4B07930423CDE901321D4A0892024658
:108CC0006B460020FFF79CFC09B05DF814FB70B503
:108CD00086B006464FF0FF300091CDE9010100203B
:108CE00015460C4604903246694604A8FFF7D4FFA7
:108CF00002460498211825B108B1084600E0204634
:108D00002860049800280DD0002A02DD00988842CF
:108D100008D0081B0094CDE901043246694604A836
:108D2000FFF7BAFF06B070BD598C0008778C0008B9
:108D3000F781000810B5141E73F1000408DA401C16
:108D400041F1000192185B411A4301D120F001006A
:108D500010BD2DE9F04D92469B4611B1B1FA81F25A
:108D600002E0B0FA80F220329046FFF731FF04466D
:108D70000F4640EA0A0041EA0B0153465A460843AF
:108D800013D0114653EA010019D0C8F140025046F1
:108D9000FFF71BFA05460E46504659464246FFF776
:108DA00017FF084305D0012004E020463946BDE8FE
:108DB000F08D0020054346EAE0762C4337430A98BD
:108DC0006305E40AA0EB08000022FD0A44EA4754C8
:108DD0000A3002D500200146E9E701051019694172
:108DE000DDE9084500196941BDE8F04DA2E72DE92C
:108DF000F04D81EA030404F0004B21F000451446D5
:108E00004FF0000A23F0004150EA050220D054EA56
:108E100001021DD0C5F30A570246C5F31303C1F37F
:108E20001300C1F30A5640F4801543F48013A7EBF6
:108E30000608101BD64608F2FD3873EB050002D376
:108E400008F1010801E092185B41B8F1000F03DA64
:108E500000200146BDE8F08D00204FF48011064649
:108E600084460EE0171B73EB050705D3121B63EB5B
:108E7000050306434CEA010C49084FEA30009218FA
:108E80005B4150EA0107EDD152EA030012D082EAB9
:108E9000040083EA0501084305D0101BAB4106D24C
:108EA0000122002306E000224FF0004302E06FF0B1
:108EB000010253101AEB06004CEB085110EB0A00AC
:108EC00041EB0B01BDE8F04DFFF734BF0EB540F2AA
:108ED000334202920022CDE900221346FFF739FF08
:108EE00003B000BDC1F30A52C1F3130140F2FF33D6
:108EF00041F480119A4202DA00200146704740F2A4
:108F000033439A42A2F2334202DC5242FFF75DB988
:108F1000FFF75EBE01F0004330B421F0004150EA9B
:108F2000010206D00A0DA2F56072C1F31301002AF6
:108F300002DC30BC00207047440F44EAC104C10089
:108F4000E01830BC00EBC25000F0A8B9064C074D49
:108F500006E0E06840F0010394E807009847103409
:108F6000AC42F6D3FFF7E8F8E4EC010804ED0108A1
:108F70002DE9F34F8BB04FF0000801F10C000C46C7
:108F80004FF0010B46460DF1080A0190626901217C
:108F900001989047051E2DD0252D2CD0216A884799
:108FA000C0B16269012101989047216A8847002871
:108FB000F7D1411E62690198904700E0761CA169D3
:108FC0000B988847216A88470028F7D1E1690B98F8
:108FD0008847DBE7A1690B9888470746A84201D17B
:108FE000761CD3E7E1690B9888477F1C02D1B8F162
:108FF000000F6FD046E1002762693D46394601986F
:1090000090472A2804D162690121019890470125DF
:10901000DFF884926269012101989047A0F1300144
:109020000A290AD24F45E5DC07EB870100EB41072F
:10903000303FDFD445F01005ECE7E90601D46FF0CE
:1090400000476C280AD04C2814D0682815D06A280C
:109050000DD074281CD07A281AD01DE06269012135
:10906000019890476C2802D045F0040514E045F0C3
:1090700002050DE045F020050AE062690121019832
:109080009047682802D045F0080505E045F40065E2
:109090006269012101989047C4E9015765283DD0D4
:1090A00019DC58287AD00CDC452837D004DC252878
:1090B00026D0412831D131E046282FD047282CD165
:1090C0002CE05B2877D0612828D063287CD06428E6
:1090D00023D15AE0D0E06F2848D008DC66281DD0A4
:1090E00067281BD0692821D06E2816D127E0702868
:1090F00045D0732868D0752847D078280DD14DE029
:10910000A1690B988847054625283FF469AFE169B6
:109110000B9888476D1C3FF46AAFB3E023466A465C
:109120006FF001000B99FFF76BFA9EE045F04000ED
:109130006060A80723464FF0000236D43EE0E807FF
:109140007FF447AF2068011D21600068290501D523
:1091500006701BE7290701D5068017E7A90703D585
:10916000F117C0E9006111E706600FE745F0400024
:109170006060A80723464FF0080216D41EE040F6B0
:109180000E0125EA0100606016E045F040006060D5
:10919000A80723464FF00A0207D40FE045F040002D
:1091A0006060A80708D5234610226FF001000B99D4
:1091B000AFF3008059E007E0234610226FF0010072
:1091C0000B99FFF7E3F850E04FF000094F464B468C
:1091D000632802D05B2806D040E0E80601D40120D5
:1091E000A06001273AE062690121019890475E285A
:1091F00005D14FF0010962694946019890472169FC
:1092000039B900210A46534643F82120491C082950
:10921000FADBB0B3216969B9C11700EBD162531110
:109220000AEB830122F01F02821A01200B68904092
:1092300003430B6062690121019890475D28E8D1E2
:10924000B9F1000F09D00020514651F82020D24337
:1092500041F82020401C0828F7DB02AB224600978B
:109260006FF001000B99AFF3008000280CDA401C6E
:1092700008D1BBF1000F05D04FF0FF300DB0BDE8B5
:10928000F08FFFE74046F9E7E90701D108F101084F
:1092900006444FF0000B79E6CCCCCC0C0029A8BFDB
:1092A0007047401C490008BF20F00100704710B40F
:1092B000B0FA80FC00FA0CF050EA010404BF10BCC4
:1092C000704749B1CCF1200421FA04F411FA0CF1F1
:1092D00018BF012121430843A3EB0C01CB1D4FEA2A
:1092E00000614FEA102042BF002010BC704700EB25
:1092F000C35010440029A4BF10BC7047401C490053
:1093000008BF20F0010010BC704700007F2801D981
:10931000002208E0064A02EB5002C007127800D192
:10932000120902F00F02012090400840704700002F
:1093300038EA010870B58C1810F8015B15F00703C6
:1093400001D110F8013B2A1106D110F8012B03E0DE
:1093500010F8016B01F8016B5B1EF9D12B0705D4E6
:109360000023521E0DD401F8013BFAE710F8013B2F
:10937000CB1A921C03E013F8015B01F8015B521E4B
:10938000F9D5A142D8D3002070BD70B5044620683D
:10939000816811F0010F24D0816821F00101816002
:1093A00001F066FA05462068806810F0010F18D0B9
:1093B00001F05EFA401B02280ED92068806810F088
:1093C000010F09D0A06A40F01000A062E06A40F0EE
:1093D0000100E062012070BD2068806810F0010F7C
:1093E000E6D1002070BD10B50246506A816A11F0C6
:1093F000500F05D0006A016BBDE8104010460847C9
:10940000816A41F400718162016889684FF46022C9
:1094100032EA01010DD1017B59B9816A21F48071D1
:109420008162816A11F4805F03D1816A41F0010198
:10943000816200F0B3FB10BD10B5406A816A41F053
:1094400040018162C16A41F00401C16200F0ACFBDD
:1094500010BD10B5406A00F0A4FB10BDF8B504467D
:10946000002600962068816811F0010F28D18168DC
:1094700041F001018160194819490068B0FBF1F021
:109480000090009828B10098401E00900098002895
:10949000F9D101F0EDF905462068806810F0010F60
:1094A0000ED101F0E5F9401B022804D9206880683C
:1094B00010F0010F06D02068806810F0010FF0D086
:1094C0000020F8BDA06A40F01000A062E06A40F001
:1094D0000100E06284F824600120F8BD140000203F
:1094E00040420F00FEE70000064A527B3AB13222AA
:1094F00051436422B1FBF2F101800120704700204A
:1095000070470000BC020020014800F0B9BD000017
:109510004C130020704710B490F840C0012404FAA6
:109520000CFCC46BC4F804C0D0F800C0CCF8043004
:109530004368102B05D0036899600068C26010BCB6
:10954000704703689A600068C16010BC704770473C
:109550000C4800B5816985B041F0080181618069DE
:10956000694600F0080004904FF4E04000900120AC
:1095700001900220029003200390034801F05EF85E
:1095800005B000BD00100240000C01402DE9F04183
:10959000054603F003FA0824114F4FF40058E60281
:1095A000E80701D0012200E000224146384601F0E0
:1095B00058F904F09FFB01223146384601F051F979
:1095C00004F098FB00223146384601F04AF96D0854
:1095D000641E14F0FF04E3D1BDE8F04104F08ABB3F
:1095E000000C01402DE9F041002503F0B9F903F02A
:1095F000F3F9154F0024DFF850804FF48046083F00
:10960000D8F800106808890402D540F0800501E010
:1096100000F07F0504F06EFB01223146384601F070
:1096200020F904F067FB00223146384601F019F9B1
:1096300004F060FB641CE4B2082CE1D304F05AFB94
:109640002846BDE8F0810000080C01402DE9F041FA
:10965000044672B60022144E4FF480552946304617
:1096600001F0FFF8AF0000223946304601F0F9F86A
:1096700004F040FB01222946304601F0F2F8204672
:10968000FFF784FFFFF7AEFF04460022394630465D
:1096900001F0E7F800222946304601F0E2F862B610
:1096A0002046BDE8F0810000000C014070B5812526
:1096B000064600242846FFF7C9FF3055AD1C641C40
:1096C000E4B2EDB2072CF5D331780B480B064FF01E
:1096D00000020DD503785B1CDBB203700A2B08D3A4
:1096E000027001F07F003070304600F045F800E075
:1096F0000270012070BD00007403002010B500212D
:109700008E2000F00BF8A521902000F007F88021B2
:10971000BDE810408E2000F001B800002DE9F041B6
:10972000144D884607464FF48054002221462846AF
:1097300001F097F8A60000223146284601F091F882
:1097400004F0D8FA01222146284601F08AF838466A
:10975000FFF71CFF4046FFF719FF0022314628465D
:1097600001F07FF821462846BDE8F041002201F0D3
:1097700078B80000000C014070B506468025002135
:109780008E20FFF7CBFF072431782846FFF7C6FF6E
:10979000AD1C641E761CEDB214F0FF04F4D18021E0
:1097A0008E20FFF7BBFF012070BD704706490020E7
:1097B000C8610648016941F004010161016941F095
:1097C000400101617047000018070020002002409E
:1097D000064A0021D16106490A6942F002020A6183
:1097E0004861086940F04000086170471807002090
:1097F00000200240044B0022DA61044A136943F05E
:109800000103136101807047180700200020024007
:1098100000201649CA6812F0100F154A04D0D0690A
:1098200040F00200D0611020CB6813F0040F05D087
:10983000D36943F00103D36140F00400CB6913F016
:10984000010F07D0D36943F00403D361CA6922F042
:109850000102CA61A0F58072013A01D0C860704768
:10986000C86920F00100C861704700000020024074
:109870001807002070B5044600F0FAFF0646164DA2
:10988000E86810F0010F0ED0B4F1FF3F07D024B10B
:1098900000F0EEFF801BA04201D9032070BDE868F4
:1098A00010F0010FF0D1E86810F0200F01D0202057
:1098B000E860E86810F0100F07D1E86910F0010FB8
:1098C00003D1E86810F0040F03D0FFF7A1FF0120D7
:1098D00070BD002070BD00000020024030B504467D
:1098E000104607E014F8015BC2B2554033F815206A
:1098F00082EA10200A1EA1F10101F3DC30BD30B56F
:10990000022903D80C31401EC9B280B26424B0FBD6
:10991000F4F3B0FBF4F504FB1500491C01EB8104E2
:1099200004EBC1010524B1FBF4F11BB2DC1703EB1E
:109930009474A4105B4204EB43030344C41700EB8C
:10994000947003EBA00008441044401E00B20028AD
:1099500002DA00F2245000B2072190FBF1F201FB81
:109960001200C0B230BD0000F8B5044600260096D3
:1099700094F82400012809D0012084F8240020460E
:10998000FFF703FD0746380002D06DE00220F8BD66
:10999000A06A20F4885040F00200A062022001F08A
:1099A00055F833490968B1FBF0F040000090009889
:1099B00028B10098401E009000980028F9D1204658
:1099C000FFF74CFD2068816841F00801816000F0DC
:1099D0004FFF05462068806810F0080F18D000F08F
:1099E00047FF401B0A280ED92068806810F0080F36
:1099F00009D0A06A20F0020040F01000A06284F8B4
:109A000024600120F8BD2068806810F0080FE6D1BE
:109A10002068816841F00401816000F029FF05465B
:109A20002068806810F0040F18D000F021FF401B60
:109A30000A280ED92068806810F0040F09D0A06AA7
:109A400020F0020040F01000A06284F824600120A1
:109A5000F8BD2068806810F0040FE6D1A06A20F0FD
:109A6000020040F00100A06284F824603846F8BD8E
:109A70001400002078B44FF0000C0024009490F8FB
:109A80002420012A14D0012280F824204A681F25AE
:109A9000072A10D203685E6B521E02EB82029540C9
:109AA00026EA05050E6806FA02F22A435A631FE009
:109AB00078BC022070470D2A0DD203681E6BD21F9E
:109AC00002EB8202954026EA05050E6806FA02F2CC
:109AD0002A431A630CE00368DE6A0D3A02EB820245
:109AE000954026EA05050E6806FA02F22A43DA6274
:109AF0000A6807250A2A0DD30368DE680A3A02EBD2
:109B00004202954026EA05058E6806FA02F22A43CB
:109B1000DA600BE003681E6902EB4202954026EA18
:109B200005058E6806FA02F22A431A610A68102AAD
:109B300001D0112A0BD10268A2F18043B3F5923310
:109B40000AD0816A41F0200181624FF0010C80F857
:109B5000244078BC60467047936813F4000FF6D138
:109B6000936843F40003936009681029EFD1094911
:109B7000094A0968B1FBF2F101EB8101490000914A
:109B800000990029E3D00099491E0091009900290D
:109B9000F9D1DCE71400002040420F00042104F05A
:109BA000BDBD002104F0BABD704700002DE9F041B1
:109BB00004460025002C03D0A06A002618B108E056
:109BC0000120BDE8F081E66284F82460204600F0C0
:109BD0008FF82046FFF7D9FB0146A06A10F0100F5E
:109BE00000D139B1A06A40F01000A06201210846FE
:109BF000BDE8F081A06A20F4885040F00200A06225
:109C00002268A2F18040B0F59E3011D0E06994F84E
:109C10000CC040EA4C0360680343A068B0F5807F45
:109C20000DD001280BD00020277D012F0AD018E08D
:109C3000E069B0F5402FEAD14FF40020E7E74FF498
:109C40008070F1E7BCF1000F21D0D4F828C04CF0AF
:109C5000200CC4F828C0D4F82CC04CF0010CC4F877
:109C60002CC0D2F804C02CF4694C4CEA00005060BF
:109C700020688268DFF870C002EA0C021A43826032
:109C8000A068B0F5807F0BD0012809D00BE0D4F894
:109C900018C0ACF1010C40EA4C3040F40060E0E741
:109CA000208A401E05052068C26A22F470022A43F9
:109CB000C262206880680D4A1040984207D1E6626F
:109CC000A06A20F0020040F00100A0628FE7A06AC5
:109CD00020F0020040F01000A062E06A40F00100B5
:109CE000E062012183E70000FDF7E1FFFE0E1FFFA8
:109CF00070B586B00025064600950195029503953E
:109D000000681D49884234D11C49886940F40070BC
:109D10008861886900F400700490886940F0080048
:109D200088618869032400F0080004900094694663
:109D30000194134800F082FC5020CDE900046946EC
:109D4000104800F07BFC114C0F48C4E9000580204E
:109D5000C4E9025040002061800060612020C4E915
:109D60000605204600F0F6FA08B1FFF71EFD346242
:109D7000666206B070BD0000002401400010024081
:109D8000000C014000080140080002404C13002074
:109D90002DE9F0470446884691462068434F444EDB
:109DA000A0F1804ABAF5923A01D0B84207D13068A2
:109DB00010F4702F03D001252846BDE8F08794F8F1
:109DC000240001280BD0012084F824002046FFF74E
:109DD00045FB054600212DB184F82410ECE7022054
:109DE000BDE8F087A06A20F0010020F4606040F434
:109DF0008070A0622068B8421AD1326812F4702FC5
:109E000016D0A26A42F48012A262306810F4806F09
:109E100005D0A06A20F4005040F48050A062A06AEF
:109E200010F4805F13D0E06A20F00600E0620FE0DB
:109E3000A26A22F48012A262406810F4806FEED011
:109E4000A06A20F4005040F48050A062E7E7E1628D
:109E500084F82410216A17488862216A1648C8626B
:109E6000216A1648086321686FF0020008602068C4
:109E7000816841F48071816020684B4600F14C019B
:109E80004246206A00F0BAFA206881684FF46022E6
:109E900032EA010104D0816841F4801181608BE7CE
:109EA000816841F4A001816086E70000002801403C
:109EB00004240140E79300085394000839940008F3
:109EC00090F821100022022905D00421816380F836
:109ED00020200120704701680B6823F00E030B60FF
:109EE00001680B6823F001030B6090F84030D0F854
:109EF0003CC0012101FA03F3CCF8043080F82110B2
:109F000080F82020104670472DE9F05F002490F87B
:109F10002110022903D004218163012490E001680B
:109F20000A6822F00E020A6001680A6822F0010243
:109F30000A60454A0168454BDFF814C1454D464E5D
:109F4000464FDFF81C81DFF81C91DFF81CA1DFF819
:109F50001CB1DFF81CE1914232D9994201D10121B3
:109F60002BE0614501D1102127E0A94202D14FF435
:109F7000807122E0B14202D14FF480511DE0B9421C
:109F800002D14FF4803118E0414502D14FF48011E5
:109F900013E0494501D101210FE0514501D11021C4
:109FA0000BE0594502D14FF4807106E0714502D1B2
:109FB0004FF4805101E04FF480312E4A116036E0B9
:109FC000994201D1012130E0614501D110212CE0FD
:109FD000A94202D14FF4807127E0B14202D14FF47F
:109FE000805122E0B94202D14FF480311DE0414559
:109FF00002D14FF4801118E0914202D14FF08071EC
:10A0000013E0494501D101210FE0514501D1102153
:10A010000BE0594502D14FF4807106E0714502D141
:10A020004FF4805101E04FF48031134A5160012117
:10A0300080F82110002180F82010416B01B1884781
:10A040002046BDE8F09F000080000240080002406A
:10A050001C00024030000240440002405800024010
:10A060006C000240080402401C040240300402401C
:10A07000440402400404024000000240806B704728
:10A080002DE9F05FC16B0A6801680B68D0F840B039
:10A090004FF0040C0CFA0BFC1CEA020FDFF880C234
:10A0A000A04CA14DA14EA24FDFF88882DFF8889224
:10A0B000DFF888A270D013F0040F7ED00A6812F087
:10A0C000200F03D10A6822F004020A609C4A01684A
:10A0D000914233D9614501D104212CE0A14201D143
:10A0E000402128E0A94202D14FF4806123E0B1422F
:10A0F00002D14FF480411EE0B94202D14FF48021D9
:10A1000019E0414502D14FF4800114E0494501D1E5
:10A11000042110E0514501D140210CE0894A9142CF
:10A1200001D1091507E0884A914202D14FF48041DC
:10A1300001E04FF48021854A116038E0614501D18A
:10A14000042132E0A14201D140212EE0A94202D1F6
:10A150004FF4806129E0B14202D14FF4804124E004
:10A16000B94202D14FF480211FE0414502D14FF4A2
:10A1700080011AE0914202D14FF0806115E049451B
:10A1800001D1042111E0514501D140210DE06D4A7A
:10A19000914202D1091508E00FE06B4A914202D1C9
:10A1A0004FF4804101E04FF48021694A5160C16A57
:10A1B000002970D0BDE8F05F08474FF0020E0EFA9C
:10A1C0000BFE1EEA020F67D013F0020F64D00A687C
:10A1D00012F0200F06D10A6822F00A020A6001215B
:10A1E00080F82110564A0168914233D9614501D166
:10A1F00002212CE0A14201D1202128E0A94202D174
:10A200004FF4007123E0B14202D14FF400511EE03F
:10A21000B94202D14FF4003119E0414502D14FF467
:10A22000001114E0494501D1022110E0514501D14E
:10A2300020210CE0434A914201D1491507E0424AEE
:10A24000914202D14FF4005101E04FF400313F4AF6
:10A25000116039E0614501D1022133E0A14201D111
:10A2600020212FE0A94202D14FF400712AE0B1422F
:10A2700002D14FF4005125E0B94202D14FF4003130
:10A2800020E0414502D14FF400111BE0914204D17E
:10A290004FF0007116E041E01FE0494501D1022175
:10A2A00010E0514501D120210CE0264A914201D114
:10A2B000491507E0244A914202D14FF4005101E0D0
:10A2C0004FF40031224A5160002180F82010816A49
:10A2D000002923D0BDE8F05F08474FF0080C0CFAC6
:10A2E0000BFC1CEA020F19D013F0080F16D00A68F5
:10A2F00022F00E020A6090F84020C36B012101FA9F
:10A3000002F25A60816380F82110002180F8201049
:10A31000016B002902D0BDE8F05F0847BDE8F09F5F
:10A32000080002401C00024030000240440002408D
:10A33000580002406C000240080402401C04024025
:10A340008000024030040240440402400404024001
:10A350000000024010B400280ED0224B0168224AAF
:10A3600099420CD2214B0B44A2FB033212099200FA
:10A3700002641F4AC2630BE010BC012070471D4BF2
:10A380000B44A2FB03321209920002641A4AC26310
:10A39000022280F821200A686FF30D12D0F808C05D
:10A3A0004368046943EA0C03D0F80CC04CEA040C7F
:10A3B00043EA0C03D0F814C043EA0C03D0F818C0E9
:10A3C00043EA0C03D0F81CC043EA0C031A430A60AA
:10A3D00000218163012280F8212080F8201010BC28
:10A3E0000020704708040240CDCCCCCCF8FFFDBF64
:10A3F00000000240F8FBFDBF0004024070B50446B7
:10A40000002594F8200001280DD0012084F82000B8
:10A4100094F821C00020BCF1010F06D084F8200080
:10A420000225284670BD022070BD4FF0020C84F852
:10A4300021C0A0632068D0F800C02CF0010CC0F847
:10A4400000C02046FFF767F8E06A28B1206801687D
:10A4500041F00E01016009E02068016821F004016B
:10A4600001602068016841F0020101602068016814
:10A4700041F001010160D4E770B5044600F0F8F93D
:10A480000546B4F1FF3F02D004480078044400F0D0
:10A49000EFF9401BA042FAD370BD00000800002075
:10A4A0002DE9F04705460F462A4E4FF00009C6F841
:10A4B000D0904FF0010ADFF8A08098F8180001282A
:10A4C0000BD0012088F818002868022808D04CF228
:10A4D0005030FFF7CFF9A8B136E00220BDE8F08791
:10A4E0004CF25030FFF7C6F928BB0120FFF75EF9A8
:10A4F0004CF25030FFF7BEF98246306920F004007C
:10A50000306121E04FF0FF303860AC68E86804EB60
:10A51000C020A04218D92046FFF75AF94CF250301B
:10A52000FFF7A8F98246306920F0020030615FEA47
:10A530000A0001D03C6007E004F50064E968A868FF
:10A5400000EBC120A042E6D888F818905046BDE83C
:10A55000F08700000020024018070020034801692E
:10A5600041F080010161002070470000002002409E
:10A570002DE9F05F0746884615461E46DFF88890AD
:10A580000020C9F8D0000024DFF880A09AF8180055
:10A59000012809D04FF0010B8AF818B04CF2503066
:10A5A000FFF768F918B127E00220BDE8F09F012FFE
:10A5B0001AD0022F1AD00427002F1DD922012846B5
:10A5C0003146FDF702FE81B208EB4400FFF712F9B5
:10A5D0004CF25030FFF74EF9D9F8101021F001017C
:10A5E000C9F8101040B903E00127E5E70227E3E7C7
:10A5F000611CCCB2BC42E1D300218AF81810C9F822
:10A60000D0B0BDE8F09F00000020024018070020F5
:10A61000002007490A6912F0800F08D0054A4A60F5
:10A62000054A4A60096911F0800F00D00120704787
:10A630000020024023016745AB89EFCD2DE9F84F9B
:10A640004FF0000C00230A68002A7DD0DFF8F88163
:10A650000F2708F1040909F1040A0AF1040B012289
:10A6600002FA0CF60A683240B2426ED1DFF8DCE141
:10A670004C68A4EB0E0574452BD00DDC032C34D0B4
:10A6800005DC34B3012C19D0022C2FD11BE0112C86
:10A6900016D0122C2AD119E0B5F5881F19D006DC86
:10A6A000B5F5803F15D0B5F5801F1FD111E0B5F588
:10A6B000001F0ED0B5F5041F18D10AE0CB6815E0D5
:10A6C000CB681B1D12E0CB6808330FE0CB680C335E
:10A6D0000CE08B6823B1012B04D00823466105E010
:10A6E000042303E00823066100E00023B2F5807F25
:10A6F00001D2054601E000F1040502D24FEA8C04C4
:10A7000003E0ACF108044FEA84042E6807FA04FE63
:10A7100026EA0E0603FA04F446EA04042C604C68A8
:10A7200014F0805F11D04A4CA56945F00105A56180
:10A73000A46904F0010400942CF0030404F18044A3
:10A7400004F58034A66801E07CE074E04FEA8C7583
:10A750004FEA157507FA05FE26EA0E0EA0F18046AF
:10A76000B6F5843628D0A0F18046B6F5863625D0D9
:10A77000A0F18046B6F5883622D0A0F18046B6F525
:10A780008A361FD0A0F18046B6F58C361CD0A0F1D9
:10A790008046B6F58E3619D0062606FA05F545EA46
:10A7A0000E05A5604C6814F4803F11D0D8F8004025
:10A7B0001443C8F8004010E00026EEE70126ECE75D
:10A7C0000226EAE70326E8E70426E6E70526E4E7AB
:10A7D000D8F800409443C8F800404C6814F4003F97
:10A7E00005D0D9F800401443C9F8004004E0D9F876
:10A7F00000409443C9F800404C6814F4801F05D011
:10A80000DAF800401443CAF8004004E0DAF80040E7
:10A810009443CAF800404C6814F4001F05D0DBF8DC
:10A8200000402243CBF8002005E0DBF8004024EA9A
:10A830000202CBF800200CF1010C0A6832FA0CF28B
:10A840007FF40DAFBDE8F88F000401400000111047
:10A85000001002408068084201D0012070470020AB
:10A860007047002A01D001617047090401617047F7
:10A8700001488068704700000800002070B5044659
:10A88000002C21D021684CF6CC400860216845F2AC
:10A89000555008602168606848602168A068886039
:10A8A000FFF7E6FF05462068C06810F0030F12D0DE
:10A8B000FFF7DEFF401B272808D92068C06810F08A
:10A8C000030F03D0032070BD012070BD2068C06855
:10A8D00010F0030FECD121684AF6AA20086000208E
:10A8E00070BD00684AF6AA21016000207047000090
:10A8F0000248816802781144816070470800002096
:10A9000010B50748016841F010010160032000F014
:10A910008BF80A2000F006F800F026F8002010BDA1
:10A920000020024070B504460D4D4FF47A7128782E
:10A93000B1FBF0F00B490968B1FBF0F000F0E4FC6A
:10A9400008B1012070BD102C07D200222146501EF4
:10A9500000F036F86C60002070BD012070BD000072
:10A9600008000020140000200C4808B5816941F05F
:10A9700001018161816901F001010091C16941F02A
:10A980008051C161C06900F0805000900448416866
:10A9900021F0E06141F00071416008BD001002400B
:10A9A0000000014000280ADB00F01F01012202FA2A
:10A9B00001F14009800000F1E020C0F8001170476B
:10A9C00010B4184B1B68C3F30223C3F1070CBCF18E
:10A9D000040F01D94FF0040C1C1D072C01D20023D9
:10A9E00000E0DB1E012404FA0CFCACF1010C0CEAC3
:10A9F0000101994004FA03F35B1E1A401143002839
:10AA000006DB00F1E020090180F8001410BC70475B
:10AA100000F00F0000F1E020090180F8141D10BCC7
:10AA2000704700000CED00E000F00700064A1168D6
:10AA30004FF6FF03194041EA002040F0FD7040F05E
:10AA400080601060704700000CED00E010B586B02B
:10AA500001463CA0D0F808C043680268C068CDF841
:10AA600010C00393029205903AA000680190002064
:10AA7000394C042936D00EDC01293DD0022908D1F9
:10AA800000F0E0F96168C1F38131491C4900B0FB75
:10AA9000F1F006B010BD082929D01029F9D161685C
:10AAA000226812F0807FF4D002A8C1F38342805C58
:10AAB00011F4803F09D0616801AAC1F34041515CA3
:10AAC000264AB2FBF1F1484301E025494843616859
:10AAD00011F4800FDDD123494000A1FB001006B026
:10AAE000400810BD06B0BDE8104000F0BBB906B08C
:10AAF000BDE8104000F0B6B9216A01F44072B2F529
:10AB0000807F06D111F0020F03D006B04FF4004051
:10AB100010BDB2F5007F07D1626A12F0020F03D0B8
:10AB200049F6404006B010BD4FF4407232EA0101D0
:10AB3000F8D1216811F4003FF4D006B04FF2244060
:10AB400010BD000002030405060708090A0B0C0DDE
:10AB50000E0F1010010200000010024000127A00D7
:10AB600000093D00ABAAAAAA2DE9F8430446DFF884
:10AB70001C81207810F0010F6CD00027D8F81C0041
:10AB800010F0805F0BD1D8F81C0040F08050C8F85E
:10AB90001C00D8F81C0000F08050009001273C4DAC
:10ABA000286810F4807F16D1286840F480702860EF
:10ABB000FFF75EFE0646286810F4807F0BD1FFF792
:10ABC00057FE801B642802D90320BDE8F88328685B
:10ABD00010F4807FF3D0D8F8200000F4407048B320
:10ABE000A18801F44071814224D0D8F8200020F4DB
:10ABF0004070284901220A6000220A60C8F820003B
:10AC000010F0010F16D0FFF733FE0546D8F82000EC
:10AC100010F0020F0ED141F28836FFF729FE401BDB
:10AC2000B04202D90320BDE8F883D8F8200010F024
:10AC3000020FF2D0D8F82000616820F44070084379
:10AC4000C8F82000012F05D1D8F81C0020F0805052
:10AC5000C8F81C00207810F0020F07D0D8F80400C4
:10AC6000A16820F440400843C8F80400207810F0A0
:10AC7000100F07D0D8F80400616920F48000084361
:10AC8000C8F804000020BDE8F8830000001002406E
:10AC900000700040400442422DE9F04704460D4652
:10ACA000002C17D0DFF85C81D8F8000000F0070016
:10ACB000A84212D2D8F8000020F007002843C8F8B4
:10ACC0000000D8F8000000F00700A84205D00120DD
:10ACD000BDE8F0870120BDE8F08720684A4E10F0FB
:10ACE000020F14D010F0040F03D0706840F4E0603D
:10ACF0007060207810F0080F03D0706840F4605046
:10AD00007060706820F0F001A068084370602078DF
:10AD100010F0010F3AD06068012806D002280BD04D
:10AD2000316811F0020F27D00AE0316811F4003FBA
:10AD300006D10120BDE8F087316811F0007F18D0FE
:10AD4000716821F0030108437060FFF791FD074629
:10AD50007068616800F00C00B0EB810F16D041F212
:10AD60008839FFF785FDC01B484508D90320BDE899
:10AD7000F0870120BDE8F0870120BDE8F08770680A
:10AD8000616800F00C00B0EB810FEAD1D8F8000048
:10AD900000F00700A8420FD9D8F8000020F0070003
:10ADA0002843C8F80000D8F8000000F00700A842C7
:10ADB00002D00120BDE8F087207810F0040F05D004
:10ADC0007068E16820F4E06008437060207810F05B
:10ADD000080F06D07068216920F4605040EAC10075
:10ADE000706000F03FF87168084AC1F30311515CCC
:10ADF000C8400749086007480068FFF793FD002036
:10AE0000BDE8F0870020024000100240BCE30108CA
:10AE1000140000200C00002001480068704700006A
:10AE20001400002000B5FFF7F7FF04494968044A01
:10AE3000C1F30221515CC84000BD00000010024077
:10AE4000CCE3010800B5FFF7E7FF04494968044A6D
:10AE5000C1F3C221515CC84000BD00000010024097
:10AE6000CCE3010885B015A0836842680168C0681A
:10AE7000039302920191049014A000680090144B77
:10AE80005968144801F00C02042A11D0082A0FD185
:10AE900001A8C1F38342805C11F4803F0AD0596855
:10AEA000C1F340411DF801100A4A5043B0FBF1F0D4
:10AEB00005B07047084905B04843704702030405D0
:10AEC000060708090A0B0C0D0E0F101001020000F6
:10AED0000010024000127A0000093D002DE9F84FF1
:10AEE0000446002C0FD02078F84D10F0010F6CD0E4
:10AEF000686800F00C0004280CD0686800F00C00B2
:10AF0000082803D010E00120BDE8F88F686810F42D
:10AF1000803F09D0286810F4003F56D060680028B0
:10AF200053D10120BDE8F88F6068B0F5803F15D09F
:10AF3000C8B1B0F5A02F1FD0286820F48030286059
:10AF4000286820F480202860606858B3FFF790FCE0
:10AF50000646286810F4003F17D036E0286840F411
:10AF600080302860F0E7286820F480302860286866
:10AF700020F480202860E7E7286840F480202860DB
:10AF8000286840F480302860DEE7FFF771FC801B02
:10AF9000642802D90320BDE8F88F286810F4003F28
:10AFA000F3D012E0FFF764FC0646286810F4003F77
:10AFB0000BD0FFF75DFC801B642802D90320BDE89D
:10AFC000F88F286810F4003FF3D12078C04F10F0BC
:10AFD000020F4FF0010B4FF0000854D0686810F0DA
:10AFE0000C0F14D0686800F00C00082803D16868C2
:10AFF00010F4803F0BD0206978B3C7F800B0FFF79A
:10B0000037FC0646286810F0020F12D01DE02868B1
:10B0100010F0020F05D02069012802D00120BDE800
:10B02000F88F2868616920F0F80040EAC1002860C4
:10B0300029E0FFF71DFC801B022802D90320BDE890
:10B04000F88F286810F0020FF3D02868616920F0AB
:10B05000F80040EAC100286015E0FFE7C7F800806B
:10B06000FFF706FC0646286810F0020F0BD0FFF72A
:10B07000FFFB801B022802D90320BDE8F88F286857
:10B0800010F0020FF3D1207810F0080F30D0914863
:10B09000A169C1B1C0F800B0FFF7EAFB0646686AD3
:10B0A00010F0020F0BD1FFF7E3FB801B022802D93F
:10B0B0000320BDE8F88F686A10F0020FF3D001207A
:10B0C00001F088F914E0C0F80080FFF7D1FB0646D4
:10B0D000686A10F0020F0BD0FFF7CAFB801B022832
:10B0E00002D90320BDE8F88F686A10F0020FF3D18F
:10B0F000207810F0040F6FD00026E86910F0805F10
:10B1000008D1E86940F08050E861E86900F08050BB
:10B1100000900126DFF8C0A1DAF8000010F4807F6B
:10B120001BD1DAF8000040F48070CAF80000FFF785
:10B130009FFB8146DAF8000010F4807F0DD1FFF705
:10B1400097FBA0EB0900642802D90320BDE8F88F23
:10B15000DAF8000010F4807FF1D0E068012816D002
:10B16000D0B1052821D0286A20F001002862286A81
:10B1700020F004002862E06841F2883A68B3FFF7E3
:10B1800077FB8146286A10F0020F17D03AE0286A50
:10B1900040F001002862EEE7286A20F001002862F2
:10B1A000286A20F004002862E5E7286A40F00400DD
:10B1B0002862286A40F001002862DCE7FFF758FBAC
:10B1C000A0EB0900504502D90320BDE8F88F286A9A
:10B1D00010F0020FF2D015E01AE0FFE7FFF748FB8E
:10B1E0008146286A10F0020F0CD0FFF741FBA0EB5C
:10B1F0000900504502D90320BDE8F88F286A10F0F5
:10B20000020FF2D1012E03D1E86920F08050E861ED
:10B21000E069E8B3696801F00C0108295ED00228F2
:10B2200010D0C7F86080FFF723FB0446286810F0B1
:10B23000007F66D0FFF71CFB001B022841D90320CA
:10B24000BDE8F88FC7F86080FFF712FB0646286854
:10B2500010F0007F0BD0FFF70BFB801B022802D9F8
:10B260000320BDE8F88F286810F0007FF3D1206A32
:10B27000B0F5803F05D16868A16820F4003008432C
:10B280006860616A206A0843696821F4741100E00B
:10B2900037E008436860C7F860B0FFF7E9FA044692
:10B2A000286810F0007F2CD1FFF7E2FA001B02287B
:10B2B00002D90320BDE8F88F286810F0007FF3D092
:10B2C0001FE0286810F0007FB4D11AE0001002409F
:10B2D00000004242800442420070004001280DD02C
:10B2E0006868226A00F48031914204D1616A00F4F6
:10B2F0007010884205D00120BDE8F88F0120BDE81C
:10B30000F88F0020BDE8F88F401EB0F1807F01D398
:10B31000012070474FF0E0214861044AF02010708E
:10B3200000208861072008610020704723ED00E0BD
:10B3300070477047704730B490F83C20012A3AD0EB
:10B34000012480F83C40022280F83D200268D2F8B7
:10B3500004C093682CF0700C0D6845EA0C0CC2F820
:10B3600004C00268A2F1804CBCF5963C16D0A2F154
:10B37000804CBCF59A3C11D0B2F1804F0ED0A2F1B6
:10B38000804CBCF5806C09D0A2F1804CBCF5006CFF
:10B3900004D0A2F1804CBCF5406C04D123F08003B2
:10B3A00049681943916080F83D40002180F83C10C5
:10B3B00030BC0020704730BC0220704710B50446F6
:10B3C000002C03D094F83D0010B10EE0012010BD18
:10B3D000002084F83C00204601F0E4F9A06C08B994
:10B3E0001148A064A16C20468847022084F83D00E3
:10B3F000211D206801F0A2F8012084F8460084F89D
:10B400003E0084F83F0084F8400084F8410084F84E
:10B41000420084F8430084F8440084F8450084F82E
:10B420003D00002010BD00002DB4000870470168E9
:10B43000CA6822F00102CA6001680A6A41F2111367
:10B440001A4207D10A6A9B101A4203D10A6822F0F5
:10B4500001020A60012180F83D100020704770470A
:10B4600010B504460068104988421BD1207F01288E
:10B4700018D10021204600F0FBFA0C4A81B2508816
:10B48000081A80B232280BD92068036A9B07036A26
:10B4900002D523F0020301E043F00203036251806E
:10B4A0000520107010BD0000000800400C030020B3
:10B4B000704770B505460C4695F83C0001281CD035
:10B4C000012085F83C00D2B1042A29D0082A39D0BD
:10B4D000E36862682168286801F021FA2868C16978
:10B4E00021F44061C1612868C169A26841EA022172
:10B4F000C161002085F83C0070BD022070BDE3688A
:10B5000062682168286801F08FF92868816921F054
:10B510000C01816128688169A26811438161E8E7B3
:10B52000E36862682168286801F0BBF928688169CE
:10B5300021F44061816128688169A26841EA0221A1
:10B540008161D6E7E36862682168286801F0C9F97B
:10B550002868C16921F00C01C1612868C169A2682D
:10B560001143C161C5E7000010B50446002C03D0AB
:10B5700094F83D0010B10EE0012010BD002084F8C9
:10B580003C00204601F00EF9206D08B911482065F5
:10B59000216D20468847022084F83D00211D206847
:10B5A00000F0CCFF012084F8460084F83E0084F8C7
:10B5B0003F0084F8400084F8410084F8420084F899
:10B5C000430084F8440084F8450084F83D000020DE
:10B5D00010BD0000D9B5000800B585B0002100916C
:10B5E0000191029103910068114988421ED11148CE
:10B5F000C16941F00401C161C16901F00401049114
:10B60000816941F0080181618069694600F00800A4
:10B610000490402000900848FFF710F800221146DF
:10B620001E20FFF7CDF91E20FFF7BCF905B000BDC5
:10B630000008004000100240000C014070B50446B4
:10B64000206801694FF0000511F0020F1AD0C1689F
:10B6500011F0020F16D0E91E016101202077206849
:10B66000806910F0030F04D0D4F89010204688476A
:10B6700007E0D4F8981020468847D4F89C1020465C
:10B68000884725772068016911F0040F1BD0C16835
:10B6900011F0040F17D06FF0040101610220207730
:10B6A0002068806910F4407F04D0D4F890102046C0
:10B6B000884707E0D4F8981020468847D4F89C10B3
:10B6C0002046884725772068016911F0080F1BD0B4
:10B6D000C16811F0080F17D06FF008010161042054
:10B6E00020772068C06910F0030F04D0D4F89010C0
:10B6F0002046884707E0D4F8981020468847D4F8B9
:10B700009C102046884725772068016911F0100FAA
:10B710001BD0C16811F0100F17D06FF0100101613C
:10B72000082020772068C06910F4407F04D0D4F846
:10B7300090102046884707E0D4F8981020468847A4
:10B74000D4F89C102046884725772068016911F0BD
:10B75000010F0AD0C16811F0010F06D06FF001018E
:10B760000161D4F88010204688472068016911F0F3
:10B77000800F0AD0C16811F0800F06D06FF08001F1
:10B780000161D4F8B010204688472068016911F0A3
:10B79000400F0AD0C16811F0400F06D06FF0400191
:10B7A0000161D4F88810204688472068016911F0AB
:10B7B000200F0CD0C16811F0200F08D06FF02001CD
:10B7C00001612046D4F8A810BDE87040084770BD5C
:10B7D00000B585B0002100910191029103910068AC
:10B7E000104988421CD11048816941F010018161E3
:10B7F0008069694600F0100004904FF400700090DA
:10B8000002200190032003900848FEF717FF084824
:10B81000416821F4406141F0E06141F440614160E0
:10B8200005B000BD000400400010024000100140BF
:10B8300000000140704770B504460D4694F83C0086
:10B8400001280AD0012084F83C0042B1042A1AD011
:10B85000082A2DD00C2A53D13EE0022070BD294683
:10B86000206800F0C3FE2068816941F00801816111
:10B870002068816921F004018161206881692A6959
:10B88000114381613CE02946206800F0E7FE206812
:10B89000816941F4006181612068816921F48061DE
:10B8A0008161206881692A6941EA0221816127E07A
:10B8B0002946206800F00EFF2068C16941F00801A8
:10B8C000C1612068C16921F00401C1612068C169BA
:10B8D0002A691143C16113E02946206800F036FF50
:10B8E0002068C16941F40061C1612068C16921F427
:10B8F0008061C1612068C1692A6941EA0221C16190
:10B90000002084F83C0070BD10B50446002C03D024
:10B9100094F83D0010B10EE0012010BD002084F825
:10B920003C00204600F03EFF206E08B9114820661A
:10B93000216E20468847022084F83D00211D2068A2
:10B9400000F0FCFD012084F8460084F83E0084F8F5
:10B950003F0084F8400084F8410084F8420084F8F5
:10B96000430084F8440084F8450084F83D0000203A
:10B9700010BD000079B9000808B500680649884282
:10B9800008D10648C16941F00201C161C06900F0F7
:10B990000200009008BD00000004004000100240BA
:10B9A0007047704710B50446002909D004290AD011
:10B9B00008290BD094F8410001280AD0012010BDBD
:10B9C00094F83E00F8E794F83F00F5E794F840005B
:10B9D000F2E7022089B304293DD008293ED084F83B
:10B9E00041000122206800F0F1FD1E4920681E4A36
:10B9F000884201D0904203D1436C43F40043436436
:10BA0000206888421AD0904218D0B0F1804F15D0EB
:10BA1000A0F18041B1F5806110D0A0F18041B1F575
:10BA200000610BD0A0F18041B1F5406106D0016802
:10BA300041F001010160002010BD09E0816801F0C2
:10BA400007010629F7D0016841F001010160F2E722
:10BA500084F83E00C5E784F83F00C2E784F8400060
:10BA6000BFE70000002C01400034014070477047E0
:10BA700002460020002908D0042909D008290AD04C
:10BA80000C2901D11068006C70471068406B70473A
:10BA90001068806B70471068C06B70470023002AE5
:10BAA00018D090F83CC0BCF1010F15D04FF0010C3C
:10BAB00080F83CC090F83DC0BCF1010F0ED090F86A
:10BAC0003DC0BCF1000F60D00123002180F83C1084
:10BAD0001846704701207047022070471B2952D238
:10BAE000DFE801F00E10121416181A1C1E20222472
:10BAF00026282A2D303336393C3F4245484B4E00EC
:10BB00008264E2E7C264E0E70265DEE74265DCE703
:10BB10008265DAE7C265D8E70266D6E74266D4E70F
:10BB20008266D2E7C266D0E70267CEE74267CCE71B
:10BB30008267CAE7C267C8E7C0F88020C5E7C0F8D7
:10BB40008420C2E7C0F88820BFE7C0F88C20BCE79B
:10BB5000C0F89020B9E7C0F89420B6E7C0F8982064
:10BB6000B3E7C0F89C20B0E7C0F8A020ADE7C0F86C
:10BB7000A420AAE7C0F8A820A7E7C0F8AC20A4E753
:10BB8000C0F8B020A1E701239FE70E2924D2DFE807
:10BB900001F007090B0D0F11131517191B1D1F219C
:10BBA000826492E7C26490E702658EE742658CE7A3
:10BBB00082658AE7C26588E7026686E7426684E7AF
:10BBC000826682E7C26680E702677EE742677CE7BB
:10BBD00082677AE7C26778E7012376E770477047A4
:10BBE000704770B504462068C16821F4F071C160E7
:10BBF0002068416921F001014161206B012804D1D5
:10BC00002068C16821F01001C160206841694FF0CF
:10BC1000100611F0800F4FF000050FD0416921F0A0
:10BC200080014161606B48B14563606BFEF748F984
:10BC300020B1606BFEF722FA20281FD020684169EE
:10BC400011F0400F0FD0416921F040014161A06B1C
:10BC500048B14563A06BFEF733F920B1A06BFEF746
:10BC60000DFA20280DD0E584E5852564202084F890
:10BC70003E0084F83D002563002070BD266403204B
:10BC800070BD2664032070BD70B504462068C1688D
:10BC900021F49071C1602068416921F00101416186
:10BCA000206B012804D12068C16821F01001C16017
:10BCB000206841694FF0000511F0400F0FD0416935
:10BCC00021F040014161A06B48B14563A06BFEF7D4
:10BCD000F7F820B1A06BFEF7D1F9202806D0E58552
:10BCE000202084F83E002563002070BD10202064D1
:10BCF000032070BD70B5144A016891421DD1046CD7
:10BD0000124804F0D7FA200703D510480C3804F085
:10BD1000D1FA0E4D6007A5F10C0502D5281D04F0DF
:10BD2000C9FAA00703D50948001F04F0C3FA6C62E2
:10BD3000074900200870887070BD06488142FBD119
:10BD4000BDE8704004F072BA0044004008120020C0
:10BD50001403002000380140F8B50446226810683A
:10BD6000D168536900F00F0CBCF1000F0AD110F03C
:10BD7000200F07D011F0200F04D02046BDE8F84076
:10BD800000F08DBE0025BCF1000F6DD003F0010C5A
:10BD900001F490765CEA060666D010F0010F06D03A
:10BDA00011F4807F03D0226C42F00102226410F073
:10BDB000040F06D013F0010F03D0226C42F00202F0
:10BDC000226410F0020F06D013F0010F03D0226C92
:10BDD00042F00402226410F0080F08D001F02002A3
:10BDE00052EA0C0203D0226C42F008022264226C58
:10BDF000002A2FD010F0200F05D011F0200F02D014
:10BE0000204600F04CFE20684069C0F38010216C91
:10BE100011F0080F00D110B3204600F01BFE20687F
:10BE2000416911F0400F16D0416921F04001416194
:10BE3000A06B60B147494163A06BFEF765F800282D
:10BE400008D0A06B416B01B0BDE8F0400847204628
:10BE5000FFF750FFF8BD2046FFF74CFFF8BD204626
:10BE6000FFF748FF2564F8BD236B012B5BD110F071
:10BE7000100F58D011F0100F55D010685068009076
:10BE800050694FF0200310F0400F2ED0A16B0868CE
:10BE9000406880B20028E6D0B4F82CC08445E2D9CE
:10BEA000E0858869202818D0D06820F48070D060A0
:10BEB0002068416921F0010141612068416921F058
:10BEC0004001416184F83E3025632068C16821F05B
:10BED0001001C160A06BFDF7F3FFA08DE18D401A4A
:10BEE00081B22046FFF77CFEF8BDA08DE18D401A9F
:10BEF00081B2E08D0028F7D00029F5D0D06820F479
:10BF00009070D0602068426922F00102426184F89A
:10BF10003E3025632068C26822F01002C2602046CD
:10BF2000FFF75EFEF8BD10F0800F07D011F0800F14
:10BF300004D02046BDE8F84000F08FBE10F0400F5E
:10BF4000F0D011F0400FEDD02046BDE8F84000F0F1
:10BF500099BD000045CA000870B50446002C04D005
:10BF600094F83D00002510B106E0012070BD84F872
:10BF70003C50204600F022F8242084F83D00206840
:10BF8000C16821F40051C160204600F0E7FD20683F
:10BF9000016921F4904101612068416921F02A0181
:10BFA00041612068C16841F40051C16025642020CE
:10BFB00084F83D0084F83E00002070BD704790F882
:10BFC0003E30202B01D00220704759B152B190F879
:10BFD0003C30012B08D0012380F83C300023036360
:10BFE00000F020BE012070470220704710B50068A5
:10BFF000074988420AD10748007806F059FFBDE892
:10C000001040012203490448FFF7D9BF10BD0000CA
:10C010000038014024030020D812002070B50546E6
:10C020000068134988421ED1124C207803281AD187
:10C03000A0782179884202D2A078401CA070A07814
:10C040002179884201D304200CE0A068A178012264
:10C0500001440948FFF7B3FF28B10749583104F0FC
:10C06000DBF9002020702846BDE87040FFF7BEBF16
:10C070000044004014030020B811002090F83D3027
:10C08000202B01D002207047A9B1A2B190F83C301A
:10C09000012B12D001628284C2840021016421221A
:10C0A00080F83D2080F83C100068C16841F08001B4
:10C0B000C1600020704701207047022070470000D7
:10C0C0000068094988420DD108498888401C80B21F
:10C0D00088804A88904205D2896801220144044838
:10C0E000FFF7CCBF70470000003801402403002058
:10C0F000D81200202DE9F041064600681A4988420E
:10C100002AD11A4CA078E178002588420ED2A06886
:10C11000A178012201441648FFF7B0FF10B114497D
:10C12000543116E0A078401CA07015E02078022859
:10C1300011D103202070A57020790D4F583780B1A0
:10C14000A06870B1A16801220948FFF738FF18B153
:10C15000394604F061F925703046BDE8F041FFF73B
:10C16000AFBF39460120F4E700440040140300202B
:10C17000B8110020FEE700000449097B19B1002135
:10C18000018001207047002070470000BC020020A1
:10C190003EB50021234800910191214A029102609D
:10C1A0009215826001240473017504254FF4602206
:10C1B0000561C2614160FDF7F9FC08B1FDF7F5FAD0
:10C1C0000820CDE900040624694616480294FDF7CC
:10C1D00051FC08B1FDF7E9FA092000900220CDE9F1
:10C1E000010469460F48FDF745FC08B1FDF7DDFA8B
:10C1F00003200095CDE9010469460A48FDF73AFCA1
:10C2000008B1FDF7D2FACDE9004569460548029428
:10C21000FDF730FC002801D0FDF7C7FA3EBD000055
:10C22000002401401C130020094808B5416941F071
:10C23000010141614069002200F0010000900A21E3
:10C240000B20FEF7BDFBBDE808400B20FEF7AABBA4
:10C250000010024070B586B000241C480094019480
:10C2600002940394816941F004018161816901F0C4
:10C2700004010491816941F020018161816901F02B
:10C2800020010491816941F008018161816901F017
:10C2900008010491816941F01001816180690122E6
:10C2A00000F010000A4ED503049029463046FEF7F0
:10C2B000D8FA01200095CDE90104022003906946D7
:10C2C0003046FEF7BBF906B070BD0000001002401A
:10C2D00000080140FEE77047F8B50546694603F0DF
:10C2E000E5FA234A002350B3022832D0032835D080
:10C2F000BDF800001F4E00EB800102EB410156F833
:10C30000207006EB80007D1B406805EB8505381A20
:10C310006D00B5FBF0F0084401B22046164C61F305
:10C320001F40B4F90450A94204DA914202DD491CCD
:10C3300061F31F400114A18063F30700F8BDBDF84D
:10C34000000000EB800002EB4001204661F31F403B
:10C35000F2E7204662F31F40012105E040F2E2418E
:10C36000204661F31F40022161F30700F8BD000081
:10C3700070FEFFFFD4E601086003002010B50D4CED
:10C380004FF49670A0606078002812D00020607092
:10C390000948008880B2A0F57061FF3901D1401EC4
:10C3A00080B20649B1FBF0F0A0F59670FFF794FF5C
:10C3B000E06010BD60030020A0130020D4BE120076
:10C3C00002484078002800D00120704784030020F4
:10C3D0007047704781B007494FF4FA520968B1FBC2
:10C3E000F2F14843009000BF0098411E0091FAD23C
:10C3F00001B0704714000020014900200870704708
:10C400008403002070470000074A1378984207D140
:10C410005378052B02D25B1C53707047087070472D
:10C4200010700020507070471003002070B5194C38
:10C43000A079A0F5FA60C0B201F051FC04F10A0540
:10C44000A871607901F04BFC2871207901F047FC5C
:10C45000E870E08861792279FDF751FA401CC0B29A
:10C46000E07001F03CFC6871A07801F038FCA87025
:10C47000607801F034FC6870207801F030FC28709E
:10C480000722294604A006F038FB2846BDE8704084
:10C49000FDF772B9080F00207365742074696D652B
:10C4A0000000000010B5FEF723FABDE810400BF0C5
:10C4B000A7BE30B595B028216846FBF7CDFE142104
:10C4C00010A8FBF7C9FE18210AA8FBF7C5FE012139
:10C4D0000804CDE900100024029402250491CDE95E
:10C4E00007504FF4E01009906846FEF7F7FC0F2064
:10C4F000CDE910056802CDE91240022110A814947C
:10C50000FEF7CAFB10200F940A900AA8FEF72CFB36
:10C51000A8030C900A950AA8FEF726FB15B030BDBB
:10C52000704700000148FFF789B800009C0F002009
:10C530000148FFF783B8000004110020F0B402683E
:10C54000DFF874C01D4C1E4D1E4E1F4B60450AD0B7
:10C55000984208D0B0F1804F05D0A04203D0A84245
:10C5600001D0B04203D122F070024F683A436045D7
:10C570000AD0984208D0B0F1804F05D0A04203D035
:10C58000A84201D0B04203D122F44072CC682243C9
:10C590004C6922F08002224302608A68C2620A6803
:10C5A0008262604501D0984201D10969016301218D
:10C5B0004161F0BC70470000002C014000040040C5
:10C5C00000080040000C00400034014001F01F0151
:10C5D00001238B40D0F820C02CEA03030362036AD6
:10C5E00002FA01F1194301627047000070B4026A57
:10C5F00022F001020262036A4268D0F818C02CF0EF
:10C60000700C2CF0030C0C6844EA0C0C23F00203B1
:10C610008C6823430F4C104DA04201D0A84205D195
:10C6200023F00803CE68334323F00403A04201D073
:10C63000A84207D122F4807222F400724C6922438E
:10C640008C6922434260C0F818C0496841630362A4
:10C6500070BC7047002C01400034014070B4026A85
:10C6600022F010020262036A4268D0F818C02CF46B
:10C67000E04C2CF4407C0C684CEA042C23F02003A2
:10C680008C6843EA0413114C114DA04201D0A8421A
:10C6900006D123F08003CE6843EA061323F040035B
:10C6A000A04201D0A84209D122F4806222F40062A3
:10C6B0004C6942EA84028C6942EA84024260C0F812
:10C6C00018C049688163036270BC7047002C014048
:10C6D0000034014070B4026A22F480720262036A7C
:10C6E0004268D0F81CC02CF0700C2CF0030C0C68C5
:10C6F00044EA0C0C23F400738C6843EA0423114CC5
:10C70000114DA04201D0A84206D123F40063CE68A7
:10C7100043EA062323F48063A04201D0A84209D152
:10C7200022F4805222F400524C6942EA04128C69CD
:10C7300042EA04124260C0F81CC04968C163036247
:10C7400070BC7047002C01400034014010B4026AF4
:10C7500022F480520262D0F820C04268C36923F4F8
:10C76000E04323F440730C6843EA04232CF4005C98
:10C770008C684CEA043CA0F18044B4F5963404D0B3
:10C78000A0F18044B4F59A3404D122F480424C697B
:10C7900042EA84124260C36149680164C0F820C063
:10C7A00010BC70471349C0F880101349C0F88410BA
:10C7B0001249C0F888101249C0F88C101149C0F80D
:10C7C00090101149C0F894101049C0F89810104901
:10C7D000C0F89C100F49C0F8A0100F49C0F8A41071
:10C7E0000E49C0F8A8100E49C0F8AC100D49C0F8A9
:10C7F000B01070476DBA00086FBA0008DDBB0008C2
:10C80000DFBB000861B40008B1B4000835B8000807
:10C81000A1B90008A3B900085FB4000833B3000849
:10C8200035B3000831B3000830B4D0F820C02CF084
:10C83000010CC0F820C0D0F818C0046AA0F18045EF
:10C84000B5F5963528D0A0F18045B5F59A3523D0B9
:10C85000B0F1804F20D0A0F18045B5F580651BD0A8
:10C86000A0F18045B5F5006516D0A0F18045B5F57D
:10C87000406511D04CF0010222F0F0024FF0F00CB4
:10C880000CEA03131A4324F00A0301F00A011943C6
:10C890008261016230BC70472CF0030C4CEA02024A
:10C8A000EAE710B4D0F820C02CF0100CC0F820C07B
:10C8B0008469D0F820C024F4407444EA022222F4AF
:10C8C00070424FF4704404EA03331A432CF0A0037F
:10C8D0004FF0A00C0CEA011119438261016210BCF7
:10C8E000704710B4D0F820C02CF4807CC0F820C071
:10C8F000C469D0F820C024F00304224322F0F002DF
:10C90000F02404EA03131A432CF400734FF4007C60
:10C910000CEA01211943C261016210BC704710B4D6
:10C92000D0F820C02CF4805CC0F820C0C469D0F8D6
:10C9300020C024F4407444EA022222F470424FF4EE
:10C94000704404EA03331A432CF400534FF4005CA0
:10C950000CEA01311943C261016210BC704700004A
:10C9600000B585B0002001900A48816941F00801B6
:10C9700081618069694600F0080004904FF400501E
:10C98000009002200290032003900348FDF756FE1A
:10C9900005B000BD00100240000C01400C4800B57D
:10C9A000816985B041F0080181618069694600F0C4
:10C9B000080004904FF40050009001200190029074
:10C9C000032003900348FDF739FE05B000BD0000C9
:10C9D00000100240000C014000B585B0002001901D
:10C9E00003900A48816941F00801816180696946C4
:10C9F00000F0080004904FF40050009001200290D5
:10CA00000348FDF71BFE05B000BD0000001002400A
:10CA1000000C01400148806870470000EC030020D2
:10CA2000421807498968824205D3914201D2814266
:10CA300003D2012070479142F9D8002070470000CE
:10CA4000EC03002010B5406A0021C185C184FFF7C6
:10CA500051F910BD0168CA6822F49072CA60016879
:10CA60004A6922F001024A61016B012904D101687F
:10CA7000CA6822F01002CA60202180F83E1000210E
:10CA80000163704710B50168CA6822F04002CA60AD
:10CA9000202180F83D10FFF72DFB002010BD08B5C8
:10CAA00090F83E10222901D0022008BD8268B2F51C
:10CAB000805F01D1016929B1816AB2F5805F1DD023
:10CAC00052B10BE0816A02685268C2F308020A8020
:10CAD000816A891C816209E002697AB10268526840
:10CAE00002F07F020A70816A491C8162C18D491E71
:10CAF0000904090CC18505D0002008BD02685268F0
:10CB00000A70F0E70168CA6822F02002CA60016872
:10CB1000CA6822F48072CA6001684A6922F0010280
:10CB20004A61202180F83E10016B012903D0FFF7F4
:10CB300075FA002008BD002101630168CA6822F06F
:10CB40001002CA6001680A6812F0100F02D00A6869
:10CB500049680091818DFFF743F8EAE770B5044614
:10CB600020680169E26821F44051114301612169A3
:10CB7000A0680843616901432068C26822F4037217
:10CB800022F4A0521143C16020684169A26921F4D6
:10CB90004071114341612068A0F18041B1F59C31A1
:10CBA0003AD0FEF73FF900EBC00101EB00106168DD
:10CBB0001B4A8900B0FBF1F3A2FB0353B0FBF1FC6D
:10CBC0005B096FF018056B430CEB83034FF0320CDD
:10CBD0000CEB0313A2FB03535B0903F0F005B0FB5E
:10CBE000F1F3A2FB03635B0905EB0313B0FBF1F563
:10CBF000B0FBF1F0A2FB001040096FF018014843B0
:10CC000005EB80000CEB0010A2FB00102168C0F3C4
:10CC100043101844886070BDFEF714F9C3E70000A4
:10CC20001F85EB5181628285C28500210164222229
:10CC300080F83E2080F83C100168CA6842F4807297
:10CC4000CA6001684A6942F001024A610068C1682D
:10CC500041F02001C1600020704790F83D1021296B
:10CC600001D0022070478168B1F5805F01D1016970
:10CC700061B1016A4A1C0262026809785160C18C84
:10CC8000491E0904090CC1840AD013E0016A026834
:10CC90000988C1F308015160016A891C0162EEE74D
:10CCA0000168CA6822F08002CA600068C16841F069
:10CCB0004001C160002070470148FFF74DB80000F7
:10CCC000D81200200148FFF747B80000B811002033
:10CCD0007047FEE7704700000B4910B5C01D4A6B56
:10CCE00020F00700131808460C6BC06AA34208D94D
:10CCF000064A904203D1C87808B90120C8700020C4
:10CD000010BD10444B6310BDA4040020B86800207F
:10CD10002DE9FE4F0BF02AFCF74C082725266078FA
:10CD200000254FF00E094FF00B0A4FF0020B4FF0A9
:10CD3000010825282BD2DFE800F02A13163E4F66A3
:10CD40009DDEFEFDFCFBFAF9F8F72A2A2A2A2A2A98
:10CD50002A2A2A2A2A2A2A2A2A2AF62A2A2AF500C6
:10CD600006F062F822E000F0A1FF01280FD1E249AD
:10CD7000258300221831E14805F054FF002806D031
:10CD8000DFA1DE48FBF773FA18B184F80180BDE833
:10CD9000FE8FDFA1D948FBF76AFA20B1FFF73AFE10
:10CDA000E0660320D2E22078022802D284F801B0A3
:10CDB000EDE72570EBE74FF4C871E06EFFF730FE4A
:10CDC0000028E4D00523D3A20F21D3A0CDF8008002
:10CDD00006F08EF90420B9E206F07AF90128D6D1DE
:10CDE00006F0E2F9FFF708FBCF49D0A081F80080F8
:10CDF00004F0A4FB1423C7A20E21CCA0009506F0DA
:10CE000077F90520A2E206F063F90128BFD1BB48FB
:10CE1000FBF755FA0104090C02D0B84804F080FB76
:10CE200004F0AAFB012804D06670BDE8FE4F06F0AE
:10CE3000C1B904F013FF01287ED1218CBF480095B1
:10CE4000CDE901010123BEA2190200F5307000F006
:10CE500061FFC44804F072FB04F07AFAC148FBF7A2
:10CE60002EFA81B2BF4804F079F8FFF7D3FDA06233
:10CE700006206BE20BF07AFBBB49A06AFFF7D0FDFE
:10CE800010B10021B9A027E39B49002218319B482B
:10CE900005F0C8FE00288BD0218B984804F040FB99
:10CEA000B6A19648FBF7E3F9B8B104F051FAB7A57B
:10CEB000284604F043FB04F04BFA2846FBF7FFF941
:10CEC00081B2284604F04AF80546FFF7A3FDA062A8
:10CED0000DB167705BE7072038E2B0A18748FBF728
:10CEE000C6F928B9B0A18548FBF7C1F9002873D06D
:10CEF0000021AFA0F0E20BF039FB40F6B831A06A98
:10CF0000FFF78EFD10BB7C49002218317B4805F0ED
:10CF100089FE0028DED0218B784804F001FB7DA13A
:10CF200076480AE01EE302E3DBE2A3E26EE20FE2F0
:10CF3000BEE087E044E00CE034E3FBF798F928B961
:10CF400099A16E48FBF793F90028D0D004F000FABD
:10CF5000BFE7218C7948CDE9000100F15003974AE1
:10CF60004FF480717F4800F0D5FE002801DDFF28D6
:10CF700002DD002192A0AFE2002396A22021994871
:10CF800000F0C8FE002801DD202802DB002196A069
:10CF9000A2E2944804F0D2FA04F0DAF904F030FD89
:10CFA0009048FBF78CF981B28E4803F0D7FF10B19F
:10CFB000002192A090E2FFF72DFDA0620920C5E1BB
:10CFC00041F2883004F0A8FD01280CD0022833D0AB
:10CFD00003287FF4EDAE00E08DE08EA004F02CFD80
:10CFE00000218CA078E25F48FBF769F985B2681CE4
:10CFF00086B2B6F5817F02D300218CA06CE259493C
:10D000002A4601F59070FBF700F976491A20203185
:10D01000485574483146203004F09CFA7148314636
:10D02000203003F09BFF10B1002187A054E2FFF7EE
:10D03000F1FCA0620A2089E18BA004F0FDFC002134
:10D0400089A049E20BF092FA44F62061A06AFFF74A
:10D05000E7FC10B1002188A03EE2274900221831E8
:10D06000264805F0DFFD00283FF4A2AE218B2348BF
:10D0700004F056FA84A12148FBF7F9F850B104F006
:10D08000B7FE04F04DFCFFF7C5FCE065206604F038
:10D090005FF916E27EA11948FBF7E9F828B942A129
:10D0A0001648FBF7E4F8002825D000217BA013E206
:10D0B0000BF05CFA207A48B9E07A082806D0607C48
:10D0C000E179084305D0012177A005E200217AA08B
:10D0D00002E27E49E06DFFF7A3FC10B100217CA0C5
:10D0E000FAE14EF66021206EFFF79AFC10B10021A4
:10D0F0007CA0F1E10AE120E200040020B515002047
:10D10000504F574552454420444F574E00000000B1
:10D11000524459004F4B000041542B514D54434C45
:10D120004F53453D300D0A008503002041542B51DB
:10D1300049434C4F53453D300D0A000088470020BD
:10D1400041542B51494F50454E3D25752C25752C8A
:10D1500022544350222C222573222C25752C302C4E
:10D16000300D0A00484A0020F04902006F70656ED9
:10D170005F74696D656F7574000000002B51494F35
:10D1800050454E3A20302C300000000041542B51C5
:10D190004953454E443D3F0D0A0000002B51494F75
:10D1A00050454E3A000000004552524F52000000D8
:10D1B0006F70656E5F6661696C65640088EA01087E
:10D1C000726571756573745F746F6F5F6C6F6E6796
:10D1D0000000000041542B514953454E443D2575F4
:10D1E0000D0A0000484B0020716973656E645F632F
:10D1F0006D645F746F6F5F6C6F6E670071697365EC
:10D200006E645F756172745F73656E645F66616999
:10D210006C000000716973656E645F70726F6D7091
:10D22000745F74696D656F75740000007265717567
:10D230006573745F7061796C6F61645F746F6F5F49
:10D240006C6F6E6700000000716973656E645F70DB
:10D2500061796C6F61645F756172745F73656E6430
:10D260005F6661696C000000716973656E645F726E
:10D27000656A65637465640073656E645F74696D87
:10D28000656F75740000000053454E44204F4B00FD
:10D2900053454E44204641494C00000073656E647E
:10D2A0005F6661696C6564007261775F626F647963
:10D2B0005F646F6E650000007261775F7374726502
:10D2C000616D5F6572726F720000000010090500E9
:10D2D0007261775F746F74616C5F74696D656F758F
:10D2E000740000007261775F69646C655F74696DDA
:10D2F000656F757400000000218BB24804F010F9CE
:10D30000B1A1B048FAF7B3FF04F022F80022B34904
:10D31000AC4805F087FC0028EED14FF400704110B6
:10D3200000900023AEA2B24800F0F4FCB04804F034
:10D3300005F904F00DF8AE48FAF7C1FF81B2AC4828
:10D3400003F00CFEFFF766FBA0620C2060701EE588
:10D350000BF00CF941F28831A06AFFF761FB10B1C4
:10D360000021A4A0B8E000229C49964805F05AFC90
:10D370000028ECD0218B934804F0D2F891486E46F7
:10D38000A0A1FAF774FF90B3801D00E0401C017863
:10D390002029FBD000210A466FF02F0708E000BFCC
:10D3A00001EB8101521C07EB41011944D2B2401C30
:10D3B0000378A3F1300CBCF1090FF1D9BAB140F2F6
:10D3C000DC50814214D83180BDF80000E08440B1C7
:10D3D000A575FFF71FFB20660D20607003F0B8FFF6
:10D3E000D5E4A07D401CA07584F80190F6E7FFE726
:10D3F00075A17448FAF73BFFAFF254217148FAF770
:10D4000036FF0028EAD0002180A02DE00BF0AEF816
:10D41000002513E09DF8000004F028F9012804D04D
:10D4200000217DA004F05CFB10E0E08C401E6D1C30
:10D43000E084ADB2A80601D10BF098F8E08C28B1D9
:10D440006946794801F00EFF0028E3D160780D2885
:10D45000C6D1E08C58B141F28831A06AFFF7E0FAFA
:10D460000028BDD0002171A004F03AFB8FE484F8BD
:10D4700001908CE40BF07AF841F28831A06AFFF752
:10D48000CFFA10B100216EA026E0002253494D488A
:10D4900005F0C8FB0028A3D0218B4A4804F040F8CF
:10D4A000AFF290314748FAF7E2FE68B103F050FF5F
:10D4B00004F07CFC012804D084F80880002166A0D8
:10D4C0000AE084F801A062E4AFF224313D48FAF7A3
:10D4D000CEFE90B3002166A003B0BDE8F04F04F08B
:10D4E000FFBA0BF043F842F21071A06AFFF798FA06
:10D4F0002025C0B900223949324805F093FB0028A5
:10D50000B4D0218B2F4804F00BF8AFF2F8312D483E
:10D51000FAF7ADFE28B9AFF270312A48FAF7A7FE44
:10D5200058B103F015FFA07CE0B365702FE404F060
:10D5300031FD012802D053A010E03EE0E28B216BC8
:10D54000606C0EF033FC012807D109F04FFF012871
:10D5500003D184F8029002F07DFF50A0BDE8FE4F99
:10D5600004F060BB0BF002F842F21071A06AFFF702
:10D5700057FAB8B900221949124805F053FB0028A0
:10D58000A1D0218B0F4803F0CBFFAFF278410D48BB
:10D59000FAF76DFE30B9AFF2F0310A48FAF767FEDC
:10D5A00000B900E004E044A10648FAF760FE20B1AB
:10D5B0006670BDE8FE4F04F02BBBBDE8FE4F03F0E4
:10D5C000C7BE0000B51500202B51495552433A20E3
:10D5D00022636C6F73656422000000001804002051
:10D5E00041542B514952443D25752C25750D0A0097
:10D5F000484A0020716972645F74696D656F757463
:10D60000000000002B514952443A000071697264D5
:10D610005F6572726F7200007261775F7061727322
:10D62000655F6572726F72007C3700207169726489
:10D630005F646174615F74696D656F75740000008B
:10D64000716972645F747261696C65725F74696D2F
:10D65000656F75740000000073747265616D5F70B2
:10D66000726F6772616D5F6572726F7200000000A9
:10D67000716972645F747261696C65725F65727200
:10D680006F72000073747265616D5F7665726966B2
:10D69000795F6661696C6564000000007065727393
:10D6A000697374656E745F61637469766174655FD4
:10D6B0006661696C656400002B434D4520455252FC
:10D6C0004F523A0010B5FFF7A5F90249C86603208A
:10D6D000487010BD000400202DE9F84FEF4CA078F1
:10D6E000002850D103F010FD2079062701260025DF
:10D6F0004FF0020A40F6B83840F2DC5B4FF0030905
:10D70000142840D2DFE800F03F0A0D4C5E7188C952
:10D71000DBF7EFEE3F3FEDECEBEAE9E805F084FBE9
:10D720002FE000F0C3FA01282DD1DC49E582002268
:10D730001631DB4805F076FA40B3E18AD84805F0A7
:10D74000DBF9D8A1D648FAF792FD20B12671BDE8E1
:10D75000F84F00F0B5BAD7A1D148FAF788FD48B123
:10D760003223D5A20B21D5A0009505F0C1FC84F889
:10D7700004900BE0E18ACA4805F0BEF9E07802287F
:10D7800003D284F804A0BDE8F88FE5703223CAA262
:10D790000B21CAA0009505F0ABFC84F80490F2E7D9
:10D7A00005F096FC0128EED1C7A003F025FB012867
:10D7B000E9D03223C0A20B21C5A0009505F098FC4A
:10D7C000042010E005F084FC0128DCD1C3A003F0A4
:10D7D00013FB0128D7D01423C2A20A21C5A00095AB
:10D7E00005F086FC05202071CDE705F071FC0128CD
:10D7F000C9D1C3A003F000FB0128C4D003F0CCFCC6
:10D80000A572E572C4F824801423ABA21721BEA030
:10D81000009505F06DFC3EE0E07A01281DD005F092
:10D8200057FC0128AFD1BEA003F0E6FA0128AAD028
:10D83000607A48B1BCA1BE48FAF748FD00B3BDA16B
:10D84000BB48FAF743FDD8B1A07A401CC0B2A07221
:10D85000642874D2C4F82480B8E0D4E90910FFF732
:10D86000DFF801288FD1E572C4F8248003F094FC1E
:10D87000142391A21721A4A0009505F039FC82E79A
:10D88000A572E57214238CA21D21ACA0009605F0B0
:10D890002FFC0720A7E7277175E705F019FC012881
:10D8A000A2D1AEA003F0A8FA01289DD0192382A22C
:10D8B0001946ADA0009605F01BFC082093E705F083
:10D8C00007FC012890D1AFA003F096FA01288BD075
:10D8D000192379A21D2108E0CBE0AAE097E07AE0C5
:10D8E00068E046E02CE018E005E0A8A0009605F00E
:10D8F000FFFB092077E705F0EBFB0128BFD1ABA0C8
:10D9000003F07AFA0128BAD019236BA21A21AAA02F
:10D91000009605F0EDFB0A2065E705F0D9FB01282C
:10D92000ADD1ACA003F068FA0128A8D0322362A2DE
:10D930000921AAA0009605F0DBFB0E2053E78AE040
:10D9400005F0C6FB01289AD10CF0AEFC78486021A6
:10D9500010300CF033FB00287DDD60287BDAC1B28B
:10D9600073485B46A0A21030009605F0C1FB122060
:10D9700039E705F0ADFB01288ED19FA003F03CFAFA
:10D98000012889D00DF01AFF002864D06848602172
:10D9900070300CF0E1FA00285DDD60285BDAC1B27E
:10D9A000634840F6CA0396A27030009605F0A0FBCB
:10D9B000102018E705F08CFB01289FD1E5736573F3
:10D9C00003F0EAFBA57247F230506062FFF722F8DD
:10D9D000A062E6725FE705F07BFB01288ED18CA088
:10D9E00003F00AFA01288ED051488021D0300CF083
:10D9F0008BFA00282FDD80282DDAC1B24C485B4617
:10DA000085A2D030009605F073FB1120EBE605F0FF
:10DA10005FFB012884D184A003F0EEF9012884D0B3
:10DA2000192383A20A2184A0009605F061FB0B2034
:10DA3000D9E605F04DFB012885D182A003F0DCF981
:10DA400001289ED01648602160380CF0D9FA0028D1
:10DA500001DD602803DBBDE8F84F00F011B9C1B269
:10DA60000F485B467AA26038009605F041FB132010
:10DA7000B9E605F02DFB01289FD179A003F0BCF990
:10DA80000128B0D065731420207184F80090BDE89F
:10DA9000F84F00221146072003F038BC8403002011
:10DAA000B5150020504F574552454420444F574E1E
:10DAB00000000000524459004F4B000041542B43DA
:10DAC00046554E3D300D0A004346554E300000008D
:10DAD00041542B4346554E3D310D0A004346554EA9
:10DAE000310000002B4350494E3A205245414459E1
:10DAF0000000000041542B4350494E3F0D0A0000E6
:10DB00004350494E0000000061742B71656E673D03
:10DB10002273657276696E6763656C6C220D0A000C
:10DB200051454E47000000004E4F434F4E4E0000FF
:10DB300005140020434F4E4E4543540041542B5191
:10DB40004D544346473D22726563762F6D6F646581
:10DB5000222C302C302C300D0A0000005245435648
:10DB60004D4F44450000000041542B514D54434655
:10DB7000473D2276657273696F6E222C302C340D0E
:10DB80000A00000056455253494F4E0041542B5154
:10DB90004D544346473D226B656570616C697665FF
:10DBA000222C302C3132300D0A0000004B454550FC
:10DBB000414C49564500000041542B514D544346B9
:10DBC000473D22716D7470696E67222C302C3330A2
:10DBD0000D0A0000514D5450494E470041542B430B
:10DBE00047534E0D0A0000002B514D545355423AF5
:10DBF00020302C312C3000004347534E00000000F1
:10DC00002B514D544F50454E3A20302C30000000DF
:10DC1000514D544F50454E002B514D54434F4E4E95
:10DC20003A20302C302C3000514D54434F4E4E0092
:10DC30002B51434349443A0041542B5143434944F7
:10DC40000D0A0000514D545355425F444F574E004A
:10DC50002B514D545355423A20302C322C30000079
:10DC6000514D545355425F55500000000348007910
:10DC7000142801D000207047012070478403002041
:10DC800010B501F013FA01F003FA03F085FA064823
:10DC9000002140F6B8328172C1724262C173417391
:10DCA0000121017110BD00008403002003480078A9
:10DCB000052801D00020704701207047EC030020A8
:10DCC0000149002008707047EC030020010901EBB6
:10DCD000810100F00F0000EB4100C0B270470A2143
:10DCE000B0FBF1F2B0FBF1F301FB1300120740EAC5
:10DCF00012607047002000BF00BF00BF00BF00BF20
:10DD000000BF00BF00BF00BF401CC0B20428F2D358
:10DD1000704700000FB41CB50246002007AC002974
:10DD20000BD0491ECDE90021054B6A4621460698D5
:10DD300000F04CF9009A002111701CBC5DF814FB36
:10DD4000FBE600080FB4084B10B504A902AA03981B
:10DD500000F03CF9044602A9002000F0D9FC20465E
:10DD600010BC5DF814FB000011E7000830B528B1C5
:10DD7000144C031F002021680A4605E0084630BD08
:10DD80009A4203D810465268002AF9D1002800D0E0
:10DD900041680BD00468A3EB0005A54204D11B68C1
:10DDA0001C440346046002E0436000E023603AB193
:10DDB0001C68D51AA54203D115682C441C60526812
:10DDC0005A6030BDD80600202DE9F04782460F4C3E
:10DDD00010480D4E0E4F001B4FF0000820F00705B5
:10DDE0004FF0010900221146504602F04FFB002877
:10DDF00002D1306810B10020BDE8F0873C60C4E972
:10DE00000058C6F80090EDE7DC0600203C850020B5
:10DE1000D80600203887002002E008C8121F08C179
:10DE2000002AFAD170477047002001E001C1121F9B
:10DE3000002AFBD1704700002DE9FF5F82B000216E
:10DE4000DDE90430020DDDF840B0034318D044F69C
:10DE50001050A2F2FF3242431514119801281FD02E
:10DE6000A5EB0B00401C5FEA000A4FF000064E4F86
:10DE7000DFF83891B046504615D5CAF1000413E0DA
:10DE8000119801244AA3012801D16FEA0B010298DD
:10DE9000119AC0E90031C0E9024206B0BDE8F09F26
:10DEA000CBF10000DFE704460021404A491842EB6D
:10DEB0000450CDE9001012E0E00707D032463B469F
:10DEC00040464946FAF75FFD8046894632463B4662
:10DED00010461946FAF757FD06460F466410002C07
:10DEE000EAD1DDE90401DDE90023BAF1000F06DA29
:10DEF000FAF749FD42464B46FAF745FD05E0FAF7C9
:10DF000076FF42464B46FAF772FF04460E46002261
:10DF1000284BFAF72FFE03D84FF0FF30014607E0F9
:10DF20000022254B20463146FAF786FCFAF7DAFF45
:10DF3000102409E0002C0ADB0A220023FAF714F966
:10DF4000039B30321A55641E50EA0102F2D1641C60
:10DF5000039AC4F111031444119A012A03D0012237
:10DF600008430DD10AE0084304D000204FF0110B04
:10DF7000119072E7A3EB0B056D1E0DE05B4504DD10
:10DF80004FF0000205F1010504E003DA4FF0000252
:10DF9000A5F10105002AECD002981199C0E90231DF
:10DFA000C0E9004579E70000000014400000F03FA0
:10DFB000300000000000F0430000E03F30380A2845
:10DFC00001D2012070470020704700002DE9FF4F6B
:10DFD00095B09B468946064600250FE2252877D155
:10DFE00000242746F84A0121059400E0044316F86E
:10DFF000013F203B01FA03F01042F7D130782A2884
:10E0000011D06FF02F033078A0F13002092A16D812
:10E01000059A44F0020402EB820203EB4202104430
:10E02000761C0590EFE759F8042B0592002A03DAD5
:10E03000504244F40054059044F00204761C3078B9
:10E040002E2816D116F8010F44F004042A280DD00A
:10E050006FF02F023078A0F13003092B09D807EBBD
:10E06000870302EB4303C718761CF3E759F8047BD8
:10E07000761C30786C280FD006DC4C2817D0682826
:10E080000DD06A2814D104E0742810D07A280FD15A
:10E090000DE044F400140AE044F4801401E044F478
:10E0A00040147278824202D104F58014761C761CEA
:10E0B000307866280BD013DC582877D009DC00288C
:10E0C00075D04528F6D04628F4D047281AD19DE1CE
:10E0D00018E0632835D0642879D0652812D195E1FD
:10E0E000702873D008DC6728F1D069286FD06E28BB
:10E0F0000DD06F2806D1B5E073282CD0752875D0C7
:10E10000782874D05A46179990476D1C75E1C4F36E
:10E110000250022809D003280DD0D9F80010042895
:10E120000DD00D6009F1040967E1D9F80010EA1774
:10E13000C1E90052F6E7D9F800100D80F2E70D7042
:10E14000F0E719F8041B8DF8001000208DF801008D
:10E15000EA46012003E059F804AB4FF0FF306107B5
:10E160004FF0000102D40DE008F101018846B942E8
:10E170000FDA8045F8DB1AF808100029F4D108E01E
:10E1800008F1010188468142FADB1AF808100029DB
:10E19000F6D105985B46A0EB080721463846179A4A
:10E1A00000F094FA284400EB080507E04DE029E16F
:10E1B0000DE01AF8010B5A4617999047B8F101087B
:10E1C000F7D25B4621463846179A13E142E00A220D
:10E1D0000092C4F302524FF0000A022A08D059F804
:10E1E00004CB032A4FEAEC710AD00DE029E02AE0C3
:10E1F00009F1070121F00702F2E802C1914609E0A6
:10E200000FFA8CFC4FEAEC71042A03D14FFA8CFC14
:10E210004FEAEC71002907DA0A460021DCF1000C14
:10E2200061EB02012D2202E0220504D52B228DF89C
:10E230000420012203E0E20701D02022F7E7904604
:10E2400059E00A2102E010220DE010214FF0000AEF
:10E2500000910BE010224FF0000A44F0040408275C
:10E26000009203E008224FF0000A0092C4F3025229
:10E27000022A05D059F804CB0021032A08D009E06E
:10E2800009F1070121F00702F2E802C1914605E019
:10E290001FFA8CFC042A01D10CF0FF0C4FF000088F
:10E2A000220728D5702806D0009B83F0100353EA7C
:10E2B0000A0305D00EE040228DF80420012208E078
:10E2C0005CEA010206D030228DF804208DF80500AA
:10E2D00002229046009B83F0080353EA0A030AD106
:10E2E0005CEA010201D1620705D530228DF80420D5
:10E2F0004FF001087F1E582804D034A003900EA8C8
:10E3000002900DE036A0F9E753466046009AF9F70F
:10E310002BFF84460398825C0298401E0290027094
:10E320005CEA0100F0D1029806A9081A00F1200A5F
:10E33000600702D524F4803400E00127574502DD50
:10E34000A7EB0A0000E0002000EB0A01009005980E
:10E350004144401A0590E00306D45B462146179AD3
:10E36000059800F0B3F90544002706E001A85A46D5
:10E37000C05D179990476D1C7F1C4745F6DBE00395
:10E380000CD55B462146179A059800F09FF9054485
:10E3900004E030205A46179990476D1C0099481E9A
:10E3A00000900029F5DC08E0029802995A460078AE
:10E3B000491C0291179990476D1CBAF10001AAF10E
:10E3C000010AF1DC65E10000092801003031323337
:10E3D00034353637383961626364656600000000A1
:10E3E000303132333435363738394142434445468B
:10E3F0000000000000F058F90544761C3078002831
:10E400007FF4ECAD19B02846BDE8F08F620700D468
:10E41000062709F1070222F0070CFCE80223E14677
:10E4200003F000485FEA080C02D00FF2702C0DE0F8
:10E430005FEA045C02D50FF2682C07E05FEAC47C57
:10E4400002D00FF2602C01E0AFF2700C4FF0FF38F9
:10E4500023F00043CDF850C065280CD006DC4528D9
:10E4600009D046281DD047283DD13DE0662818D068
:10E4700067287ED138E00021112F01DB112000E058
:10E48000781CCDE9000106A90EA8FFF7D5FCDDE94F
:10E490000F010E9A03910021009207F1010A0491E5
:10E4A0004DE04FF000400097CDE9011006A90EA8FD
:10E4B000FFF7C2FCDDE90F0203920E9B11990022C7
:10E4C000DDF80CA00093049211B9791C00EB010A4D
:10E4D000B7EB0A0004D4C0F1FF3007F1010A049041
:10E4E000AAEB0700019044E0012F00DA0127002188
:10E4F000112F01DD112000E03846CDE9000106A909
:10E500000EA8FFF799FCDDE90F010E9A0391002197
:10E5100004910092BA4621070CD40399514500DAC0
:10E520008A46BAF1010F05DD009AAAF10101515C9A
:10E53000302908D0B84202DA10F1040F06DA0121BE
:10E54000CDE9011015E0AAF10101E9E7002805DC99
:10E55000049901440491AAEB000102E0411C5145D9
:10E5600000DD8A460499401A401C01904FF000409B
:10E570000290200704D40198504501DBCDF80480B7
:10E5800000208DF84F0002980DF14F07B0F1004FB9
:10E5900025D02B200E9002984FF0020800280CDAAC
:10E5A000404202902D200E9007E00A210298FAF7CF
:10E5B000F9FA3031029007F8011DB8F10001A8F115
:10E5C0000108F2DC02980028EFD1791E0E9808703D
:10E5D000307800F0200040F0450007F8020D12A846
:10E5E000C01B00F107081498007800B1012000EB6F
:10E5F0000A01019801EBE07105984144401A401E60
:10E600000590E00306D45B462146179A059800F072
:10E610005DF805441498007818B15A461799904748
:10E620006D1CE00324D55B462146179A059800F03F
:10E630004DF805441CE00498002807DBDDE90301E0
:10E64000884203DD0098405C179901E0179930205B
:10E650005A469047049805F10105401C0490019822
:10E66000401E019004D12E205A46179990476D1CE8
:10E67000BAF10001AAF1010ADDDC05E017F8010B8F
:10E680005A46179990476D1CB8F10001A8F101088E
:10E69000F4DC5B462146179A0598ABE62D00000096
:10E6A0002B000000200000002DE9F0410446002569
:10E6B0001E461746880404D405E039462020B0479A
:10E6C0006D1C641EF9D52846BDE8F0812DE9F041A6
:10E6D000044600251E469046C80301D5302700E0B9
:10E6E0002027880404D505E041463846B0476D1C14
:10E6F000641EF9D52846BDE8F0814A68002A06D094
:10E700000A68531C0B6010704868401E48607047D0
:10E710000A68531C0B601070704700002DE9F0412F
:10E72000154A904225D1154CA069401CA061A078E3
:10E7300004F1200780F001050020943202F110035B
:10E7400003EBC5060B1832F813C026F810C032F8D8
:10E75000133027F81030401CC0B20428F2D3FCF765
:10E7600087F80649283141F82500A570A069401CAA
:10E77000A061BDE8F08100001C13002030030020E0
:10E780002DE9FF47444C0026607830B1434966705C
:10E790000822A1F19400FBF7FBFA404B3E4D00210B
:10E7A00010332835A269D0072DD1E06982422AD0E2
:10E7B000A07833F83070ADF8087003EBC007B7F8F5
:10E7C00002C0ADF80AC0B7F804C0ADF80CC0FF88AD
:10E7D000ADF80E7055F82000A769BA4213D1E26176
:10E7E0004FF00109BDF80E20CDE90029BDF80C302D
:10E7F000BDF80A20BDF8081007F018FE207802AB1B
:10E80000012806D013E0491CC9B20329CAD3BDE8C8
:10E81000FF87224A00202670B2F1200233F8101040
:10E82000090142F82010401CC0B20428F6D31B4F47
:10E8300000259846B7F1100738F81510284601F062
:10E8400061F847F825006D1CEDB2042DF4D339684A
:10E8500040F6E440414340F6FF70B1FBF0F1A160A7
:10E86000796840F6E4425143B1FBF0F1E160B968E8
:10E870005143B1FBF0F12161F9685143B1FBF0F074
:10E880006061A088642800D9A680054981F80090BD
:10E89000FDF774FDBBE7000030030020B01300203B
:10E8A0006103002002488188491C81807047000074
:10E8B0003003002011B108B1884201D10020704717
:10E8C00082683AB152681AB111604A60806841604A
:10E8D0000120704781600020C1E90001F8E72DE9BF
:10E8E000F04106000698984614460D4621D005B31F
:10E8F000FCB1A6421DD018B1E06840F4007708E0F2
:10E900001946284600F07CFA050012D0E06820F491
:10E910000077A089800504D4206A10B1D8F80410CB
:10E920008847E760214630462562BDE8F041FFF7A1
:10E93000C1BF0020BDE8F08130B58FB005006C4646
:10E940002AD02878002827D02846F9F7B8FCB0F557
:10E95000006F21D80BF0B4FB284600F0A8F90500A1
:10E960001AD021460DF0DCFA98B920460CF056FE7C
:10E9700078B120460CF08EFE18B1012002F0B0FCF8
:10E9800007E020460CF05AFE18B9214628460BF045
:10E99000A3FD284600F0DCF80FB030BD10B530B153
:10E9A000036823B1D0E90121914201D204E00020A3
:10E9B00010BD491C816020B1914202D25C5C202CC8
:10E9C000F7D99142F4D1491E816010BD10B5104CA9
:10E9D0006078FF280AD0401EC0B26070FF2805D1C1
:10E9E00001F0C7FA207808B12079A070A078FF283C
:10E9F0000DD0401EC0B2A070FF2808D1207800289A
:10EA000005D0FF2801D0401E2070E078607010BD56
:10EA100028000020FFF74EBF08B500230093024BEB
:10EA2000FFF75DFF08BD000098040020F8B50C4614
:10EA300005461046194600F037F8064600200090BB
:10EA4000064B324621462846FFF749FF002830464C
:10EA500002D100F07DF80020F8BD000098040020ED
:10EA6000F8B505460C46104600F05AF80646002058
:10EA70000090064B324621462846FFF730FF00281B
:10EA8000304602D100F064F80020F8BD9804002060
:10EA900010B5044800F000F9002801D02021C16021
:10EAA00010BD00009804002070B505460E461248BF
:10EAB00000F0F2F804001CD00820E060C4E906561B
:10EAC0000E4A0F4B28463146FAF754F802D86FF039
:10EAD00000400DE000220B4B28463146FAF732F891
:10EAE00002D84FF0004003E028463146F9F7F2FF24
:10EAF0006061204670BD0000980400200000C0FF47
:10EB0000FFFFDF410000E0C110B5044800F0C4F889
:10EB1000002801D04021C16010BD000098040020F1
:10EB200070B50546094800F0B7F8040007D010207A
:10EB3000E0600649284600F063F9206108B12046EC
:10EB400070BD204600F004F8002070BD980400203D
:10EB500070B504460F4E19E0A0892568C0050AD497
:10EB6000A06820B1FFF7F4FFA089C00503D4206995
:10EB700008B171688847A089800503D4206A08B16C
:10EB8000716888477168204688472C46002CE3D17D
:10EB900070BD000098040020002901DA00207047B1
:10EBA00000F00ABF01004FF0000001D0896803E0C7
:10EBB000002070470968401C0029FBD17047000005
:10EBC00000B5014600F044F810B1D1E9060100BDDE
:10EBD0000020014900BD00000000F87F002200F085
:10EBE00021BF012200F01EBF30B50D4C0D4A0E4B67
:10EBF0000E4988B10A60056805B10D604B60406838
:10EC000000B14860002088600868904203D14868DD
:10EC1000984200D18C6030BD81E81C0030BD0000FE
:10EC2000B12D0108C9DD00086DDD00089804002041
:10EC3000002803D0007B202801D00020704701204D
:10EC40007047002803D0007B800700D00120704768
:10EC5000002803D0007B082801D000207047012045
:10EC60007047002803D0007B402801D00020704767
:10EC700001207047002803D0007B102801D000201D
:10EC8000704701207047002803D0007B022801D084
:10EC9000002070470120704710B501682820884780
:10ECA000040002D02821F9F7D7FA204610BD00222F
:10ECB000114600F06FB800002DE9F04788B00F460C
:10ECC00004469A4616461C216846F9F7C5FA2F48AD
:10ECD0000025002C0560456055D08146E7B3CDE99D
:10ECE00000470295D9E90212D9F810000491CDE944
:10ECF000052009F10800FFF7CFFF5FEA00082BD0DD
:10ED000000986F4608B1029808B100270BE00198FF
:10ED1000042808D903221EA10098F9F7FBFA10B9BC
:10ED20000298C01C02903846FFF738FE0146404664
:10ED300003F0F6FB68B1BAF1000F13D06846FFF795
:10ED40002DFEDDE90101814203D202990098405C69
:10ED500040B14046FFF7FCFEDDE9011088420AD2CF
:10ED600005460BE01EB10299009808443060404609
:10ED700008B0BDE8F087081E00D0451E0EB160192E
:10ED80003060C9E900450020F2E70000900400204F
:10ED9000EFBBBF0070B515460E46040009D0F9F769
:10EDA0008EFA411C2B4632462046BDE87040FFF7E4
:10EDB00083BF002070BD0000F0B589B00D46074646
:10EDC0001E46144624216846F9F746FA002C12DB49
:10EDD0008DB100200095CDE901400120074ACDE921
:10EDE000040607CA06AB83E807006946384603F005
:10EDF0001BFE09B0F0BD0020FBE7000098040020D6
:10EE000070B50E4605000DD0F9F759FA401C31686F
:10EE100004468847060005D022462946F9F7F5F949
:10EE2000304670BD002070BDF0B5344C054687B04B
:10EE300030A1206DF9F71BFA012608B32A460F23EB
:10EE40001221684600F072F90F2817D11022694686
:10EE50002B48F9F7DAF92A480D211230F9F7FCF9B5
:10EE600027488168C0F812108189C182817B0176B0
:10EE70000721123000F0D4F8E064667107B0F0BDED
:10EE800020A1206DF9F7F3F900B32F4614232A4689
:10EE90001621684600F04AF9054613280DD3184894
:10EEA00016211F30F9F7D8F915482A4669461F3050
:10EEB000F9F7ABF9A671002006E015A13846F9F77D
:10EEC000D6F90028DAD003202073D7E7206D002878
:10EED000D4D011A1F9F7CBF928B911A1206DF9F718
:10EEE000C6F90028CAD007B02846BDE8F04000F0B7
:10EEF0001BB8000041542B4347534E0084030020AD
:10EF0000D013002041542B514343494400000000DA
:10EF10002B51434349443A0051454E4700000000FD
:10EF200071656E67000000002DE9F041040067D0B4
:10EF300034A1F9F79CF9002862D034A12046F9F7F2
:10EF400096F900285CD031A12046F9F790F9324EAD
:10EF5000012708B32C21F9F7A8F9E8B1411C00E01A
:10EF6000491C08782028FBD02228F9D0084600E068
:10EF7000401C02781AB1222A01D02C2AF8D1401A5A
:10EF8000C5B2681E0F2838D22A462448F9F73DF941
:10EF900022480021415577722FE0641C207878B315
:10EFA0002D2802D030380A28F7D2207801222D28C7
:10EFB00001D1921E641C207830380A281DD200200E
:10EFC0006FF02F0306E000BF00EB800003EB400072
:10EFD0000844641C2178A1F13005092DF4D950436F
:10EFE00000F1A001782908D800EB800040003062D1
:10EFF000F77137720120BDE8F08120780028CDD16B
:10F000000020F8E72B51454E473A000073657276B1
:10F01000696E6763656C6C00840300200514002032
:10F02000F0B5024600200B460146044610E00A27D0
:10F03000A0FB075C01FB07C1002600FB06115B1E5D
:10F0400012F8010BDBB2303844F1FF362818714159
:10F05000002BECD1F0BD000010B500244FF40041AE
:10F060000848FBF7F7FB00B9012440210648FBF7ED
:10F07000F1FB08B944F002042046BDE81040034902
:10F08000FDF7C2B9000C014000100140120300203E
:10F0900010B516210348F9F7DFF803480021817104
:10F0A000017310BDEF1300208403002010B512215E
:10F0B0000648F9F7D1F805480D211230F9F7CCF8D8
:10F0C00003480021C164417110BD0000D01300202D
:10F0D000840300202DE9F0479846894623F0004636
:10F0E00021F000470546144633463946F9F742FDFC
:10F0F00002D22846394601E0204631466FF03302FD
:10F10000F9F7B3FC06460F462246434628464946D1
:10F11000F9F733FC21F0004132463B46F9F712FD86
:10F1200002D80120BDE8F0870020FBE72DE9F0417F
:10F13000984617460D0006464FF0000404D0F9F734
:10F140008BF800206D1E0CE00020BDE8F08100BFB0
:10F15000A1F13002092A02D83155641CE4B2401CE6
:10F1600080B2395C19B1AC4201DA4445F0D30020D9
:10F1700030552046E9E70000024B4FF6FF72FAF7E0
:10F18000ADBB0000D4E30108026000228280C2808F
:10F19000018170470A484178002910D00021417050
:10F1A0004FF47A72816082800278002A07D1026966
:10F1B0001E2A01D9012101E0192A00D201707047ED
:10F1C000A80200201D4810B5007800282FD01C4C44
:10F1D000A08848BB6088401C81B22046618080685E
:10F1E000142925D217490968814220D940F6E44004
:10F1F00081421CD2144880881421B0FBF1F0F9F749
:10F200005CFC124A124BF9F7BEFBF9F782FC01468F
:10F21000E060012001F07AF9D4E90210884200D9B7
:10F22000A060A088002802D080B2401EA08010BD3F
:10F230000021618020610120607010BD7A040020EF
:10F24000A802002040030020500300208B6CE7FB45
:10F25000A9F1E63F0249C860C8680028FCD17047A0
:10F26000EC03002000B50B46024601F037F908B167
:10F27000002000BD91881068405C1870908811894A
:10F28000401CB0FBF1F301FB13009080012000BD96
:10F2900001490120087070477C03002030B50D46FD
:10F2A000044601F023F908B1002030BDE188206850
:10F2B0004554E0882189401CB0FBF1F201FB1200AB
:10F2C000E080012030BD2DE9F04104001CD022680F
:10F2D000D2B1636813B1A068984215D24FF00046CE
:10F2E000B14211D2A568491C6818834202D3501953
:10F2F000BDE8F081216939B9B0F1804F06D3B04241
:10F3000002D26FF0004702E00020F1E74700236AD5
:10F3100000262BB1394610469847050012D00CE064
:10F32000A1693846884705000CD0A2682168521CA4
:10F33000F8F76BFFE16920688847C4E90057A068C7
:10F340002844D5E7E1692068884766602660DBE7E6
:10F350002DE9F84FDFF8088301250024B8F81800DC
:10F3600000286AD1BF48A8F8185035210068BE4B64
:10F3700048436421B0FBF1F0C8F834001988BB4F52
:10F380004646B9B1BA4A3868504340F242324A431D
:10F39000B0FBF2F0F063DFF8DCA2DFF8DC92B063E0
:10F3A0009AF80500B9F800209B4608F01DFC0128DA
:10F3B00003D00CE02046F463EDE73888694680B25C
:10F3C00006F01AFB012802D1BDF80000B063D6E9AF
:10F3D0000D12B04651434FF47A76B1FBF6F1C8F8FE
:10F3E00040109AF80500B9F80020BBF8001008F0AA
:10F3F000FBFB01281DD1D8F83410D8F83C00B146E9
:10F400004143B1FBF9F708F05DFB868A08F05AFB2F
:10F41000808C00F57A7000EB800040004643B6FB1C
:10F42000F9F0874205D8D8F83C0006F012F8012818
:10F4300003D188F80A5006F075FB98F8000046469C
:10F440004FF00209012803D030B102280CD013E09C
:10F45000307A78B934700FE0307A68B14FF4FA60DE
:10F46000308286F8009007E0307A0028F2D0308AA7
:10F4700010B93570B08E7082B0780028F08A08D04C
:10F4800040B1642809D8B470718A306B0844306385
:10F4900003E010B9306BC008B082307A002822D067
:10F4A000F08A00287DD17078DFF8D0A1DFF8D0B1E4
:10F4B00020B1012818D0022873D144E0B08AF9F7AE
:10F4C000FCFA52465B46F9F75EFA07468846708AB0
:10F4D000F9F7F3FA43463A46F9F734FB61D24FF4B1
:10F4E000FA70F08475705CE0F08CB0F5EB7F13D8A7
:10F4F000B08AF9F7E2FA52465B46F9F744FA074652
:10F500008846708AF9F7D9FA43463A46F9F71AFB62
:10F5100002D286F8019044E0F08CB0F5F57F40D936
:10F52000B08AF9F7CAFA52465B46F9F72CFA074651
:10F530008846708AF9F7C1FA43463A46F9F71AFB4A
:10F540002FD2F4842CE0F08C012817D9B08AF9F777
:10F55000B4FA52465B46F9F716FA07468846708AAF
:10F56000F9F7ABFA43463A46F9F704FB19D2F078BB
:10F57000FF2801D2401CF0707572E2E788B9B08AAA
:10F58000F9F79BFA52465B46F9F7FDF907468846BC
:10F59000708AF9F792FA43463A46F9F7EBFA00D245
:10F5A0007470B08B38BB374F3888B0F5487F04D2C1
:10F5B000707B10B9757308F0CDFC388840F2523179
:10F5C000884205D9707B012802D1747308F0C2FC0F
:10F5D0003888B0F5486F04D9307B10B9357308F01E
:10F5E000B9FC388840F61C41884204D2307B10B107
:10F5F000347308F0AFFC707A0028307902D040F004
:10F60000010001E020F001003071B07A002830796B
:10F6100002D040F0020001E020F002003071F07AE8
:10F620000028307902D040F0040001E020F004000E
:10F630003071307B0028307902D040F0080001E0C2
:10F6400020F008003071707B0028307902D040F043
:10F65000100001E020F010003071BDE8F88F0000CC
:10F66000BC0200203C0300200603002044030020CD
:10F67000A08601001C0F0020040300209A9999998C
:10F680009999E93F64000020F0B42E49012448799B
:10F69000FF2800D000B94C712B480289A2F1FA036F
:10F6A000B3F59B7F02D8B2F5117F02D14FF40C72F3
:10F6B000028183884FF6FF72934200D00BB9782302
:10F6C0008380C388934200D00BB90023C380058890
:10F6D00042F2107740F27D33954202D00DB1BD4227
:10F6E00000D9038046884FF4AF65964202D00EB130
:10F6F000BE4200D945800A7EFF2A00D10C7691F9DE
:10F700001920521C01D155224A768A7FFF2A00D047
:10F710000AB921228A7791F83F20072A02D90722C5
:10F7200081F83F204188B1F5D26F00D94580028829
:10F7300041888A4203D90380994200D20180F0BCFB
:10F7400000F038B81C0F0020020300200844008895
:10F7500040BA704710B5802210491148F8F755FD9E
:10F760000F481049027A4A70427A0A700839027CBE
:10F770004A70427C0A70891C827C4A70C27C0A7082
:10F78000891C027D4A70427D0A70891C827D4A7004
:10F79000C07D0870BDE81040FFF776BFF80000207C
:10F7A0001C0F00200A030020130A4354084442702F
:10F7B0007047000010B50F480F4C41794171228904
:10F7C0000821FFF7F1FF228810210A48FFF7ECFF1C
:10F7D000628812210748FFF7E7FFA2881421054835
:10F7E000FFF7E2FFBDE81040802202490348F8F726
:10F7F0000CBD00001C0F002002030020F8000020B8
:10F800002DE9F041074608F05DF9054606F022FAB9
:10F81000012806D0EFB1284608F08CF9012818D14C
:10F8200002E00420BDE8F08110213846FFF78EFF8A
:10F83000064612213846FFF789FF04461421384650
:10F84000FFF784FF79792A7C914202D1E98A8142CB
:10F8500001D00120E6E74CB1288BA04206D31EB1AF
:10F86000A64203D80020DDE70220DBE70320D9E72A
:10F8700070B50D4608F026F940B10B4C0948628876
:10F880004079A18808F0B0F9012801D0012070BDAD
:10F8900025B16088854203D9032070BD022070BD68
:10F8A000002070BD1C0F00200203002070B5134A19
:10F8B0000024AA23904202D90020088005E0104DC0
:10F8C000D5F8A822824202D90B80022070BDE2182E
:10F8D000520855F82260864204D24AB1A2F10102D0
:10F8E00093B203E007D902F1010294B2A342EED22F
:10F8F0000B80012070BD0A80002070BDFBEB04006E
:10F90000D4E601080B4A10B552F820300A4A52F8E2
:10F9100020406343074C103C083354F820404C43CC
:10F9200004EB131101F500631B0B42F82030080CA7
:10F9300010BD0000C4E60108901300200021818062
:10F94000C180704770B50E4610498978D9B9D6B1D3
:10F95000050018D003220EA1F8F7DCFC98B9304658
:10F96000F8F7ADFC0404240C0DD0B4F5006F0AD2F6
:10F9700003F0C4F8012806D0224631462846BDE8E7
:10F98000704001F063BB022070BD000084030020C2
:10F990004D532F004AF2C571884203D96421484370
:10F9A000592102E0024948430249B0FBF1F0704797
:10F9B000A0860100685C0100002807D0806801E093
:10F9C0000068491E002801D00029F9D170470000C5
:10F9D00070B51149D1F80052D1F80402B1F80862AB
:10F9E00020F07F440D498D4213D00D49884210D03C
:10F9F0007CB1204602F03AFA01280AD1A00708D1CA
:10FA0000032E06D1A00808F00BFDA84201D1012069
:10FA100070BD002070BD000000400208785634120E
:10FA2000EFCDAB892DE9F0418846A8B3B8F1000FBE
:10FA300033D084680AB90AE024686CB3216A59B3E8
:10FA40004046F8F743FC0028F6D120E024681CB3B8
:10FA5000266A5FEA0805F9D0002EF7D0B54218D023
:10FA600002E098B16D1C761C2878F8F7BEFB0746BB
:10FA70003078F8F7BAFB87422878F2D0F8F7B5FB70
:10FA800005463078F8F7B1FB8542DFD124B1206A12
:10FA900010B12046BDE8F081FFE70020FAE7000042
:10FAA00010B586B0002002901148816941F008012C
:10FAB0008161816901F008010491816941F01001BF
:10FAC000816180690B4C00F0100004904FF40270CB
:10FAD0000090012001900320039069462046FAF728
:10FAE000ADFD002208212046FAF7BBFE06B010BD8E
:10FAF00000100240000C01400148007870470000EF
:10FB00001403002070B5164D88B181B1154C022246
:10FB10002270A0600120A070E2702171A5F1540054
:10FB2000FCF7B2F8002638B105F1080110E02946CB
:10FB3000012000F071FC0EE009485438006840686C
:10FB4000A168012206485438FCF798FA28B12946E2
:10FB500000F062FC2670002070BD012070BD000026
:10FB60000C1200201403002008B50C48FCF739F8EB
:10FB70000B4A002111709170D1701171916028B100
:10FB800006495C3100F048FC002008BD03480268CB
:10FB90001368526800920164012008BDB81100206A
:10FBA0001403002070B50E4D98B191B10D4C012297
:10FBB0002270A060A270E170A168A5F15400FCF76A
:10FBC0005DFA58B1294600F027FC00202070002083
:10FBD00070BD2946012000F01FFCF8E7012070BD30
:10FBE0000C1200201403002030B585B00025044617
:10FBF000049540050ED1FAF70BFD58B90120CDE967
:10FC0000024004A900956846FAF74AFC0446FAF750
:10FC1000A5FC14B1002005B030BD0120FBE72DE9A3
:10FC2000F04115460F0080464FF0010608D03DB167
:10FC30005FEA887004D1A80702D1FAF7E9FC10B195
:10FC40000020BDE8F08100240FE038190268501C44
:10FC50000AD008EB040100230220FAF789FC18B14E
:10FC60000026FAF77BFC0CE0241DAC42EDD3FAF73A
:10FC700075FCAAB23946404608F0C4FB012800D002
:10FC800000263046DDE710B5002302E0C45CCC540A
:10FC90005B1C9342FAD310BD70B500F04DFE2C4CA6
:10FCA00007260025E07908280FD2DFE800F00E0EC5
:10FCB000040F393F41450320E0710022114607201F
:10FCC00001F024FB41F27070A08270BDE078012841
:10FCD00014D0A08A0028F8D125716079401CC0B2E8
:10FCE0006071032819D96571A079401CC0B2A07158
:10FCF000022810D2FDF7C4FFE57170BDE570A2893E
:10FD00001449042001F002FBA0780028F5D0A5706A
:10FD10000120207108E0A57170BD0220E07170BD66
:10FD2000A0780028FBD0A570E67170BD0620F5E72D
:10FD300020780428F8D070BDE0780128FBD1E57068
:10FD4000A289BDE870400349042001F0DFBA000039
:10FD500076040020B515002010B50F4C207A68B14C
:10FD6000401E10F0FF00207208D10120E070618A6F
:10FD7000A1810A4802F0C0FE00206082608908B1BB
:10FD8000401E6081E08908B1401EE081A08A002801
:10FD900001D0401EA08210BD76040020B5150020C1
:10FDA00002480068406B80B27047000024120020B7
:10FDB00001484088704700002003002010B54FF430
:10FDC00000510348FAF746FD012800D0002010BD7D
:10FDD0000010014030B58FB02C4D00240994A86963
:10FDE00040F00400A861A86907A900F004000D9084
:10FDF000A8150790022008900A902548FAF71EFCE3
:10FE0000A86940F40060A861A8691C2100F40060A2
:10FE1000CDE90C400B946846F8F71EFA1E4D1D48BC
:10FE200028604720C5E9010440F2E730C5E9030432
:10FE30008020C5E905402846FBF766FD08B1F9F7C3
:10FE4000B4FC0B940BA914480C94FBF774FA08B19A
:10FE5000F9F7ABFC702000904FF4FA70CDE9010483
:10FE6000039404940594002269460B480694FBF71A
:10FE7000E2FC08B1F9F799FC00210748FBF792FD75
:10FE800029684FF47A7048630FB030BD001002400B
:10FE900000080140002C0140241200200123002210
:10FEA000114600F001B800002DE9F0471F4DDFF8C2
:10FEB00080809946174604004FF0000609D00129BA
:10FEC00001D1012F05D105F0BFFE012807D1012F77
:10FED00005D001F0E7F92E70D8F800001CE04FF4CF
:10FEE0007A70844200D904462046B9F1010F02D14C
:10FEF000104909886018D8F800204746D16A88421E
:10FF000000D9084620B150633968496B814207D057
:10FF100001F0C8F92E70386846636E80BDE8F0873E
:10FF20006C8001F0C7F901202870F7E7200300205A
:10FF3000241200200803002000231A461946FFF768
:10FF4000B3BF10B5044605F085FE024620460023E7
:10FF5000BDE810400121FFF7A7BF10B5044605F02A
:10FF600079FE024620460123BDE810401946FFF7FE
:10FF70009BBF7047144808B5C16941F00101C161D8
:10FF8000C0694FF0804100F0010000900F484FF62B
:10FF9000FF7201608F2141600021C0E9021281617E
:10FFA000FBF70CFA08B1F9F700FC094A0E210748E3
:10FFB000FBF774FD002211461C20FAF701FDBDE895
:10FFC00008401C20FAF7EEBC001002409C0F0020F5
:10FFD000D5FF0008FBF72BBA10B58AB000240794B0
:10FFE0001C2168460894F8F737F91B481949C0E9FD
:10FFF000001440F60F61C0E9024180210461816173
:020000040801F1
:10000000FBF782FC08B1F9F7D0FB079407A9124867
:100010000894FBF790F908B1F9F7C7FB702000903E
:100020004FF46160CDE901040C2269460A4804944A
:10003000FBF701FC08B1F9F7B8FB0748FBF7C8FB71
:100040000C210548FBF7AEFC002801D0F9F7ADFB09
:100050000AB010BD0004004050100020214810B527
:1000600081698CB041F0080181618069002400F051
:1000700008000A904020CDE9040404A91A48069417
:10008000FAF7DCFA1A48089409940094019402944F
:100090001649039401604721C0E901144FF6FF712E
:1000A000C0E903148461FBF75FFA08B1F9F77DFB3F
:1000B000089408A90E480994FBF73DF908B1F9F72F
:1000C00074FB022000900120CDE901040022694662
:1000D00007480394FBF7EDF9002801D0F9F765FB19
:1000E0000CB010BD00100240000C014000080040A0
:1000F0000411002003490878002801D0401E087030
:10010000704700000C03002030B5B3B0B42168463E
:10011000F8F7A2F8174C00252F95A06940F00800C9
:10012000A061A0692DA900F00800319080202D90D9
:1001300002202E90032030900F48FAF77FFAE069F2
:1001400040F00400E061E06900F0040031900B48E9
:1001500000904720CDE901054FF6FF70CDE903057A
:100160006846FBF72BF9002801D0F9F71EFB33B0E6
:1001700030BD000000100240000C014000080040AB
:1001800030B585B0244800240294816941F480414F
:100190008161816901F480410491816941F0040128
:1001A000816180691D4D00F0040004904FF40070DF
:1001B0000090022001900320039069462846FAF738
:1001C0003DFA2815CDE90004012002906946284631
:1001D000FAF734FA1348124901604FF4E131C0E9EB
:1001E00001140C21C460C0E904418461C461FBF7BF
:1001F000B3FE08B1F9F7D9FA002206212520FAF753
:10020000DFFB2520FAF7CEFB012207490548FBF763
:10021000D6FE05B030BD00000010024000080140CD
:1002200000380140D812002024030020064882B084
:10023000002201680B6849680091026401220349A9
:1002400002B0FBF7BCBE0000D8120020240300203F
:10025000044A5180014690600020908001220248AB
:10026000FBF70CBF24030020D812002070B518B192
:1002700011B1B1F5803F01D3012070BD0B4A92F856
:100280003D20202A01D0022070BD094C002501220A
:100290006180A0600146A5800448FBF7EFFE0028BE
:1002A000F2D06580A560A58070BD0000D812002046
:1002B000240300200168491C02D00168491C016028
:1002C0007047000000282BD016490A6802604A686F
:1002D00042608A688260CA68C2600A6902614A69CB
:1002E00042618A698261CA69C2610A6A0262A1F1D5
:1002F0004402136C4362496A816292F83D1080F8AF
:100300002C1092F83E1080F82D1007490A7880F8DA
:100310002E208A7880F82F20097980F8301001206B
:1003200070470000FC110020140300200148C06841
:1003300070470000FC1100202DE9F04186B0002438
:10034000282130480294F7F787FF2F488460847093
:10035000C470047104702D48C16941F40031C16159
:10036000C16901F400310491816941F004018161A6
:100370008069032700F00400CDE9037002250126FF
:10038000DFF88C80CDE9005669464046FAF756F909
:100390000420CDE90005694603974046FAF74EF977
:1003A00008208DE8510069464046FAF747F915489C
:1003B0001849443801604FF49651C0E901140C21EA
:1003C000C460C0E904418461C461FBF7C5FD08B1A4
:1003D000F9F7EBF9002207212620FAF7F1FA262097
:1003E000FAF7E0FA084907480122491C4438FBF7AC
:1003F000E6FD002803D00349143100F00DF806B0E3
:10040000BDE8F081FC110020140300200010024020
:10041000000801400044004010B504460846FFF7BC
:1004200049FF0B48FFF746FF022C02D0032C03D0F4
:1004300006E00748103001E005481430FFF73AFFA6
:1004400003485038006C02490C39486210BD000066
:100450000812002072B60A484FF0E02148610120DE
:1004600080F31388BFF34F8F06480168064A01F4F2
:10047000E06111430160BFF34F8F00BFFDE7000053
:10048000A55AA5000CED00E00400FA052DE9F041A5
:100490000B3020F00706104D19E02068B04215D34C
:1004A000B0420AD9871B201DD4F80480F7F7ADFEAF
:1004B000A019C0E90078286004E060682860201D69
:1004C000F7F7A3FE201D2660BDE8F081251D2C68EE
:1004D000002CE2D10020F7E7D80600208188C088F0
:1004E000814201D10120704700207047C1880289F4
:1004F000491CB1FBF2F302FB13118088814201D148
:100500000120704700207047704700000EB5064B71
:100510001A68521C1A608DF8040000926846029115
:1005200007F0DCFE0EBD0000300000200149012074
:100530008870704776040020064AD2783AB1322299
:1005400051436422B1FBF2F1018001207047002089
:100550007047000078020020054810B50549006882
:100560000860FDF78DFB04490020087010BD0000F5
:10057000D00300208C0400207D0400208848C6B0F1
:1005800000258949C0F8D050864801240860FAF750
:10059000B7F9FBF78EFF07F0EFFFFBF75BFEFBF70A
:1005A00043FEFBF7F5FD8148F9F7DEF9FFF7C4FEDE
:1005B000FFF7E6FDFFF7DEFC07F0F4FDFFF7A4FD13
:1005C000FFF74CFDFFF708FDFFF704FC00F040FECD
:1005D00005F00AFF05F01CFB754A7649764805F0E0
:1005E00071F87649764805F073F80021084605F061
:1005F00017FF0020FFF752FCFFF7E0FB8146FFF7F3
:10060000CFFB8046FFF7D4FB0746FAF731F9012606
:100610004B4642463946009605F058FF01F0FEFF72
:1006200006F0B8F806F0CEFE012803D106F094FEDD
:1006300001282BD106F0F2F8012827D101A803F0F8
:1006400055FB012822D19DF80600012808D1DDE9DB
:100650000232BDF810100DF1120005F019FB04462E
:100660009DF80500012808D107F0FEFB002003F0EB
:100670009CFB01280AD18DF80550012C06D1514868
:10068000018851480088FFF7F3F820B100210120CC
:1006900005F064FC0FE09DF804109DF8050005F0DE
:1006A0005DFC9DF80500012805D09DF80400012897
:1006B00001D105F049FD0DF0F9FD0DF0EFFB4348C8
:1006C000D0F89C10491C01D1C0F89C5007F0AEFD39
:1006D000FFF7E6F902F096FA40F2EE20FEF7BAFDD7
:1006E00002F0C6FF07F058F9FFF736FF62B6384F41
:1006F000384C00BF07F056FFA07820B13648A570EF
:10070000056007F0B1FB07F055FDFAF7B1F8334982
:1007100005F084FD0DF0DCFAFFF7BEFA07F034FEB9
:10072000FEF72EF807F058FC0AF058FF02F082FBA3
:10073000FCF7D2FF00F06EF902F0E0FBFBF740FEA1
:1007400008B907F089FD02F0BDFFFCF7E1FA00F0FF
:1007500065F8387878B960782178084306D16670F2
:10076000F8F7F6FE02F072FDF8F7C8FF607801288E
:1007700001D102F071FD42A807F0E0FD07F028F971
:10078000FEF708FDFEF7E4FD07F0C2FB07F022FCD0
:100790000DF0BEFDFFF7B8FE07F00CFFAAE7000062
:1007A000002002400080000808ED00E01C1300203B
:1007B000C97C0108A57C0108697E0108693D010822
:1007C000AB3D0108020300200A030020E0000020E6
:1007D000980300200000002080030020E006002095
:1007E00008488188491C8180C178491CC9B2C17000
:1007F000642901D10021C1700178002901D0491E6E
:10080000017070470000002003488078092801D05B
:1008100000207047012070470004002004498878B8
:10082000002803D00E2801D00020887070470000F7
:10083000000400200C4840F2DC52416891420ED87E
:10084000416903290BD2C169022908D2416A0529ED
:1008500005D2C16A052902D2406B052801D30020C8
:100860007047012070470000C00700202DE9F047C5
:1008700007F06CFC804600F099FB81462848076829
:1008800028482A4C066828480568C4F80C8007F0F8
:1008900063FC2749C4F81890B0FBF1F027622549A2
:1008A000A662256320614B680022984507D06069E5
:1008B000431C01D0401C6061C1F8048000E062610B
:1008C0008B68994507D0E069431C01D0401CE0616A
:1008D000C1F8089000E0E261C868874206D0606A0B
:1008E000431C01D0401C6062CF6000E06262086976
:1008F000864206D0E06A431C01D0401CE0620E61D3
:1009000000E0E2624869854207D0606B421C01D07A
:10091000401C60634D61BDE8F0876263FBE7000047
:10092000F00300207C00002080000020C007002091
:10093000401901004000002070B5254D2846297857
:100940004078052909D2DFE801F003080909090008
:1009500008B9FDF795F90320287070BD0024C8B1CF
:10096000FFF752FF0128F8D11A4E1949194A1631DA
:10097000194802F08FF90028EFD03480E98A164830
:1009800002F0BAF8E88A801E81B21348FBF720FD16
:10099000EC82EAE7FDF76AF90128DED100F046FBB8
:1009A0000128DAD003E00C4801F06CFBEC8200F087
:1009B0006DF90028D1D100F039FB0028CDD10449D0
:1009C00000221631044802F02DF90028EBD170BD49
:1009D0008403002074040020B515002070B505467E
:1009E0000B480C46807888B985B17CB1B4F5006FAE
:1009F0000CD202F083F8012808D00AF0D7FE28B103
:100A000022462946BDE8704000F020BB022070BDA0
:100A1000840300207CB5444CA078002836D1207C8B
:100A20000025072832D2DFE800F031041527327C98
:100A30007C003E48F7F743FC81B23C4802F048FA9C
:100A4000E582FBF7E7FFE06102201EE09DF8000071
:100A50003E280FD069463648FEF704FC0028F5D141
:100A600041F28831E069FBF7DBFF00280ED001215D
:100A700030A052E0032008E0618BE06D07F0BEFC7F
:100A8000E582FBF7C7FFE061042020747CBD2649A6
:100A9000002216312B4802F0C5F878B3294801AA84
:100AA000694600F089FA012805D1218B0098884217
:100AB00001D1019830B1234E23A13046F7F7D7FB7F
:100AC000C0B905E0206B401C2063E5820520DCE70F
:100AD000304600F0EBF901280CD001AA69463046F7
:100AE00000F06AFA01280AD1218B0098884206D1C9
:100AF000019820B1E582002115A00EE004E0114824
:100B000001F0C0FAE5827CBD47F23051E069FBF7A5
:100B100087FF0028F7D0012110A0BDE87C4000F03D
:100B200075BA25747CBD000084030020F6260020E1
:100B30007C37002070726F6D70745F74696D656FC3
:100B400075740000B51500204552524F5200000048
:100B500061636B5F6572726F7200000061636B5F4F
:100B600074696D656F75740010B5040005D023A11C
:100B7000F7F77DFB00283ED101E0002010BD22A147
:100B80002046F7F774FB002835D122A12046F7F75D
:100B90006EFB00282FD122A12046F7F768FB002822
:100BA00029D122A12046F7F762FB002823D122A1F8
:100BB0002046F7F75CFBF0B922A12046F7F757FB78
:100BC000C8B923A12046F7F752FBA0B923A12046BC
:100BD000F7F74DFB78B924A12046F7F748FB50B949
:100BE00024A12046F7F743FB28B925A12046F7F7B3
:100BF0003EFB0028C2D0012010BD000041542B5103
:100C00004D54434C4F53450041542B5149434C4F95
:100C10005345000041542B5148545450434647001B
:100C200041542B51485454500000000041542B5162
:100C3000464C53540000000041542B51464C445341
:100C40000000000041542B514644454C0000000078
:100C500041542B514644574C0000000041542B5145
:100C6000464F50454E00000041542B5146534545D8
:100C70004B00000041542B514652454144000000B6
:100C800041542B5146434C4F534500000448407B90
:100C900018B1072801D001207047002070470000DC
:100CA000840300200148C07B7047000084030020BB
:100CB00010B50A4C206D00280FD009A1F7F7D7FA1C
:100CC00050B90AA1206DF7F7D2FA28B90AA1206D10
:100CD000F7F7CDFA002800D0012010BD84030020D2
:100CE00041542B514D544F50454E000041542B510F
:100CF0004D54434F4E4E000041542B514D545355CB
:100D000042000000054810B5006D28B104A1F7F7B6
:100D1000AEFA08B1012010BD002010BD84030020F0
:100D200041542B51434349440000000070B5050075
:100D300036D01C4C206D002832D0FFF7E3FF01288D
:100D40002ED0FFF7B5FF002829D017A12846F7F7C6
:100D50008EFA002822D1284600F0A8F801281DD0DC
:100D600013A1206DF7F783FA20B114A12846F7F7F5
:100D70007EFA98B914A1206DF7F779FA20B115A180
:100D80002846F7F774FA48B915A1206DF7F76FFAFE
:100D900030B116A12846F7F76AFA08B1012070BDF4
:100DA000002070BD840300204552524F52000000C5
:100DB00041542B514D544F50454E00002B514D5432
:100DC0004F50454E3A00000041542B514D54434F73
:100DD0004E4E00002B514D54434F4E4E3A000000F2
:100DE00041542B514D545355420000002B514D544A
:100DF0005355423A00000000F8B5164CE17BC9B1EA
:100E000005004FF0000612D013A1F7F75FFA98B172
:100E100013A12846F7F75AFA70B113A12846F7F73D
:100E200055FA48B113A12846F7F750FA20B1FCF75C
:100E300027FF0CE00020F8BD0120E6730090FA23A4
:100E40000FA20F210FA002F053F90F2020710120F3
:100E5000F8BD000084030020514D544F50454E0012
:100E6000514D54434F4E4E00514D545355425F44E3
:100E70004F574E00514D545355425F55500000009E
:100E80004F4B000041542B514D54434C4F53453D63
:100E9000300D0A000449CA7922B118B1096A01600B
:100EA00001207047002070478403002010B50446DD
:100EB0000AA1F7F7DCF978B90DA12046F7F7D7F9C1
:100EC00050B90FA12046F7F7D2F928B910A1204652
:100ED000F7F7CDF9002800D0012010BD2B5149555E
:100EE00052433A202270647064656163742200008A
:100EF0002B514D54535441543A20302C31000000B2
:100F00002B514D54535441543A20302C32000000A0
:100F10002B514D54535441543A20302C330000008F
:100F200010B5094C0120A070206DFFF71DFE0021B7
:100F300038B9216561656175A165E162A17307201A
:100F400060736174217410BD8403002002488078AE
:100F5000002800D0012070478403002070B50C46A3
:100F600018B114B1B4F5A07F01D9012070BD0A46B3
:100F700001460648F7F749F9044D0548FEF7DEFC3F
:100F800021462846BDE8704007F03ABAB61D002059
:100F90007C3700200148406B70470000840300202C
:100FA0000148006B70470000840300200148806BFB
:100FB00070470000840300207CB514460D4680B1C4
:100FC0007DB174B109A1F7F752F900280AD02B4678
:100FD00001AA09A10094F7F7BDF9032801D10198EE
:100FE00008B100207CBD01207CBD00002B514D5478
:100FF00050554245583A00002B514D5450554245EA
:10100000583A2025752C25752C25640006480129A1
:1010100002D1816B491C8163416B491C41630021F2
:101020004174062101747047840300200648007C47
:10103000012807D0022805D0032803D0042801D0B6
:101040000020704701207047840300202DE9FC41F7
:1010500015460E46070018D0BEB1B5B1B5F5006F04
:1010600013D201F04BFD01280FD00AF055FC114CB2
:10107000034611A22083CDE9007580211648FCF7B4
:1010800049FE002801DD802802DB0220BDE8FC814A
:101090002A4631461148F7F7B8F81048E0656583ED
:1010A0000020607401202074FBF7B4FCE061002094
:1010B000ECE700008403002041542B514D5450555F
:1010C0004245583D302C25752C312C302C2225736F
:1010D000222C25750D0A0000F6260020F61E0020A1
:1010E0000148807C70470000840300200548817C13
:1010F000012906D100218174C174C163416C491C6E
:10110000416470478403002010B5124CA07C012874
:101110001ED1FFF71BFF01281AD0FBF751F9012858
:1011200016D00D49E06BFBF77BFC012810D1A06CB9
:10113000401CA064E07C032801D3012000E0401C97
:10114000E074FBF767FCE063BDE81040FCF798BD76
:1011500010BD00008403002020BF020010B5FFF77F
:10116000F5FE012814D0FBF72BF9012810D0094C0B
:10117000A07C01280CD00120A074E074FBF74AFC8D
:10118000E063206C401C2064BDE81040FCF778BD93
:1011900010BD000084030020034900204872102184
:1011A0000248F7F759B80000840300200514002016
:1011B0000148007A704700008403002008B500F061
:1011C00029F8002812D0FFF7C1FE01280FD0FBF745
:1011D000F7F801280BD0074900201423087200906B
:1011E00005A2172105A001F083FF012008BD002002
:1011F00008BD0000840300204F4B000061742B7178
:10120000656E673D2273657276696E6763656C6CA7
:10121000220D0A00054810B5407B28B9FFF706FFEC
:10122000012801D0012010BD002010BD8403002042
:101230000449002008704860034908700349087099
:10124000704700007C03002000030020860200207D
:1012500010B586B0002002901048816941F010015D
:10126000816180690E4C00F0100004904FF4C04082
:101270000090012001900320039069462046F9F771
:10128000DDF9002261142046F9F7EBFA01229103FF
:101290002046F9F7E6FA06B010BD00000010024043
:1012A0000010014000224FF400510148F9F7D9BA6B
:1012B00000100140012251030148F9F7D2BA0000A1
:1012C0000010014005484188002906D0491E090444
:1012D000090C418001D10121417070477603002043
:1012E00010B501280CD1074C0220074920700120BD
:1012F0000870FBF78FFB6060BDE81040FFF716B980
:1013000010BD0000E40300207A04002002460A48D1
:10131000032A07D0042A0BD0072A0CD1012101701F
:101320000CF05EBA00210170044801700AF002BBA3
:101330000846FDF701BB7047E40300207A04002053
:10134000A0F14101192901D82030C0B27047000036
:1013500003490020088340F601010248F6F77CBFEC
:1013600000040020B515002010B509F043F910B1B4
:101370000178002914D10B48007848B94FF48071E6
:101380000848F6F769FFFF2207A10648F6F781FF34
:10139000044B08A2802103F22130FCF7BBFC0F486C
:1013A00010BD000048490020636174312E62696EEF
:1013B00000000000687474703A2F2F34372E3132D9
:1013C000302E31352E3232303A3838382F646F773C
:1013D0006E6C6F6164732F2573000000694C0020F0
:1013E00020B10288531CB3F5007F01D30020704761
:1013F000044B99540188491C89B20180002058543B
:1014000001207047E94C002010B504462021FFF769
:10141000E7FF2E212046FFF7E3FF2E212046FFF7AE
:10142000DFFF2046BDE810402E21FFF7D9BF0000A6
:101430002DE9FC4716460F46040057D0002F55D023
:1014400007F094F823464FF4007430A22146324846
:101450000096FCF75FFC002848DBA046404504DB13
:101460002D49002081F8FF013EE0ADF80400002482
:10147000DFF8A89036E03D5DA5F120005E2805D894
:10148000294620E001A8FFF7BFFF2DE00D2D2FD04A
:101490000A2D4FF05C0101A832D0FFF7A1FF002810
:1014A000F0D0782101A8FFF79BFF0028EAD009EBD4
:1014B0001510017801A8FFF793FF0028E2D005F08E
:1014C0000F0119F8011001A8FFF78AFF0028D9D0F1
:1014D000BDF80400001D404502D3601CB042D1D3CA
:1014E000641CA4B2B442C6D307F040F8BDE8FC8740
:1014F0005C2101A8FFF774FF0028C3D07221E2E746
:10150000FFF76EFF0028BDD06E21DCE72573206C4D
:10151000656E3D25753A2000E94C002080E9010800
:101520000A46014601A0FFF783BF00005B4F54410C
:101530005D5B5241575D5B52585D000010B5040081
:1015400007D0F6F7BCFE81B22046BDE8104000F09F
:1015500001B810BD002806D0002904D00A46014673
:1015600001A0FFF765BF70475B4F54415D5B52417F
:10157000575D5B54585D000070B5FFF7F5FE0446FB
:10158000072228A1F6F7C6FED8BBE01D0146044697
:1015900000E0641C207818B13A2801D02F28F8D137
:1015A000601A05042D0C2CD0502D2AD22A461F4833
:1015B000F6F72BFE1D4900204855217850203A2986
:1015C00013D100206FF02F0205E000BF00EB800078
:1015D00002EB4000084414F8011FA1F13003092B6D
:1015E000F4D970B1B0F5803F0BD21149088420784E
:1015F00048B12046F6F763FE0204120C01D0802A9F
:1016000007D3002070BD09480AA10988A0F850102E
:1016100005E0064821465030521CF6F7F6FD012041
:1016200070BD0000687474703A2F2F008847002046
:10163000000400202F00000010B500F0CBFC0128B2
:1016400001D0002010BD08480123026D521C026524
:10165000C479072124B9447B24B1C46CA24201D3CC
:101660004374C172012010BD0004002070B5304CDD
:101670000021E27A082A44D2DFE802F004070B3C9A
:101680005155434F00F056F847E0BDE87040FFF772
:10169000D3BF0D2841D0264A01230A28926D04D0D9
:1016A0003B280CD0A17B71BB0BE02AB1C4E915210A
:1016B000A1730320E07230E063740720FAE7A3739C
:1016C0002BE01B49A0F13002092A896D00EB0111C2
:1016D00001D8303904E0A0F16102052A02D8573957
:1016E000A1651AE04138052801D83739F8E7082004
:1016F000E07206E0616D042531B1FFF79DFF01281E
:1017000004D0002070BD08E0E57206E0606D401E68
:10171000606502D1E07A0728F6D10120F2E70D28B2
:10172000FBD10520C6E7A165A1730220C2E7000036
:10173000000400202DE9F0412C4C2D4F04F17005E0
:10174000E17B01F00302491CA854E1732146498C56
:101750004A1C92B20A2830D00D2803D07F2901D22A
:1017600078546284E07B042825D3011F01F0030133
:10177000695C0D291FD1C11E01F00301695C0A29B2
:1017800019D1811E01F00301695C0D2913D1401E9E
:1017900000F00300285C0A280DD1207C08250126D2
:1017A00038B1607BD0B113A1E06C00F051FB01288F
:1017B00014D02672E572BDE8F08100267F2902D29E
:1017C0007E54628401E087F87F60094800F01EF8CB
:1017D00066843E70E07A0828EDD0C3E7207B08B12C
:1017E000022000E00120E072E5E700000004002094
:1017F000584800207261775F687474705F636F6E21
:1018000074656E745F6C656E677468002DE9F041F5
:1018100005003ED032A100F01DFC0126324C6FF0D5
:101820002F07012811D031A1284600F013FC012810
:1018300031D032A1284600F00DFC012829D134A175
:101840002846F6F714FD78BB42E020212846F6F73B
:101850002CFD0823D8B100E0401C01782029FBD0E2
:1018600000210A4608E000BF01EB8101521C07EB92
:1018700041012944D2B2401C0578A5F1300CBCF1DD
:10188000090FF1D9032A02D12674C82901D0267282
:10189000E372BDE8F0810F3500E06D1C2878202848
:1018A000FBD00021084609E018E000BF01EB8101F0
:1018B000401C07EB41011144C0B26D1C2A78A2F113
:1018C0003003092BF2D90028E3D0E1646673E0E726
:1018D00011A12846F6F7CBFC0028DAD02673D8E70A
:1018E000485454502F00000000040020436F6E74D1
:1018F000656E742D4C656E6774683A005472616E43
:10190000736665722D456E636F64696E673A000099
:101910006368756E6B6564004368756E6B65640023
:1019200070B5144C002550216584E57225736573EC
:10193000E56425656565A565A5736574A574A584CD
:10194000E5746566A56625756575E584A5752574D8
:10195000E5730948F6F780FC074820215030F6F778
:101960007BFC2567BDE87040034880218038F6F78E
:1019700073BC000000040020D84800202DE9F84F77
:101980001848017D002920D0202901D2002700E03D
:10199000477D0025144EA9462C46357080461CE034
:1019A0003819124900F01F00085C00907CB110A3A8
:1019B000C5F500718A4670190EA2FCF7ABF9002834
:1019C00003DD824505DC86F8FF91BDE8F88F0BA3A7
:1019D000EEE72844641C85B2E4B298F8140084420F
:1019E000DED3F2E700040020E94C00202849002063
:1019F0002000000025732530325800000000000050
:101A000010B50B4C0120E074FBF704F86066002071
:101A1000A06620756075A08420210648F6F71CFC9E
:101A200004485021BDE810405038F6F715BC0000BE
:101A3000000400202849002070B51CA0FFF77EFD9F
:101A4000FFF786FC102119A0FFF788FAFAF7E2FFEA
:101A500004461B4D4FF4FA6621E000BF06F086FDF8
:101A6000174900221831174801F0DCF8B8B1298B6A
:101A70001448FFF755FD14A11248F6F7F8FB15A11D
:101A80001048F6F7F4FB20B913A10E48F6F7EFFB68
:101A900018B1BDE87040FFF75BBCFFF759FC314659
:101AA0002046FAF7BDFF0028D8D070BD41542B5115
:101AB0004953544154453D312C300D0A000000007B
:101AC00000040020B51500202B51495354415445C2
:101AD0003A0000004F4B00004552524F52000000A8
:101AE00010B5084C08A0A174FFF728FDFFF730FCE3
:101AF0000E2105A0FFF732FAFAF78CFFA0620F2043
:101B0000607010BD0004002041542B5149434C4FDC
:101B100053453D300D0A0000F8B5354C0746E07CD2
:101B200008B9FFF76DFF06F021FD0025314E4EE0AC
:101B3000A16E304B491CA166607D50339DF800209A
:101B40001A54401CC0B26075202800D36575207DF2
:101B5000202801D2401C2075880601D106F006FD20
:101B60009DF800103E290DD0A08C4F2804D231548E
:101B7000401C80B2A08435541FA11E48F6F777FBA5
:101B800078B909E0A18C21B11A48FFF7C9FCA584F6
:101B90003570E5740120F8BD1AA11648F6F767FB09
:101BA00040B1A18C1348FFF7BBFCA5843570E574E8
:101BB0000220F8BD9DF800000A2802D0A08C4F2812
:101BC00005D3A18C0B48FFF7ABFCA58435706946A3
:101BD0000E48FDF747FB0028AAD13946606EFAF798
:101BE0001FFF0028E5D0FFF7C9FEE5740320F8BD0C
:101BF00000040020D84800202B434D452045525278
:101C00004F523A004552524F520000007C3700209C
:101C100010B54FF49670F8F72FFCBDE8104001F0B6
:101C2000C9BA000010B5FFF793FB07A0FFF786FCC9
:101C30000E2105A0FFF792F9FAF7ECFE064988623B
:101C40002420487010BD000041542B51485454507A
:101C500053544F500D0A0000000400202DE9F043BA
:101C6000DFF8608085B0002488F8064088F80540D9
:101C7000A8F81C40114E124DC8F83C40F8F7C8FCBB
:101C80004FF0FF39012702AA009482E8A00204A9BC
:101C90006846F8F705FC28B1F8F760FC002005B0AD
:101CA000BDE8F08306F062FC05F50065B542EAD3B5
:101CB000F8F754FC88F806700120F0E700000408EB
:101CC00000400208000400202DE9F04115000F46F5
:101CD000064640D02148807900280AD0F00707D175
:101CE0001F48864204D370191E49401E884202D9FB
:101CF0000020BDE8F081F8F78BFC0024A0461AE034
:101D0000385D611CA94204D23919497840EA0122A0
:101D100001E040F47F42311900230120F8F728FC4C
:101D200010B1F8F71BFCE3E714F0FF0F01D106F048
:101D30001DFCA41CA4B2AC42E2D3F8F70FFC0020B7
:101D400007E0315C3A5C914201D04046D1E7401C4B
:101D500080B2A842F5D30120CBE7000000040020A8
:101D600000400208FFFF030810B50E4C607958B11F
:101D700060780D2806D0A28B0B49E06BFFF7A4FF1B
:101D8000012803D0002010BD012010BDA18BA06B45
:101D90000844A06300206071A083E06306F0E6FBC6
:101DA000F2E7000000040020883F002010B50C4C32
:101DB00060780D2805D0607928B1FFF7D5FF01289C
:101DC00001D0002010BDE079617C084305D0608B14
:101DD00018B1BDE8104000F055B8012010BD00005A
:101DE000000400200844C178006861F31F60704758
:101DF00070B5104C00200125206320716063A06342
:101E00006083E063A0836071E07120726072A072F1
:101E100020646064E083A064A07900B92572E07852
:101E2000002806D004A1E06A00F012F8012800D0D2
:101E3000257270BD00040020716874747067657449
:101E40005F636F6E74656E745F6C656E6774680057
:101E500010B5044600F00AF8002804D00248012119
:101E600004630171084610BD0004002040F20A21FD
:101E7000884202D3B0F5E03F01D90020704701202D
:101E80007047000070B5174C608B40B3607930B17B
:101E900060780D280ED0FFF767FF01280AD112489D
:101EA000A16B0D18854205D3628B1049A818401EFE
:101EB000884201D9002070BD0D4901F50060F6F798
:101EC000A4F9E563608BA08301206071002060832A
:101ED00060780D2803D0BDE87040FFF745BF0120B2
:101EE00070BD00000004002000400208FFFF03084E
:101EF0008837002070B51F4C607A98BB608B40F229
:101F00000A2188422ED30126667271021A48FFF711
:101F100069FF60644FF401711748FFF763FF1649CA
:101F200020F07F452564B1F80812E183134A616C03
:101F300091420CD01249884209D02846FFF796FFFB
:101F4000012804D1A80702D1E08B032804D020790E
:101F5000002800D0002070BDA672207920B1206B2F
:101F60008542F7D1012070BD2846BDE8704005A12B
:101F7000FFF76EBF00040020883700207856341227
:101F8000EFCDAB896669726D776172655F68656177
:101F90006465720010B50E4C207AB8B9FFF706FFE1
:101FA000012802D00120207210E0207900280ED0F4
:101FB000D4E90C01814209D1A16B814206D1A07AFA
:101FC000002804D0FDF704FD012800D0002010BD3A
:101FD0000004002070B51D4CE179227A114301D034
:101FE000002070BD194922790125496B22B1226B6D
:101FF000914201D3E57126E0154B628B491C985440
:10200000521C62836163FFF775FF012812D12079AA
:1020100040B1D4E90C01814204D1FFF733FF01281C
:1020200008D1E7E7608BB0F5006F05D3FFF72AFF13
:10203000012801D02572D3E7A16C606B411AB1F57C
:10204000005F00D3A064012070BD000000040020E8
:102050008837002070B50C4605000AD04CB10CE062
:102060002878FFF76DF906462078FFF769F9864270
:1020700001D0002070BD641C6D1C20780028EFD1B9
:10208000012070BD38B5174C0546207802280FD0C6
:1020900003280DD12846FEF709FF50B10022114652
:1020A0000320FFF733F900F0EFFE0FA0FFF756F81B
:1020B00038BD11A12846F6F7DAF80028F8D02A46EC
:1020C0006946104800F016FE0028F1D0607800281C
:1020D000EED100F0A3FEBDF800200A490420FFF76E
:1020E00015F938BD840300207572635F6C696E6BEF
:1020F0005F6C6F73740000002B514D545245435672
:102100003A000000B51500202DE9F04107460025F2
:10211000C8680C462E46B0F57A7F5BD2401CE06062
:102120002168A068095C5B2954D1401CA06020464E
:10213000FCF734FC4CB1D4E90110884203D2226888
:10214000125C5D2A33D0884203D3A068401EA06091
:1021500040E0401E04F11008A0604046FCF79CFDE2
:1021600098B30DB3306046600646A068401CA0607E
:102170002046FCF713FC2146304600F0D1F930B37D
:102180002046FCF70BFC14B3D4E90110884203D2BB
:102190002168095C2C29E0D06268904217D221683E
:1021A000085C5D2813D102E005462E46DDE7E068B5
:1021B000401EE06005B16E602020C7E90250A068B3
:1021C000401CA0600120BDE8F081FFE715B1284662
:1021D000FCF7BEFC0020F6E7034610B500200246DF
:1021E000995CA1F13004092C01D830380AE0A1F142
:1021F0004104052C01D8373804E0A1F16104052C15
:1022000008D857380844032A00D20001521C042A77
:10221000E6D310BD002010BD2DE9F04192B04FF083
:10222000000506460C004FF02E03284610953CD0C2
:102230002168D1B36A4627E027683944415C3429D4
:102240001BD00ADCA1F12B07092F23D2DFE807F00E
:102250001522151722151515150038290DD006DC85
:1022600035290AD0362908D0372913D105E0392974
:1022700003D0452901D065290CD1115400E0135435
:10228000401C3F2806D22CB1A168D4F804C00F1816
:102290006745D1D31554904610A9104600F0BEFFF3
:1022A0000F4610990546884503D1002012B0BDE8BD
:1022B000F081C6E90657114A114B28463946F6F710
:1022C00059FC02D86FF000400DE000220D4B28466B
:1022D0003946F6F737FC02D84FF0004003E02846B5
:1022E0003946F6F7F7FB70610820F060109AA16894
:1022F000A2EB08000844A0600120D7E70000C0FF5F
:10230000FFFFDF410000E0C12DE9F0410746002654
:10231000C8680C463546B0F57A7F78D2401CE0603C
:10232000002C74D0D4E90110884270D22168095C75
:102330007B296CD1401CA0602046FCF72FFBD4E920
:102340000110884203D22268125C7D2A4CD0884258
:10235000A0F10100A0605AD204F110084046FCF739
:102360009BFCE8B3F6B1286045600546A068401CB8
:10237000A0602046FCF712FB2146284600F049F8F1
:1023800078B32046FCF70AFB286928620020286100
:102390003CB3D4E90110884236D22168095C3A295D
:1023A00032D102E006463546E0E7401CA0602046F8
:1023B000FCF7F4FA2146284600F0B2F888B120462E
:1023C000FCF7ECFAD4E90110884203D22168095CD9
:1023D0002C29C3D06268904216D22168085C01E0C3
:1023E00011E011E07D280FD1E068401EE06006B1E9
:1023F00075604020C7E90260A068401CA060012011
:10240000BDE8F08103E016B13046FCF7A1FB0020E7
:10241000F6E72DE9F84380468B6808684FF000091D
:10242000C418CDF8009008680E46651CC15C641C99
:1024300022296ED10022716808E0BCF15C0F04D142
:102440007F1C8F4265D2521C641C641C271A8F4269
:1024500004D294F800C0BCF1220FEED1271A8F42AB
:1024600057D22178222954D11844201A801A316970
:10247000401C884707004CD0009737E029785C293A
:1024800005D000986D1C00F8011B00902EE0022082
:10249000611B012939DB6A78662A14D008DC222AFC
:1024A00012D02F2A10D05C2A0ED0622A2DD108E03B
:1024B0006E2A0ED0722A0ED0742A0ED0752A24D11C
:1024C0000DE0082200E00C22009901F8012B009198
:1024D0000BE00A22F8E70D22F6E70922F4E76A4644
:1024E0002146284605F0B2FF78B10544A542C5D380
:1024F000009981F800901021C8E903173068201A6C
:10250000401CB0600120BDE8F88317B171693846FE
:10251000884715B13068281AB0600020F3E7000042
:1025200070B50C0005465ED0206800285BD0A1681D
:1025300063680A1D9A4205D80844042231A1F5F7C0
:10254000E9FE78B3A0686268411D0126914206D871
:102550002168052208442DA1F5F7DCFE28B3A06808
:102560006268011D914206D821680422084429A10D
:10257000F5F7D0FEE8B1D4E90101814203D2226827
:10258000525C222A1DD0814221D22268525C2D2A1F
:1025900002D0303A092A1AD821462846BDE87040B0
:1025A000FFF73ABE0420E86006E0EE60A068401D38
:1025B00004E002206E61E860A068001DA0600120B8
:1025C00070BD21462846BDE87040FFF722BF81421A
:1025D00003D22268525C5B2A07D0814203D2206872
:1025E000405C7B2807D0002070BD21462846BDE80E
:1025F0007040FFF789BD21462846BDE87040FFF7CF
:1026000083BE00006E756C6C0000000066616C7328
:10261000650000007472756500000000024A41F216
:1026200001010248FCF7B0BD782700207C3700206C
:102630002DE9F04185680C000FD001212046FCF700
:1026400042FE00280AD05B210170A068401CA060F7
:10265000E068401C0026E06025E00020BDE8F08135
:102660002146284600F0E0F90028F7D0204605F082
:10267000B7FE2868B0B1606908B1022700E0012701
:10268000791C2046FCF71FFE0028E7D02C2100F81B
:10269000011B616911B1202100F8011B0670A068BF
:1026A0003844A0602D68002DDAD102212046FCF7C5
:1026B0000AFE0028D2D05D2101704670E068401EFD
:1026C000E0600120CAE700002DE9F04706468AB025
:1026D000D6E90654884600271C216846F5F7BCFD5C
:1026E0000020CDE908004FF02E09B8F1000F42D0CC
:1026F0000DB1012000E0002020432E4920F00040D1
:10270000081AC00F4FF0000A12D14800B0EB440F76
:1027100000D16DB17069F6F7BFF92A462346F6F786
:1027200011FA0AD124A168467269FBF70BFB1FE07E
:1027300022A16846FBF706FB1AE02A46234621A1A0
:102740006846FBF7FFFA064608AA20A16846F5F797
:1027500001FE012806D1DDE908012A462346FCF7DF
:10276000B9FC30B92A46234619A16846FBF7EAFAB4
:1027700006461A2E03D300200AB0BDE8F087711C6C
:102780004046FCF7A0FD0028F6D069462E2306E05F
:10279000CA5D4A4501D1C35500E0C2557F1CB7420E
:1027A000F6D300F807A0D8F8080081190120C8F86E
:1027B0000810E1E70000F07F256400006E756C6C86
:1027C0000000000025312E3135670000256C6700C0
:1027D00025312E31376700002DE9F04785680C0060
:1027E00003D0606920B1022603E00020BDE8F08735
:1027F0000126711C2046FCF766FD0028F6D07B21DF
:1028000000F8011BE168491CE16061690A2701B118
:102810000770A0684FF0000830440926A06059E016
:1028200088B12046E168FCF74EFD0028DED000218B
:1028300003E000BF00F8016B491CE2688A42F9D846
:10284000A0681044A0602146286A00F065F80028BE
:10285000CCD0204605F0C4FD606908B1022000E03C
:102860000120814601462046FCF72DFD0028BDD001
:102870003A2100F8011B616901B10670A16801EB02
:102880000900A0602146284600F0CEF80028ADD00F
:10289000204605F0A5FD606900B10120296801B15D
:1028A000012100EB010909F101012046FCF70BFDB4
:1028B00000289BD0296811B12C2100F8011B616907
:1028C00009B100F8017B80F80080A16801EB0900E4
:1028D000A0602D686069002DA2D110B1E168491C8B
:1028E00000E002212046FCF7EEFC002886D061695A
:1028F00049B1002103E000BF00F8016B491CE26808
:10290000521E8A42F8D87D21017080F80180E0686B
:10291000401EE060012069E72DE9F0470A00054606
:102920004FF0000601D01DB120E00020BDE8F08787
:1029300003211046FCF7C7FC0028F7D037A1F5F7B4
:10294000E0FC5AE00C2927D006DC082924D009290C
:1029500022D00A2906D11FE00D291DD022291BD023
:102960005C2919D0202900D2761D401C017800294D
:10297000E8D1401B8719F91C1046FCF7A4FC041E83
:10298000D4D04FF022084FF0000984F800802EB117
:10299000661C4FF05C0A28E0761CE6E73A462946BA
:1029A000601CF5F732FC23E01F2803D9222801D050
:1029B0005C2830D106F801AB2A7850460C2A23D087
:1029C00006DC082A1ED0092A24D00A2A06D11DE0D6
:1029D0000D2A1DD0222A12D05C2A1CD010A130460C
:1029E000FBF7B0F9361D6D1C761C28780028DBD16A
:1029F000E01980F8018080F80290012096E786F8BF
:102A00000080F0E7622006E0662004E06E2002E02D
:102A1000722000E074203070E5E700002222000000
:102A2000752530347800000070B504000E4613D0D0
:102A300096B1207B102843D008DC012816D002284C
:102A40001ED004280AD0082806D121E020283CD036
:102A500040283FD0802820D0002070BD052130467E
:102A6000FCF731FC0028F8D01DA106E00621304615
:102A7000FCF729FC0028F0D01BA1F5F742FC1DE073
:102A800005213046FCF71FFC0028E6D018A1F4E72A
:102A90002046BDE87040FFF717BE20690028DCD053
:102AA000F5F70DFC401C054601463046FCF70BFCD3
:102AB0000028D2D02A462169F5F7A7FB012070BD76
:102AC0002069BDE87040FFF727BF2046BDE8704091
:102AD000FFF7AEBD2046BDE87040FFF77DBE0000A9
:102AE0006E756C6C0000000066616C736500000020
:102AF000747275650000000070477047064810B595
:102B0000417C007C014305D1FEF7C0F8012801D0CB
:102B1000002010BD012010BD8403002010B5FFF778
:102B2000EDFF08B1002010BD012010BD02480021BA
:102B30004174017470470000840300202DE9FC47B4
:102B400000258046ADF804502C46642800D9642046
:102B5000294EA6F80A8005F063F8814605F09AF937
:102B600001280AD0254890F8A00030B15FF0000796
:102B7000B9F1000F20D017B11EE00127F8E7B079B6
:102B8000D0B905F017F9012816D11D486421008835
:102B900000FB09F03230B0FBF1F080B2824601A9AF
:102BA00003F09AF801280FD001A9504605F02AF940
:102BB000012801D0ADF8045003F046F80246009514
:102BC000B07918B1032102E00124F5E700213B466A
:102BD000BDF8040002F025FCADF8040018B114B1F2
:102BE000FDF7AAF901E0FDF759F94946404605F01D
:102BF0009BF9BDE8FC87000088020020E00000206F
:102C00000203002000224FF400710148F7F729BEAB
:102C1000000C0140012251020148F7F722BE0000DA
:102C2000000C01402DE9F041002690460C46054677
:102C3000374619E02088401C80B22080B0F5006F34
:102C400001D9278010E002280ED3A91E415C0D296E
:102C50000AD1691E415C0A2906D10228F1D080B24E
:102C60002F542088BDE8F081208841190848FCF7DE
:102C7000F9FA0028DED1B8F1000F06D01420FCF7D5
:102C8000E9FA761CF6B2642EEED30020EAE70000E3
:102C90007C3700202DE9F047002791460D46044679
:102CA000A0F10208461E1AE02888401C80B2288045
:102CB000B9F800108A1D904201D92F800FE0022838
:102CC0000DD910F808200D2A09D1825D0A2A06D1F3
:102CD000884204D980B227542888BDE8F087288824
:102CE00001190348FCF7BEFA0028DDD1F5E7000022
:102CF0007C3700202DE9F0470027894606460F80E3
:102D000090467B211046F5F7D0FA051E0CD07D21A8
:102D1000F5F70FFB38B1A84205D3401B401C84B225
:102D2000B4F5006F02D90020BDE8F087414628467F
:102D30000DE000BF10F8012D202A08D0092A06D086
:102D4000D0B2222801D0002004E0012002E0884215
:102D5000F0D838468046224629463046F5F755FADF
:102D60003755B8F1000F19D021460020044612E073
:102D7000335C5C2B0AD1421C8A4207D2321852784B
:102D8000222A0FD05C2A0DD02F2A0BD0401C33559D
:102D9000641C80B2A4B28842EAD33755A9F8004037
:102DA0000120C1E73255641C801CA4B280B2F2E756
:102DB0002DE9F04704008A4616D054F8047CD4F874
:102DC00000903E1F564500D956462046FAF7CEFFE2
:102DD00005468846324621465046FDF757FB40B12E
:102DE000C0F80090BDE8F087BDE8F0470846FAF764
:102DF000EBBF44E9017955B129686A18211F8A425D
:102E000002D9611B091F2960C5F80480EAE7024A5C
:102E1000C2F80080E6E70000D80600200149012042
:102E2000C87070477604002001490120087070477F
:102E3000EC03002010B5134C217801290ED0204658
:102E40000229006910D0032907D141F28831F9F72E
:102E5000E7FD002801D00520207010BDFFF7DAFE45
:102E6000A06820610220F7E74FF47A71F9F7D8FDE6
:102E70000028F2D0FFF7C6FE03202070A068206172
:102E800010BD0000EC030020064910B500200870BA
:102E90000549087005490870F9F7AEFABDE8104019
:102EA00008F048BDE40300207A0400207D040020DF
:102EB00010B501460448FCF7F1F9002803D1034896
:102EC0004168491C416010BD7C370020EC030020A4
:102ED00070B5084A9278002A0AD104460D46064881
:102EE000FCF72CFD29462046BDE8704005F086BA67
:102EF00070BD0000840300207C3700202DE9F041E4
:102F0000FEF794F8012822D0614C0726A07818B16A
:102F1000206DFDF729FEC8B1607B0127DFF87481C1
:102F20000025062813D2DFE800F012030330124315
:102F3000FDF7E8FE01280CD0FDF7BAFE01281DD0F0
:102F40000521A07B81421BD8A573E7736673BDE89A
:102F5000F081A07B032813D3207B00B927731621AF
:102F60004C48F5F779F915224BA14A48F5F791F944
:102F700088F81550A571A573E573E7E70121E0E72F
:102F8000401CA07303206073E1E7FDF7BBFEA0784F
:102F9000617D0028206D02D0FDF7E0FF01E0FFF722
:102FA00097FF05206073F9F735FDC4E90A05CEE700
:102FB0001421A06AF9F734FD0028C8D03449002252
:102FC00016313B48FFF72EFEC8B33948FDF76EFFB8
:102FD000012804D037A13648F5F749F938B134480B
:102FE000FFF750F8E582607B052828D0AFE730482E
:102FF000FBF71AFFFDF786FE012806D130A12C4809
:10300000F5F735F908B1022020732948616DF5F70D
:103010002EF9A0B32CA1206DF5F729F998B16079AC
:1030200060B11C4900201F390A5C303A0A2A05D2D7
:10303000401CC0B20F28F7D3C87B20B1E582BDE8A1
:10304000F04100F08BB8FDF75DFE012812D1A079A8
:103050000028F3D00020424606E030390A29EDD29C
:10306000401CC0B2152802D2115C0029F5D11338DA
:103070000128E3D8E582E5736673A57367E7FFE788
:103080000B48FDF753FE0128D8D1E5825CE700002C
:1030900084030020EF1300203030303030303030E7
:1030A00030303030303030303030303000000000E0
:1030B000B51500202B514D54524543563A0000009F
:1030C0004552524F5200000041542B4347534E008B
:1030D0000348407B072801D000207047012070473B
:1030E00084030020014900204873704784030020B6
:1030F0002DE9F041134C80461D46A07816460F4638
:1031000020B14046FDF730FD002819D0C4F85080AA
:1031100067750020E062C4E91565A073E0730AA139
:103120004046F5F7A4F810B1FBF7C0FF06E008A190
:103130004046F5F79CF808B1FBF7AAFF0220607340
:10314000BDE8F0818403002041542B4347534E00D7
:1031500041542B51434349440000000010B50B4C2F
:10316000E06A401CE062A16D884203D2F9F752FC8C
:10317000A06210BDFDF7C6FD012803D1207B08B970
:10318000012020730220607310BD00008403002022
:1031900010B5FDF7C5FE034901200875BDE81040D4
:1031A000FAF790BA8403002001490820C8717047DB
:1031B000760400204FF000614868054A50601060B6
:1031C000096881F308884FF0E02202495161004705
:1031D00038000020A55AA50070B502004FF000008D
:1031E0001BD0910F93000125012901D90120491E0F
:1031F0000F224FF6FF7600BF890006EA400001EB80
:10320000937105EB40049B00A14202D3091B401CB3
:1032100080B2521E1204120CEED170BD00B583B004
:103220000A460021CDE9001101466846F5F74FFD39
:10323000DDE9000103B000BDC0F3074202EB1061FD
:10324000C0F307221144C0B208447047014900206E
:1032500008727047080F00202DE9FE430025404CFE
:10326000009501950295A0884FF001084746002877
:1032700073D13220A0803B48F6F718FA394EB07966
:10328000FAF724FD632819D800F5FA60ADF80600B6
:103290003079FAF71BFD411E0B290FD88DF8050078
:1032A000F078FAF713FD411E1E2907D88DF80400A7
:1032B0007079FAF70BFD411E062902D94FF000087C
:1032C00001E08DF80300B078FAF700FD17280DD85B
:1032D0008DF802007078FAF7F9FC3B2806D88DF8D3
:1032E00001003078FAF7F2FC3B2801D9002701E011
:1032F0008DF800001B4E01200A3EB8F1000F0BD0E4
:103300008FB18DF808000098306001987060BDF8AA
:103310000800308165701FE035726178FF2901D2A5
:10332000491C61702FB93572A178FF2901D2491C5F
:10333000A17061780A2907D340F2E471F1807071BD
:103340003071F9F773F86570A0780A2805D3B57065
:1033500075703570F9F76AF8A570BDE8FE83000056
:1033600098020020120F00200549888808B1401EED
:1033700088800878002801D0401E0870704700003F
:1033800098020020002804D001684A1C01D0491C82
:10339000016070470748816BC1630121C170002142
:1033A0008161C161016441818164034840F89C1FCF
:1033B000C180704758000020E00000201521AFF3C5
:1033C000008010B500280BD0AD23012204E0845CFE
:1033D000521C23449BB2D2B28A42F8D9D843C0B21D
:1033E00010BD1421FFF7EDBF70B51400054603D0E2
:1033F00000F048F8012801D0002070BDD5F8010088
:1034000020F07F402060686820F07F406060D5F841
:10341000070020F07F40A060D5F80A0020F07F4030
:10342000010201D540F07F40E060D5F80D0020F0AA
:103430007F402061288AA082E87CA075012070BDB1
:10344000002806D0817C19B9017D09B9407D08B1F9
:10345000002070470120704710B5040010D020787C
:1034600055280DD12046FFF7A9FFA17D884207D03E
:103470002046FFF7B6FFA17D884201D1012010BD93
:10348000002010BD10B5040012D0172910D12078EB
:1034900055280DD12046FFF791FFA17D884205D028
:1034A0002046FFF79EFFA17D884201D1012010BD7B
:1034B000002010BD0146014800F07EB8140800202D
:1034C00070B58EB00C00064604D06846FCF7FAFED4
:1034D000012802D000200EB070BD224D2868206067
:1034E000009860600198A0600298E0601E48406A01
:1034F000206103986061A868A061E868E06168687D
:1035000020623046FFF7D6FF60620998A0620A98F1
:10351000E06204982063059860630698A0630798AA
:10352000E06308982064304600F0B8F884F844005E
:103530009DF82C0084F845009DF82D0084F8460085
:10354000E87C84F847009DF82E0084F848009DF838
:103550002F0084F849009DF8300084F84A000120CB
:10356000B9E70000140800205800002070B50025BD
:103570000F4C012804D1606A411C01D0401C6062DC
:103580000C4800F022F80646012806D1FCF7ECFAB8
:1035900005460146074800F04AF802202070012E37
:1035A00001D1012D02D06420E08070BD0A20FBE72C
:1035B000580000201408002020B1027C12B140689D
:1035C000081A70474FF0FF30704710B500280CD034
:1035D000817C39B1002181740321C1740C30FFF763
:1035E000D1FE01E0417C09B1002010BD01214174F0
:1035F0008174C1740830FFF7C5FE012010BD00289A
:1036000008D00021016041608160C1600174417493
:103610008174C174704700B5FFF7CEFF411C04D020
:10362000B0F5FA7F01D8012000BD002000BD0028C0
:103630000BD0012909D0817C002906D0002181749A
:103640000321C1740C30FFF79DBE704770B50D4665
:1036500004000BD0FFF796FE012065602074A07C6B
:1036600008B10220E07400206074A07470BD0000F6
:1036700010B50848FFF7C3FF074C002020626062C6
:10368000E062FCF753FE6064A0620A20E080022042
:10369000207010BD14080020580000200146014889
:1036A000FFF7B9BF140800200448054950F89C2FC3
:1036B000CB691A4402600020C8617047E000002016
:1036C000580000202DE9F04F95B0FCF72FFEDB4CA1
:1036D000616C884204D0A06260640020FFF746FF5E
:1036E0002078002833D002260327D54D4FF06409F7
:1036F0004FF0580A4FF0000801280CD0022850D093
:10370000032824D1FCF7F8F904285FD0E0880028CA
:103710001DD101206AE0607890B101281AD00228FA
:1037200024D0032813D1FCF7E7F968B3FCF7E4F9D8
:10373000042832D0E088002809D184F80180E8E725
:1037400055211D2000F0D4F9012800D1607015B07A
:10375000BDE8F08FFCF7D0F90028F8D1C721192077
:1037600000F0C6F90128F2D16670F0E7FCF7C4F961
:103770000028ECD100211D2000F0BAF90128E6D183
:103780006770A4F80690E2E785F800A01920687039
:103790000421AB48FCF7B6F9D9E72670A4F80680F7
:1037A000D5E7E0880028D2D1A4F8069085F800A0DB
:1037B000AA2068701721A248FCF7A4F9012801D1BA
:1037C0002770C4E726700A20E080C0E7F7F750F8BA
:1037D00009900CAA17219A48FFF706FE012808D085
:1037E000206A411C01D0401C20620020FFF7BEFE71
:1037F000ADE70C9808900D9807900E980A90DDE9B7
:103800000FA00B90BDF8440002909DF846B007272A
:103810008B48FFF715FE012800D10F278848FFF7D6
:103820000FFE012804D18648FFF716FE012804D1B7
:10383000E06A411C01D0401CE062814809991830BF
:10384000FFF704FF69780098424661F30700A97802
:1038500061F30F20E97861F3174062F31F604FF4C2
:103860001D61B0FBF1F189B2E1812B7963F30700AF
:103870006B7963F30F20AB7963F3174062F31F603A
:1038800040F65723B0FBF3F39BB25943B1FBF9F178
:103890000904A381090C6182AB7A63F30700EB7A18
:1038A00063F30F202B7B63F3174062F31F604FF02D
:1038B0006703B0FBF3F39BB2A3822CD04FF0640CF0
:1038C00003FB0CF3B3FBF1F1C9B22171632901D9F8
:1038D00063212171697B61F30700A97B61F30F20EC
:1038E000E97B61F31740216B62F31F60884204D2C9
:1038F000A178FF2901D2491CA1702063FCF74AF886
:10390000A063A17819B14F4B01FB0300A063E078DD
:10391000012803D005E022712282DBE7A06BE0637F
:10392000E270D4E90E01884201D3411A00E000217F
:10393000A161616B6063411AA06C0844A064608A55
:1039400050B3E0892579A0FB00136D43A1FB050C62
:1039500003FB05C301FB023142F210720023F4F7AE
:1039600003FC81463848A18947F6B822807F4FF092
:10397000000CA0FB0113A1FB020803FB028201FB68
:103980000C21324A6346F4F7EFFB804642F2107096
:10399000854203D2401B02E0228217E00020010C86
:1039A000000442F210720023F4F7DEFBFFF714FC70
:1039B000E1894143C81701EB106108EB212000FBAE
:1039C00000900002FFF708FC000920826946079872
:1039D00002F000F8012802D1BDF80000A08169467C
:1039E000089801F099FF012802D1BDF8000020825B
:1039F0006946504601F0BFFF01280CD1BDF8000018
:103A000041F69911884206D800EB80004FF6FF710D
:103A100001EA4000A08201206071226A0849CDE9D4
:103A2000041706920B99CDF80CB0CDE900A1DDE9A1
:103A300008100A9B079A02F015FDC3E65800002003
:103A4000FC070020F3A31F011C0F002000E1F50577
:103A5000184830B4C18809B1491EC180018941F2BA
:103A60007072491C89B20181914220D900210181E3
:103A7000828A036C3C241A44B2FBF4F3C5692B44DC
:103A8000B2FBF4F504FB1522C36102644289521CA7
:103A900092B24281B2F5347F09D3074A418152F88C
:103AA0009C4F23441360C16130BC02F0B5BE30BCF2
:103AB0007047000058000020E000002010B58AB1D7
:103AC00081B1A0FB01014FF40003C01841F10001D6
:103AD000000E40EA0120090E4FF6FF740023241A5D
:103AE0008B4101D2002010BD1080012010BD0000CC
:103AF00030B40A4AA8230C0C137050700B0A917052
:103B00001944A83008442044D370C0431471507144
:103B100030BC06211046FCF745B80000FC07002029
:103B20002DE9F041069DF8B1F1B1EDB1022A1BD3A8
:103B300004689C4218DC00EB820454F8044C9C425C
:103B400012DB01242DE000BF00EB840750F8246055
:103B500057F8047CBE4207DD01EB440C31F81470C9
:103B60003CF802CC674502D20020BDE8F0819E42BD
:103B700016DB00EB840001EB440150F8040C31F833
:103B8000024C321A1B1AB8B2061B50080021E6FB81
:103B900003010023F4F7E8FA204428800120E4E739
:103BA000641C9442D0D301EB420030F8020CF4E7DD
:103BB000F0B5059DF0B1E9B1E5B1022A1AD3048848
:103BC0009C4217D800EB420434F8024C9C4211D3BB
:103BD00001242AE000EB440730F8146037F8027C37
:103BE000BE4207D901EB440C31F814703CF802CC0A
:103BF000674501D20020F0BD9E4215D300EB440082
:103C0000B6B230F8022C01EB4401B01A9A1A31F81E
:103C1000023CBEB2F11A514301EB5001B1FBF0F08E
:103C2000184428800120F0BD641C9442D2D301EBDB
:103C3000420030F8020CF4E72DE9F041069DF8B19E
:103C4000F1B1EDB1022A1BD304689C4218D800EBF5
:103C5000820454F8044C9C4212D301242DE000BF8E
:103C600000EB840750F8246057F8047CBE4207D963
:103C700001EB440C31F814703CF802CC674502D2D9
:103C80000020BDE8F0819E4216D300EB840001EBDA
:103C9000440150F8040C31F8024C321A1B1AB8B225
:103CA000061B50080021E6FB03010023F4F75CFA31
:103CB000204428800120E4E7641C9442D0D301EB27
:103CC000420030F8020CF4E700214FF6FF7200BF0B
:103CD00001EB810302EA8303834201D10120704793
:103CE000491C89B20B29F3D30020704770B58EB000
:103CF00004000ED04FF48271F4F7AEFA00230422D0
:103D00000CA9802003F0B0F80125012804D06570CB
:103D100028E000200EB070BD25700021684603F039
:103D2000E1FD012812D003F0FBFD0146002001292E
:103D30000ED0207084F8015004F10802901D211D5E
:103D4000064603F003F8012804D00BE09DF80C00B0
:103D50006070F1E7304602F0F7FC012802D1A5704F
:103D6000F420A0810120D5E7F8B51D4614460E4683
:103D7000070016D0ADB1F42E13D102F0E5FC0128F6
:103D80000FD13146384603F091F9A04209D16A4675
:103D90002946384602F0C2FF012802D10098A0420D
:103DA00001D00020F8BD0120F8BD0AF0AFB8AFF394
:103DB0000080C178006861F31F607047C1780068B7
:103DC00061F31F60704799B1A0F13002092A01D850
:103DD0000A700BE0A0F14102052A01D8373804E04F
:103DE000A0F16102052A03D85738087001207047F6
:103DF000002070472DE9F0410D46074603F062FEB2
:103E0000044695F847600088F4F757FE02460B46D3
:103E10007AA13846FAF70AFE2089F4F74EFE0246E8
:103E20000B4679A13846FAF701FEE068F4F745FE43
:103E300002460B4678A13846FAF7F8FD207CF4F7E5
:103E40003CFE02460B4679A13846FAF7EFFD608A40
:103E5000F4F733FE02460B4675A13846FAF7E6FD45
:103E6000A08AF4F72AFE02460B4676A13846FAF7F6
:103E7000DDFDE08AF4F721FE02460B4674A13846C8
:103E8000FAF7D4FD208BF4F718FE02460B4672A118
:103E90003846FAF7CBFD74480088F4F70EFE024668
:103EA0000B4672A13846FAF7C1FD72480088F4F754
:103EB00004FE02460B4670A13846FAF7B7FDE08BC8
:103EC000F4F7FBFD02460B466EA13846FAF7AEFD4D
:103ED00094F82000F4F7F1FD02460B466DA1384638
:103EE000FAF7A4FD608CF4F7E8FD02460B466CA1DE
:103EF0003846FAF79BFD00226E4B6FA13846FAF761
:103F000095FD00226F4B70A13846FAF78FFD002215
:103F10004FF080436FA13846FAF788FD0022714BBD
:103F200071A13846FAF782FD0022754B75A138461B
:103F3000FAF77CFD0022764B76A13846FAF776FD3B
:103F4000012E53D05FF00000F4F7B7FD02460B4698
:103F500074A13846FAF76AFD012E49D05FF00000DF
:103F6000F4F7ABFD02460B4672A13846FAF75EFD48
:103F7000012E3FD05FF00000F4F79FFD02460B4694
:103F80006FA13846FAF752FD012E35D05FF00000E0
:103F9000F4F793FD02460B466DA13846FAF746FD4D
:103FA00095F84300012800D00020F4F786FD024672
:103FB0000B466BA13846FAF739FD95F84400012805
:103FC00000D00020F4F779FD02460B4667A1384681
:103FD000FAF72CFDB5F84000F4F76FFD02463846BD
:103FE000BDE8F0410B4666A1FAF720BD0120ABE722
:103FF000286BB5E7E88FBFE7E86AC9E770726F66BC
:10400000696C65496400000070726F66696C655682
:10401000657273696F6E000070726F66696C6546D9
:10402000696E6765727072696E7400006D69640014
:1040300068617264776172655265766973696F6EE3
:10404000000000007261746564506F7765725700FC
:104050007273334D6F686D00686172647761726569
:104060004D61784D610000000403002068774D61C8
:10407000784D6100020300207365744F7574637599
:10408000724D610070776D46756C6C5363616C6541
:104090000000000070776D506F6C61726974790078
:1040A0006F636F4861726477617265526576697398
:1040B000696F6E0000002640706F696E74436F7503
:1040C0006E740000000034406C6576656C53746556
:1040D000700000007061796C6F616456657273697D
:1040E0006F6E00000000104073746F726167654668
:1040F0006F726D617456657273696F6E00000000B7
:1041000000407F407261774D61784167654D730073
:1041100000E06F406361706162696C697469657326
:104120000000000068617343616C696272617469C8
:104130006F6E000067656E65726174696F6E000076
:104140007061796C6F61644C656E67746800000023
:104150007061796C6F6164437263333200000000F8
:104160007361666574795265616479007065727314
:10417000697374656E63655265616479000000005F
:104180006661756C74466C616773000070B50C46AF
:10419000050039D0002C37D000221C4B1CA1FAF7A7
:1041A00045FC621C1BA12846FAF75AFC207801281E
:1041B00014D00D2812D0A06CF4F77FFC02460B46F9
:1041C00015492846FAF732FCE06CF4F776FC0B460A
:1041D0001149024608312846FAF728FC607BF4F7BB
:1041E0006CFC02460B460DA12846FAF71FFC207C0A
:1041F000F4F763FC02460B4609A12846FAF716FCC1
:10420000BDE8704005F07EBF002070BD0000084092
:10421000760000006F700000504D010872630000CE
:104220007374000070B505460C460868F4F745FC49
:1042300002460B463EA12846FAF7F8FB6068F4F701
:104240003CFC02460B463EA12846FAF7EFFBA0686D
:10425000F4F733FC02460B463CA12846FAF7E6FB8E
:10426000E068F4F72AFC02460B463AA12846FAF722
:10427000DDFB2069F4F721FC02460B4637A12846F6
:10428000FAF7D4FB6069F4F718FC02460B4637A135
:104290002846FAF7CBFBA069F4F70FFC02460B4661
:1042A00036A12846FAF7C2FBE069F4F706FC02469D
:1042B0000B4636A12846FAF7B9FB206AF4F7FDFB56
:1042C00002460B4636A12846FAF7B0FB606AF4F7BF
:1042D000F4FB02460B4637A12846FAF7A7FB94F8F1
:1042E0004400F4F7EAFB02460B4634A12846FAF7ED
:1042F0009DFB94F84500F4F7E0FB02460B4631A124
:104300002846FAF793FB94F84600F4F7D6FB0246EA
:104310000B462FA12846FAF789FBA06AF4F7CDFBDC
:1043200002462846BDE870400B462CA1FAF77EBB3A
:1043300076616C69644672616D65436F756E740079
:104340006F7265436F756E74000000006665436FA1
:10435000756E74006E65436F756E740074696D657B
:104360006F7574436F756E74000000007561727430
:104370004572726F72436F756E7400007265636F81
:1043800076657279436F756E740000007265636FB5
:10439000766572794661696C436F756E74000000D2
:1043A0006C61737456616C69644672616D655469C1
:1043B000636B0000626C4167654D7300626C46720E
:1043C00065736800756172744753746174650000A9
:1043D000756172745278537461746500756172749A
:1043E0004572726F72436F646500000030B5054618
:1043F0000878FBB00C46012804D00D2806D005280B
:1044000011D01AE02846FFF7F5FCAFE0617B0029E8
:10441000FBD194F86310012918D104F18C012846CE
:10442000FFF700FFA2E0617B19B1062901D009293D
:10443000EBD194F86110012902D0617B31B195E094
:1044400004F16401284600F0D3F88FE0801E0928AB
:10445000DBD2DFE800F0051B228B29293A4E5800F9
:1044600003F030FB0088F4F728FB02460B4641A11D
:104470002846FAF7DBFA03F025FBC068F4F71DFBCA
:1044800002460B463EA12846FAF7D0FA206DF4F713
:1044900014FB0B4602463FA127E0208FF4F70DFBEB
:1044A0000B4602463DA120E0B4F85E00F4F705FBA0
:1044B00002460B463BA12846FAF7B8FA606DF4F7BE
:1044C000FCFA0B4602463BA10FE094F86000F4F7BB
:1044D000F4FA02460B463BA12846FAF7A7FA608F8A
:1044E000F4F7EBFA0B46024638A12846FAF79EFA93
:1044F0003CE0A06DF4F7E1FA02460B4636A12846EF
:10450000FAF794FAD0E794F8620001280AD1B4F8D7
:104510005E1040F2E9136A4604F1D80000F0B8FEDC
:10452000012802D000207BB030BDA06DF4F7C5FAA1
:1045300002460B4628A12846FAF778FAB4F85E003E
:10454000F4F7BBFA02460B4616A12846FAF76EFAB4
:10455000606DF4F7B2FA02460B4616A12846FAF748
:1045600065FA6A461FA12846FAF77AFA05F0CAFDED
:10457000D9E7000070726F66696C654964000000DD
:1045800070726F66696C6546696E67657270726994
:104590006E7400006C656173654D73006C657665C3
:1045A0006C0000007061796C6F61644C656E6774BB
:1045B000680000007061796C6F616443726333322C
:1045C0000000000070657263656E7400616374754D
:1045D000616C50776D00000067656E65726174698B
:1045E0006F6E00007061796C6F61644865780000DF
:1045F00070B505460C460888F4F75FFA02460B468C
:104600003DA12846FAF712FA6088F4F756FA0246F6
:104610000B463BA12846FAF709FAA088F4F74DFAB1
:1046200002460B4639A12846FAF700FAA068F4F7CB
:1046300044FA02460B4637A12846FAF7F7F9E06834
:10464000F4F73BFA02460B4636A12846FAF7EEF994
:104650002069F4F721FA02460B4636A12846FAF7FC
:10466000E5F9A08AF4F729FA02460B4634A1284658
:10467000FAF7DCF9E08AF4F720FA02460B4637A194
:104680002846FAF7D3F9208BF4F717FA02460B46BF
:1046900039A12846FAF7CAF9608BF4F70EFA0246F8
:1046A0000B463BA12846FAF7C1F9A08BF4F705FAAF
:1046B00002460B463CA12846FAF7B8F9206AF4F7FF
:1046C000FCF902460B463DA12846FAF7AFF9A08C4B
:1046D000F4F7F3F902460B463AA12846FAF7A6F991
:1046E000E08CF4F7EAF902462846BDE870400B4634
:1046F00037A1FAF79BB900006C6576656C00000085
:1047000061637475616C50776D0000006F636F5268
:1047100061770000626C566F6C74616765526177F7
:1047200000000000626C43757272656E74526177AE
:1047300000000000626C506F776572526177000074
:10474000636F727265637465644F757470757443DA
:10475000757272656E744D6100000000636F727255
:104760006563746564496E707574566F6C746167C7
:104770006530315600000000636F727265637465C6
:1047800064496E70757443757272656E744D610024
:10479000636F72726563746564496E707574506F8F
:1047A00077657230315700006F7574707574566F8D
:1047B0006C7461676530315600000000626C4167BF
:1047C000654D730076616C6964466C6167730000C7
:1047D0006661756C74466C6167730000074A01235B
:1047E00013708B6C5360CB6CC2E902300878107484
:1047F00002484FF4E6721430F3F707BDC079002089
:1048000048400149484370479301000110B50C46E8
:10481000C9B2FFF7F5FFC4F30721FFF7F1FFC4F3B7
:104820000741FFF7EDFF210EBDE81040FFF7E8BF9D
:1048300070B50D00044633D023A12846F3F746FD9A
:1048400000283FD021A12846F3F740FD002839D0A9
:10485000012C25D00D2C0BD01DA12846F3F736FDD9
:1048600000282FD01BA12846F3F730FD002829D0BF
:10487000A41E072C14D2DFE804F0040E151317133E
:10488000230015A12846F3F721FDD8B115A128462C
:10489000F3F71CFDB0B118A12846F3F717FD88B156
:1048A000002070BD16A1F7E717A12846F3F70EFD0B
:1048B00040B119A12846F3F709FD18B11AA1EBE799
:1048C0001CA1E9E7012070BD760000006F700000B8
:1048D000736964007365710070726F66696C654915
:1048E0006400000070726F66696C6546696E67658A
:1048F000727072696E7400006C656173654D73004F
:104900006C6576656C0000007061796C6F61644C59
:10491000656E6774680000007061796C6F61644354
:1049200072633332000000007061796C6F6164481B
:104930006578000070657263656E74002DE9F34F51
:10494000A7B0804603F0BEF80025F84C83462495B6
:104950000C95089504F5E6701B951C950695ADF829
:104960007450F1A60A952190ADF82450ADF81C5072
:10497000ADF82C50AA46B8F1000F06D0289820B107
:10498000EBA12430F3F7A2FC18B1002029B0BDE858
:10499000F08F38210DA8F3F75FFC00208DF834006C
:1049A0000DA801F0F5F8E3A14046FAF71AF95FEA1D
:1049B000000922D0E0A1FAF714F907464846FAF7B1
:1049C00050F9D0B1CFB13846FAF754F9A8B13F69E0
:1049D0009FB13E460125DFF8648303E00E2D01D32D
:1049E000D7A101E058F825103046F3F76FFC20B14D
:1049F0006D1CEDB20D2DF1D900254FF000080DAF63
:104A00004FF4E6712046CDF80880F3F725FC2570B9
:104A1000C4F848800298E06401206073611C0020A3
:104A200016B906E00A54D8B2325C12B1431C0C2B02
:104A3000F8D34FF0000801F800802FB13822394632
:104A400004F11000F3F7E1FBB9F1000048D0FAF7E8
:104A500008F9E0B324AABBA1484600F0E3FA012814
:104A60003ED1249803283BD18DB3012D0CD0052DC8
:104A70000AD00A2D08D00D2D06D0B3A128983430C5
:104A8000F3F724FC18BB01E0B0A1F7E7D9F8086000
:104A900013E02846316AFFF7CBFE012820D1D9F870
:104AA000087007E0386A20B1316A11B1F3F70EFCE3
:104AB00068B13F68B742F5D13668002EE9D10127C9
:104AC000012D10D00D2D0ED04E460CAA00E007E0AF
:104AD0000DF120089EA1484600F0A4FA01281ED03E
:104AE000214628989DE19AA14846FAF77AF80028CD
:104AF000F6D198A14846FAF774F80028F0D184F866
:104B00000D800D2DECD1F5F7B3FE04F18C01FEF70D
:104B1000D7FC84F863000128E2D0092089E14246ED
:104B20008DA1304600F07EFA0128D9D10C990029D8
:104B3000D6D008980028D3D0B846C4E91210AF1ECA
:104B4000072F70D2DFE807F0043C526F706FD4007B
:104B50001DAA82A1484600F055FA01287ED11CAA60
:104B600081A1484600F05EFA0128F7D11BAA83A173
:104B7000484600F057FA0128F0D108980128EDD1F5
:104B8000DDE91B32BDF87410284600F025FA1B99A8
:104B900006467C4AA1F57A70904201D305200DE0CB
:104BA000BBF80000BDF87420904204D1DBF80C0083
:104BB0001C9A904201D00A2000E00020216509E102
:104BC0001BAA6EA1484600F02DFA012846D1002309
:104BD0001A4628461B9900F0FFF91B99694A0646B8
:104BE000A1F57A70521E9042E7D9D7E709AA66A1CB
:104BF000484600F007FA012830D100231A46BDF8D4
:104C00002410284600F0E8F9BDF824100646C8290B
:104C100005D81420B1FBF0F200FB121000B1052002
:104C2000A4F85C10D6E0CDE059A14846F9F7D9FFC9
:104C3000064607AA59A1484600F0E4F901280DD11B
:104C400006AA5AA1484600F0EDF9012806D12EB176
:104C50003046FAF70FF808B1306900E037E0B0B33A
:104C6000BDF81C10F42932D104F1D801F422894690
:104C700000F0E2FA01282AD1F421484600F04EFA69
:104C80000346BDF81C102846069A00F0A5F9064612
:104C9000F421484600F042FA0699884201D00720E4
:104CA0001FE0F4214846219A00F058FA012801D06B
:104CB000012016E0219800F027FB012805D1594674
:104CC000219800F094FB012802D0052009E02AE099
:104CD0005946219800F000FB012801D00A2000E08D
:104CE0000020BDF81C10A4F85E100699616571E003
:104CF000484632A101AA00F095F9012873D1019824
:104D0000FF2870D8C1B200238A461A46284600F010
:104D100063F90646BAF1640F01D8002000E00520CF
:104D200084F860A056E05EE000000000A07B002058
:104D300063616C00445400006F700000F4E90108E6
:104D40000000000076000000570000005200000044
:104D500073696400736571007365710070726F66CA
:104D6000696C65496400000070726F66696C654625
:104D7000696E6765727072696E7400006C6561734C
:104D8000654D7300D92309006C6576656C000000E1
:104D90007061796C6F616448657800007061796C4E
:104DA0006F61644C656E6774680000007061796CB7
:104DB0006F61644372633332000000007065726398
:104DC000656E740000231A461946284600F004F95F
:104DD000064600207F490C9B089A91F800C0BCF160
:104DE000010F31D102E084F80D8079E6D1F804C0DA
:104DF0009C4529D18B68934219D1087CA84214D1D3
:104E0000CA68B24211D191F8240038B1F5F730FDEB
:104E10000DA901F003FA9DF8340060B16D4928989E
:104E2000143100F03BF90120B0E5012001E00BD97D
:104E30000220607354E60420607338220DA904F147
:104E40001000F3F7E2F9C0E030BB0B2F73D2DFE8BC
:104E500007F0061624314858667384A6B000F5F7AB
:104E600007FD0146BDF8740004F110031C9A8DE89B
:104E70000D00089B1B9A0C9800F078FBA4E0F5F756
:104E8000F7FC014604F110000090089B1B9A0C9857
:104E900000F080FEE169216596E0F5F7E9FC04F198
:104EA000100100910146BDF82430089A0C9801F0D9
:104EB000E9F889E0F5F7DCFC014604F11000009008
:104EC00004F16403089A0C9800F034FF38B1062806
:104ED00005D0092803D0002184F8611074E0012175
:104EE000FAE7F5F7C5FC0146BDF81C0004F1100314
:104EF000069A8DE80D00C833089A0C9801F03EF927
:104F000062E0F5F7B5FC014604F11003089A0C982D
:104F100000F0F4FAA18FA4F85E10A16A1BE0F5F787
:104F2000A7FC014604F1100000905346089A0C9823
:104F300001F04AF848E046E0F5F79AFC014604F132
:104F40001003089A0C9800F073FC216BA165E18FA7
:104F5000A4F85E10E16A616536E0F5F789FC014668
:104F600001AF04F110050AAB06AA0BA887E82D00D3
:104F7000F420009004F1D803089A0C9800F016FF72
:104F8000BDF82C10A4F85E10069961650A99A16518
:104F900018B1002184F8621016E00121FAE7F5F754
:104FA00067FC014604F11003089A0C9800F062FABD
:104FB0000AE0F5F75DFC014604F11003089A0C982D
:104FC00000F05CFF00E00120607321463046FFF7EF
:104FD00005FC85E5C079002070B50C4601461D46EC
:104FE00016460748FFF712FC2146FFF70FFC314633
:104FF000FFF70CFC2946BDE87040FFF707BC000036
:10500000C59D1C8138B514466A4600F00BF801288E
:1050100003D10098B0F5803F01D3002038BD208037
:10502000012038BD2DE9F041164660B359B356B39F
:10503000F9F7D7FD040026D0F9F70AFE18B3204689
:10504000F9F7BEFD05460C4602460B46F3F77AFD1E
:1050500019D10022134628462146F3F773FD12D3D7
:105060000C4A0D4B28462146F3F784FD0BD3284606
:105070002146F3F74EFD0746F3F71FFD2A46234668
:10508000F3F760FD02D00020BDE8F0810120376019
:10509000FAE700000000E0FFFFFFEF412DE9F041DB
:1050A0000E464A7B012105F055F805004FF0FF3709
:1050B00010D016A004F0D9FF040018D0024616A1A3
:1050C0002846F9F7A9FC31462046FFF75FF801288A
:1050D0000DD102E03846BDE8F08131462046FFF7A9
:1050E00085F9012803D105F00DF8012803D02846E1
:1050F000F9F72EFDEEE70021284608F085FF04466B
:105100002846F9F725FD2046E5E7000063616C2E8F
:1051100076332E44540000004454000070B54FF024
:10512000FF3210B100230C4D11E091B1002070BD91
:10513000C45C62400024D60702D085EA520200E037
:105140005208641CE4B2082CF5D35B1C9BB28B4262
:10515000EED3D04370BD00002083B8ED2DE9F05FA1
:105160001546040014D09DB1F42911D120784328AC
:105170000ED1607841280BD1A0784C2808D1E07876
:10518000502805D1A088022802D1E088F42802D056
:105190000020BDE8F09F4FF48C711046F3F75CF8E7
:1051A000208928806089688004F10C00FEF706FEE3
:1051B0006860207C2872607C6872608A6881002642
:1051C0004FF0140A4FF0400B0AEB8600204405EB29
:1051D000860102888A814088C8810BEB86002044C2
:1051E00006EB460902880A87408848876C2101EB54
:1051F000490020448046FEF7E1FD05EBC607AE21DD
:1052000047F8640FB8F80400B88001EB4900204467
:105210008046FEF7D3FDB865761CB8F80400F6B2F8
:10522000A7F85C000B2ECFD304F1F000FEF7C6FD0B
:10523000C5F814010120ACE77CB50E46050018D076
:10524000BEB1F42A15D3F3F73AF8B0F5F47F10D1D4
:105250005FF00004694615F81400FEF7B4FD01285C
:1052600007D105EB440001A94078FEF7ACFD012809
:1052700001D000207CBD9DF804009DF8001040EA9C
:1052800001103055641CA4B2F42CE3D301207CBD82
:1052900070B528B122B1F42902D1B3F5F47F01D859
:1052A000002070BD0B4C002302EB4306C55C04EBF1
:1052B00015152D7802F81350C55C5B1C05F00F0521
:1052C0009BB2655D75708B42EED3002082F8E801D9
:1052D000012070BDD4E5010830B50C46054600F04C
:1052E00013F801280CD15CB128882188884207D1A5
:1052F00068882189884203D16868E168884201D0C2
:10530000002030BD012030BD30B5E8B3017A0B2953
:1053100065D1417A142962D141891F295FD1D0F822
:10532000141189B300214FF47A7400BF00EB81029D
:105330009389A34253D841B31589AB424FD9558FB6
:10534000D3899D424BD1F1B15589AB4247D9138FD7
:10535000928E934243D900EBC102D56D536EAB429E
:105360003DD9B2F86830B2F86050AB4237D3D2F8CA
:10537000B450D2F8BC30AB4231DDB2F8C030B2F834
:10538000B82093422BD301E029E02AE0491CC9B29E
:105390000B29CBD3C18EC289914220D9B0F86010BD
:1053A000028F91421BD9B0F86210428F914216D9F8
:1053B000426ED0F8B410914211D9B0F8B810B0F8DC
:1053C000682091420BD9D0F8BC20D0F80C11914242
:1053D00005DDB0F81011B0F8C000814205D80020FA
:1053E00030BD8389002BFAD1A9E7012030BD30B54B
:1053F0000C460546FFF788FF01280AD14CB1218BE6
:10540000002205EB8200C3898B4202D8408F88427C
:1054100001D9002030BD521CD2B20B2AF1D3012099
:1054200030BD10B5029C40B1012B06D0012A06D038
:1054300049B1012907D0022903D0002010BD02295B
:10544000FBD1012CF9D14FF47A718842F6D9084684
:1054500010BD70B5054602F035FB044602F06AFB4C
:10546000012802D1E08CA84201D8012070BD0020A3
:1054700070BD00002DE9FC47DFF878800D461C491F
:10548000C8F8241091461F46009382460E2401ABB3
:105490000A22494600F052FB012808D023464A461A
:1054A0002946504600F02AFD040004D018E09DF87B
:1054B0000400BDE8FC8700F077FD0F4E002586F85C
:1054C0003650D8F8101019B100208847012803D0B1
:1054D00086F83450082403E086F8355000F096F939
:1054E00023460A2249465046009700F0FBFAE0E7BF
:1054F000C59D1C81B40000208C0800202DE9FC41D2
:105500000C46184980461648486216461D460093C8
:1055100001AB06223146404600F010FB012808D0BE
:10552000042332462146404600F0E8FC040004D043
:105530000EE09DF80400BDE8FC810B4F97F83600A3
:10554000012801D0022403E000F02EFD0320387072
:105550002346062231464046009500F0C3FAEAE7AA
:10556000C59D1C81B40000208C0800202DE9FF4F50
:1055700083B09A4616460746DDF840B0129C02F00A
:10558000A1FA4D4D80464B483146686200F0E6FD79
:105590005946686200F0E2FD6862119900F0DEFD94
:1055A000686201AB012251463846009400F0C6FA09
:1055B000012806D017B1BAF1010F07D001230094DA
:1055C00009E09DF8040007B0BDE8F08FA86A8742A3
:1055D00004D1042300940122514666E03749A6F520
:1055E0007A70884202D305230094F4E7DFF8D09064
:1055F00099F8000010B103230094ECE7404602F054
:1056000099FA012808D1B8F80010594504D1D8F802
:105610000C101198814202D00A230094DBE799F81C
:105620003400C846012806D1286920B198F8330013
:1056300001280ED102E008230094CCE7686840B14D
:10564000A86830B1E86820B100F026FA30F0020016
:1056500002D009230094BEE700F0A6FC29690120CE
:105660008847024600200121012A06D088F834002C
:1056700088F835100823009416E088F80010C8F860
:105680000470C8F80C60049A00233244C8F808205B
:10569000C8F8141088F83600A8F82C00C8F81800CC
:1056A00088F83510A86200940122384600F01AFAF2
:1056B00089E70000C59D1C81B4000020D9230900A2
:1056C0008C080020014B83E807007047B8000020D9
:1056D00000B90348034A106101B903495161704799
:1056E000AB3D0108B4000020693D010870B5A0B0D1
:1056F0000C0006464FF03F0539D028212046F2F72E
:10570000ABFD6946304600F023FF3F4E308D2080D0
:105710001998206200F0C0F9E084BDF8620060B121
:10572000BDF8580096F83210884206D1BDF85C00EA
:105730006080A08C40F00100A084BDF84C00E8B16E
:10574000BDF84A00A080BDF84610352251436422BE
:10575000B1FBF2F1A183A18C40F202421143A1847A
:1057600004F1140100F048F9012803D006E00120FB
:1057700020B070BDA08C40F04000A084BDF8360081
:1057800048B30398A0600299E16005992161A18C5A
:1057900041F01C01A18404F1160100F01BF901285D
:1057A00003D1A08C40F08000A08404F11801E068CF
:1057B00000F0B2F8012803D1A08C40F48070A084DE
:1057C00004F11A01206900F0D6F8012803D1A08C59
:1057D00040F40070A0849DF87A0018B1A08C40F0CD
:1057E0002000A08460887085E08C3086A08C854382
:1057F00001D00620BCE7E08C618809B920F00200E6
:105800000028B5D00920B3E78C0800200748002104
:10581000017041608160C1604161018580F8321092
:10582000418580F836108185816170478C080020A1
:105830002DE9FE4F2D4F82464FF000082A48CDF843
:105840000480786291461E460C46009302AB082203
:105850004946504600F072F9012808D008234A460C
:105860002146504600F04AFB050004D031E09DF887
:105870000800BDE8FE8F1E4C94F8360001280DD1BB
:10588000786958B100F090FB7F6901ABF42104F115
:105890003800A269B847012823D101E0022518E0A9
:1058A000019FF7B11249F422383101F1F400F2F707
:1058B000ACFC012084F83700F420E085A069C4E93D
:1058C000070784F83680A4F82C800420C4F81880D8
:1058D00020702B46082249465046009600F002F9F7
:1058E000C7E70825F5E70000C59D1C81B40000202E
:1058F0008C08002010B5044600F0CEF80549088653
:105900002CB138222046F2F780FC012010BD002087
:1059100010BD00008C0800202DE9F04F93B089469F
:10592000834600F029FB20B3B9F1000F21D00646D1
:105930000DF104080CAF00244FF06C0A04EB440195
:105940000AEB410035182846FEF733FA48F82400E0
:10595000A88827F81400641C0B2CEFD35B460B229D
:105960000CA901A8CDF80090FEF766F913B0BDE8C8
:10597000F08F0020FAE72DE9F04F93B08946834677
:1059800000F0FAFA20B3B9F1000F21D006460DF16C
:1059900004080CAF00244FF0AE0A04EB44010AEBFC
:1059A000410035182846FEF702FA48F82400A88876
:1059B00027F81400641C0B2CEFD35B460B220CA9B8
:1059C00001A8CDF80090FEF7ABF813B0BDE8F08F5A
:1059D0000020FAE770B50C46054600F0CDFA002825
:1059E00009D0F030FEF7E5F9014622462846BDE829
:1059F0007040FEF763B870BDF0B58DB00D46064639
:105A000000F0BAFAC8B1C5B1002201AB07A940271E
:105A100007EB82040444B4F800C023F812C0648881
:105A200021F81240521C0B2AF2D333460B2201A854
:105A30000095FEF7BDF80DB0F0BD0020FBE70000BB
:105A40002DE9F0478146002400F0AEFA104D114ECA
:105A5000002785F8367031694FF0010821B1002028
:105A600088470446012804D085F8358085F83470CD
:105A700001E085F83570C6F828903770FFF7C6FE4C
:105A8000012C03D008206870BDE8F0870420FAE7F5
:105A90008C080020B40000200D490020097801B1D5
:105AA00001200C49097809B140F002000A4909783F
:105AB00009B140F004000949097809B140F0080033
:105AC00007490978002901D040F010007047000014
:105AD000C6020020C7020020C8020020C902002020
:105AE0007A02002070B50D4C1D46049B6570216143
:105AF0006668864203D166698E4200D26161084CB5
:105B000001262670C4E906016270A570606A2062F1
:105B10001846FFF7EFFE284670BD00008C080020F5
:105B2000B400002010B500F03FFA034C092060706B
:105B3000FFF7B2FF208610BD8C08002070B5134C13
:105B40000E46049D2178012909D143B1A169814202
:105B500005D1E069B04202D16078904201D00020C6
:105B600070BDD4E90801884201D1A07800E001208D
:105B700018702846FFF7BEFE35B1D4E90801884207
:105B800002D0012068702E61012070BDB400002099
:105B9000FFF7B0BE2DE9FC470E46814698461446F5
:105BA0001E27114616480A9D00F0D8FA154901AB88
:105BB00002224862414648460095FFF7BFFF012890
:105BC00007D01149A4F57A70884206D305230095C1
:105BD00010E09DF80400BDE8FC873B464246314694
:105BE000484600F08BF9030003D108483119C0E999
:105BF00002140095022241464846FFF773FFEAE788
:105C0000C59D1C81B4000020D92309008C08002008
:105C100010B538210848F2F71FFB07490020074A52
:105C20000870487006490A614860064A88604A61FF
:105C3000C8600870886210BD8C080020AB3D010868
:105C4000B4000020693D0108014890F83500704714
:105C50008C080020074890F83510012906D14168CA
:105C600021B10078012803D0032801D0002070471B
:105C7000012070478C08002004490A7822B1896805
:105C8000401A01D401207047002070478C08002082
:105C90002DE9F0411D461646074600F0D3FA0D4C9B
:105CA00080B97DB1F422394604F59670F2F7ADFA69
:105CB000012084F83700F420E085C4E9076501205D
:105CC000BDE8F081002084F83700E085E0612062C3
:105CD000F6E700008C080020F0B58DB00D460646B2
:105CE00000F04AF900B3FDB1002201AB07A9142767
:105CF00007EB82040444B4F800C021F812C06488A1
:105D000023F81240521C0B2AF2D333460B2201A86F
:105D10000095FDF74DFF012807D0054850F8241FD6
:105D20004A1C01D0491C016000200DB0F0BD0000EC
:105D30008C0800202DE9FC4788461B4981461948FC
:105D40000A9D486217461E460A2401AB04223946C2
:105D500048460095FFF7F2FE012808D023463A4650
:105D60004146484600F0CAF8040008D012E0314627
:105D70004046FFF7BBFC9DF80400BDE8FC873146B8
:105D80004046FFF7B3FC0446062801D0092C01D198
:105D900000F00AF923460422394648460095FFF7E9
:105DA000A1FEEAE7C59D1C81B40000202DE9FF4F4C
:105DB00083B02F4ADDE91008DDE913650C462B4955
:105DC000129F5FEA030B516206D05FEA080103D01D
:105DD00017B10EB1F42802D2012300953FE00095DF
:105DE00001AB092205990398FFF7A8FEDFF884901C
:105DF0004FF0F40A012808D010232146059A039891
:105E000000F07CF8040015D027E09DF8040060B98C
:105E1000F42219495846F2F7F8F9A8F800A0D9F881
:105E20001C103960D9F8200030609DF8040007B0DC
:105E3000BDE8F08F99F83700012801D002240CE06A
:105E4000F4220D495846F2F7E0F9A8F800A0D9F875
:105E50001C103960D9F820003060234600950922D3
:105E600005990398FFF73EFEE1E70000C59D1C8100
:105E7000B40000208C080020B80900202DE9FC4760
:105E80001C4E81461A48706290461D460C4600938F
:105E900001AB0B2241464846FFF750FE012808D0CF
:105EA000102342462146484600F028F8040004D05A
:105EB00015E09DF80400BDE8FC8700F075F8316935
:105EC0000D4F002619B100208847012803D087F81C
:105ED0003460082403E087F83560FFF797FC234619
:105EE0000B22414648460095FFF7FCFDE3E7000022
:105EF000C59D1C81B40000208C0800202DE9F041D4
:105F00001E46174605001DD0E7B1124C207818B187
:105F10006068A84207D108E00F48806A854202D134
:105F20000420BDE8F0810220FBE70846FFF7A4FE4D
:105F3000012809D02178012088403042F3D06069DF
:105F4000B84205D30120ECE72846FFF779FDE7E7E3
:105F50000020E6E78C080020B4000020054A012854
:105F600002F8341F507001D0012901D000F01CB894
:105F7000704700008C08002009480178032903D1EC
:105F800090F83610012905D090F83700012804D088
:105F900000207047024838307047024870470000C0
:105FA0008C080020B8090020054810B5406800B1F1
:105FB000804704490020088581F83200488510BDDB
:105FC000B40000208C0800202DE9FE4F81460020FF
:105FD0008A46ADF804001C4693460C9F1946264895
:105FE00000F0BCF8DFF8948002AB0722C8F8240068
:105FF000594648460097FFF7A1FD01280AD0204ED8
:10600000642C0BD97168494501D1FFF7CDFF0523F9
:1060100000972AE09DF80800BDE8FE8F08235A4645
:1060200051464846FFF76AFF05001CD144B150466F
:10603000FDF734FB012803D0FFF7B6FF062512E079
:10604000D8F80C2022B101A920469047012803D09E
:10605000FFF7AAFF092506E086F832406000308588
:10606000BDF8040070852B46009707225946484624
:10607000FFF738FDD0E70000C59D1C81B40000206B
:106080008C0800202DE9FE4F804600208946ADF89F
:1060900004001D4692460C9C1946284800F05EF804
:1060A000274F02AB03227862514640460094FFF727
:1060B00045FD01280DD02846FDF706FE214E01289A
:1060C0000BD07168414501D1FFF76EFF05230094A5
:1060D0002DE09DF80800BDE8FE8F02235246494698
:1060E0004046FFF70BFF030001D000941FE04DB1C5
:1060F0004846FDF7D3FA012804D0FFF755FF0623E1
:10610000009414E0BA6822B101A9284690470128FA
:1061100004D0FFF749FF0923009408E0680835859B
:1061200086F83200BDF80400708500230094032235
:1061300051464046FFF7D6FCCDE70000C59D1C81C7
:10614000B40000208C0800200349012881F83300A6
:1061500001D0FFF729BF70478C0800200022D30030
:1061600021FA03F3DBB25840034B521C5843D2B21E
:10617000042AF4D370470000930100012DE9FC5F6D
:106180008946DDE90D56DDF830A083461F4690466E
:1061900051461F48FFF7E2FF1E4C29466062FFF799
:1061A000DDFF606201AB0522414658460096FFF7CD
:1061B000C5FC012808D00223424649465846FFF74D
:1061C0009DFE040004D01BE09DF80400BDE8FC9F88
:1061D0002A465146384600F035F80446FFF7E4FEFB
:1061E00074B9F42239460C48F2F70FF80A48012135
:1061F000383880F83610F4218185022185610170DC
:1062000023460522414658460096FFF76BFCDDE722
:10621000C59D1C81B4000020C408002070B50D4647
:106220000024FFF729FD012804D105484068FFF745
:1062300007FC01242846FFF75DFB204670BD0000E7
:106240008C0800202DE9F04F97B015460F46044604
:1062500001F038FC064600200C900B900A90099043
:106260000790069004B3F42F1ED139462046FEF75E
:1062700055FFA84203D0072017B0BDE8F08F0422D5
:1062800051A12046F2F730F870B9A08802280BD14E
:10629000E088F42808D1207C0B2805D1607C1428E4
:1062A00002D1608A1F2801D00120E5E7304601F0C5
:1062B00041FC01280ED12089318888420AD16089A9
:1062C0003189884206D104F10C00FDF772FDF168B6
:1062D000884201D00A20CFE70025142000EB850377
:1062E00005EB4501402000EB85006C22AE2702EB58
:1062F000410207EB410904EB03082044B8F80070A1
:1063000001880591B0F802B004EB020A5046FDF78F
:1063100050FDA14403904846FDF749FD0DF1340CB2
:10632000BAF80430B9F80420B8F802102CF81510A7
:10633000B7F57A7F45D8E5B338F8048CB84540D234
:10634000378BE046B9423CD85F453AD3039FB7F15B
:10635000807F36D210F5000F33DBB0F5000F30DA56
:10636000CDB108EB450737F8027CB94229D90C9F1B
:106370000599B94225D90B9FBB4522D30A9F0399A2
:10638000B9421ED9099988421BDD07998B4218D35F
:1063900006998A4215D305996D1CCDE90BB1039975
:1063A0000B2DCDE90901CDE9062396D304F1F000C8
:1063B00000E004E0FDF7FDFC18B100205CE7002FD1
:1063C000BED0052058E7000043414C5000000000BB
:1063D000884201D3401A7047081A70470AB1401A20
:1063E00070474FF0FF3070470B4810B500214160F7
:1063F0008160C160018041803C210848F1F72CFF99
:10640000064814213C30F1F727FF04481421BDE869
:1064100010405030F1F720BFA400002028080020D1
:10642000014A108051807047A4000020F0B50B4D48
:10643000DDE90567AC68641CAC60094CD4F800C0A9
:106440000CF1010CC4F800C0606021816281A3815D
:10645000E6812782A868401CA860F0BDA400002047
:10646000640800202DE9F04F0DAC164D94E8404231
:1064700009AC94E8001D6C68641C6C60124C2768C1
:106480007F1C27606060A160E2602361C4F8148013
:10649000C4F818A0A4F81CB084F81EC000207EB177
:1064A000315C2218D177401CC0B21728F7D3A4F86A
:1064B0003690C4F838E06868401C6860BDE8F08F2A
:1064C0000021EEE7A400002028080020F0B50B4DC5
:1064D000059EEC68641CEC60094C27687F1C2760F3
:1064E00060602888208168886081A181E2812374AE
:1064F0006682E868401CE860F0BD0000A40000204F
:106500007808002030B5002817D00F4B0F49002223
:106510009C68E50712D10D6805604D6845600D89DE
:1065200005814D8945818D898581CD89C5810D8AFA
:1065300005829D68AC4201D1012030BD521CD2B20F
:10654000032AE5D3002030BDA40000206408002009
:106550002DE9F0410C0006464FF001052CD07C21BE
:106560002046F1F779FEA81E6066A066E066206707
:106570006067204600F062F8012820D05FF0000537
:1065800004F13C00FFF7BEFF01281FD05FF00005BB
:1065900004F1500000F08AF801281ED00025E28E98
:1065A00030466168FFF71AFF6066411C1CD0B0F5E9
:1065B000FA7F19D8012018E00020BDE8F081B4F876
:1065C000780040F00100A4F87800D9E7B4F878002A
:1065D00040F00200A4F87800DAE7B4F8780040F060
:1065E0000400A4F87800DAE7002084F87A00B4F810
:1065F0004C203046216CFFF7F1FEA066B4F8622013
:106600003046616DFFF7EAFEE066E08E6768666D12
:10661000216C80B1B4F84C0028B13846FFF7D8FEA1
:106620002067E08E38B1B4F8620020B131463846B8
:10663000FFF7CEFE60672846BFE70000F0B50028F0
:1066400028D0184C184900236568EA0723D10A6846
:1066500002604A6842608A688260CA68C2600A69E9
:1066600002614A6942618A6982618A8B82838A7F78
:10667000827700228E18F67F8718521CD2B2FE77DE
:10668000172AF7D3CA8EC2868A6B826362689542E4
:1066900001D10120F0BD5B1CDBB2032BD4D3002061
:1066A000F0BD0000A40000202808002030B500281C
:1066B00019D0104B10490022DC68E50714D10D6891
:1066C00005604D6845600D8905814D8945818D893D
:1066D0008581CD89C5810D7C05744D8A4582DD6833
:1066E000AC4201D1012030BD521CD2B2032AE3D307
:1066F000002030BDA40000207808002010B5040060
:106700001AD004220EA1F1F7EFFDA8B9201D00F068
:10671000A6FD022810D1A01D00F0A1FDF4280BD188
:10672000207C0B2808D1607C142805D104F11200CC
:1067300000F095FD1F2801D0002010BD012010BDE4
:1067400043414C500000000030B5C7B0054601F091
:10675000B9F904462846FFF7D1FF012817D16A4648
:10676000F4212846FEF7FAFC012810D16846FEF70E
:10677000CBFD01280BD121466846FEF7ADFD01286F
:1067800005D121466846FEF732FE012800D00020E0
:1067900047B030BD30B5A3B04FF4CC711B48F1F712
:1067A0005BFD1A4D6420002385F8A000842201A916
:1067B000184600F059FB05F11804012819D0802073
:1067C00001462861FF222046F1F73FFDF8F7C2FF9E
:1067D00000F0F8FD00900E4B0E4A2046296900F0AB
:1067E00049FD012803D001210A20F9F78FFE23B0CB
:1067F00030BD802201A92046F1F707FD21A800F055
:1068000032FD2861F8F7A6FFF1E70000E000002064
:10681000F5E2010881A20108AFF3008000B5A1B044
:1068200080220A496846F1F7F0FC084818380169E7
:1068300020A800F041FE002384226946184600F09B
:106840006FFB012800D0002021B000BDF80000201F
:106850002DE9FF4F8BB017460C4605464FF0010857
:106860004FF00009DDF860A01A9E00F03DFC012801
:106870007ED1204600F064FD012879D10E980028D1
:1068800076D02989514573D11998002870D0002EEF
:106890006ED0E9881B9881426AD827B151460E987C
:1068A000B847012864D105A8CDE9006000233A4625
:1068B0002146284600F03AFE08A8CDE900600123F1
:1068C0003A462146284600F031FE02AA08A905A84A
:1068D00001F044F8012809D10398401C5FEA000840
:1068E00001D14FF001089DF8090078B1E868698985
:1068F00082461B9801EB0A0B00903346414628461E
:106900000E9A00F053FE012856D103E04FF0010922
:106910002869ECE7E8886268001F1FFA80F8504693
:10692000E1689047012847D1D4E902C34246314685
:106930005846E04701283FD1D4F800C042463146CE
:106940005846E368E047012836D10020034600900E
:1069500042463146284600F083FE01282CD106F13C
:10696000140082461FB12989B847012824D100E0CC
:1069700022E01649304600F09FFDD4E902C30BEB3C
:10698000080004223146E047012815D1E368246855
:10699000EA8831465846A04701280DD1EA88314699
:1069A0002846199B00F056FE012805D147B12989D8
:1069B0005046B847012803D000200FB0BDE8F08F43
:1069C0001999012081F80190F7E70000ED7EA1C040
:1069D0002DE9F04F8BB09A46DDE9156590460F46DC
:1069E0000446DDF85CB0DDF8509000F07DFB012836
:1069F0000FD1384600F0A4FC01280AD1BAF1000FEB
:106A000007D02189494504D81EB115B1E1885945FF
:106A100003D900200BB0BDE8F08F05A8CDE90050E8
:106A2000002342463946204600F080FD08A8CDE903
:106A30000050012342463946204600F077FD02AA65
:106A400008A905A800F08AFF4FF00009012821D10C
:106A50009DF8090050B120696189FB6808443F68CE
:106A6000E2882946B847012814D101E0E068F3E73D
:106A7000E28833462946204600F0ECFD012809D182
:106A80001435B8F1000F0CD02189284642469047B2
:106A9000012806D0C6F80090C6F80490C6F8089001
:106AA000B7E79DF809007070228929465046F1F732
:106AB000ACFB0120AEE7F0B587B00DF1300E9EE8DB
:106AC000F010ADF810300594ADF8185001238DE8A2
:106AD000C81004AB00F002F807B0F0BD2DE9F04F8C
:106AE00093B00446DDE91C8B0020119099461646B0
:106AF0000D46DDF878A0204600F0F6FA01287DD199
:106B0000284600F01DFC0128F9D1B9F1000F75D01D
:106B1000B8F1000FFBD0BBF1000FF8D0BAF1000FB5
:106B2000F5D0E1881F98814268D8002015E000BFA9
:106B300000EB400209EB82014B68002BE7D009898A
:106B40000029E4D039F8222023899A42ECD89A1AF5
:106B500092B28A4252D3401CC0B24045E8D30BA93E
:106B6000CDE900A1002332462946204600F0DEFC94
:106B70000EA9CDE900A1012332462946204600F0A6
:106B8000D5FC08AA0EA90BA800F0E8FE0128B6D192
:106B90009DF8210050B1206961892F680844E2887E
:106BA0005146EB68B847012828D101E0E068F3E7D7
:106BB000E2885B465146204600F04CFD01281DD17D
:106BC0000AF1140002901EB12189B047012815D1A5
:106BD0000298002703901EE007EB470009EB8001B5
:106BE0000091049039F8203003980A8949681844C4
:106BF000F1F77AFB68B10098028900E083E0416810
:106C0000049839F8203003981844F1F7FEFA01206F
:106C100011907F1CFFB24745DED31198012804D0A4
:106C20009DF821108BF8011073E026B1218903989B
:106C3000B047012867D10999491C00D101219DF86D
:106C4000210078B1E7684FF0000860895346384466
:106C500001901F9800902046039A00F0A7FC01289D
:106C600051D103E04FF001082769EEE7E0886A6838
:106C7000001F1FFA80F93846E9689047012842D181
:106C8000D5E902734A4651460198B84701283AD1DE
:106C90002F684A465146EB680198B847012832D11F
:106CA0000020034600904A465146204600F0D8FC9A
:106CB000012828D126B121890298B047012822D184
:106CC0001549504600F0F8FB0198AF68EB6848445E
:106CD00004225146B847012815D1EB682D68E28897
:106CE00051460198A84701280DD1E2885B465146DC
:106CF000204600F0AFFC012805D146B12189029859
:106D0000B047012803D0002013B0BDE8F08F8BF806
:106D100001800120F8E70000ED7EA1C03EB51446D9
:106D20000D4638B101466B46F422074800F030F8B2
:106D3000012801D000203EBD0DB1019828600CB1A2
:106D40000298206001203EBD74E601083EB514465D
:106D50000D4638B101466B46F422074800F0D4FADC
:106D6000012801D000203EBD0DB1019828600CB172
:106D70000298206001203EBD74E6010810B5F42998
:106D800003D1FFF7E1FC012800D0002010BD000076
:106D90002DE9FF411D4614460E46074600F06AFBEA
:106DA000024640F25C400649CDE9021033460549EF
:106DB0003846CDE90045FFF74BFD04B0BDE8F08152
:106DC000AC0A00208CE601082DE9F04104003AD01D
:106DD000B1F5886F37D100F075F8012833D194F8F8
:106DE000D70080BB5FF0000303EB031000EB8310C0
:106DF000011991F8B40101F5DA71012823D84A7814
:106E0000012A20D80A7CF2B90A7EE2B9012806D10B
:106E10008878C0B1082816D88879022813D80020AD
:106E20005FF01907C0EBC00207EB82054A1996789C
:106E3000062E08D8D27832B905EB8206361DB6B2D6
:106E40000E44F67816B10020BDE8F081521CD2B293
:106E5000062AF1D3401CC0B20228E3D35B1CDBB28C
:106E6000082BC1D30120EFE7FEB51D4616460F00E3
:106E7000044615D0A6B14FF48862944210D8C4F5E8
:106E8000886080B2B0420BD36B460C490C4800F0CE
:106E90003BFA012804D1094800F014F8012801D078
:106EA0000020FEBD0548324601193846F1F7ADF91C
:106EB0000DB1019828600120FEBD0000AC0A002041
:106EC00044E6010858B190F83C1441B990F83D14DB
:106ED00029B990F83E1411B990F83F0408B1002088
:106EE000704701207047C9B1B0F5886F16D8C0F55A
:106EF000886292B28A4211D3014489B284290BD9A3
:106F00004FF4DA72842801D3914205D9904205D317
:106F100040F23C40814201D8012070470020704778
:106F2000F0B50E4689B01C46154607461146FFF7D8
:106F3000DAFF01281ED100F045FA01281AD00023FB
:106F40000422104940F23C40FFF78EFF012811D186
:106F50000C4905AACDE9022140F25C400B49CDE97C
:106F6000006504903B46084AA1F14800FFF7A3FDE5
:106F7000012802D0002009B0F0BD0CB106982060B5
:106F80000120F8E7AC0A0020C96D01088CE6010871
:106F9000F0B587B017460E46050030D07EB300F03E
:106FA00011FA01282BD000240DE000BF04EB4400AF
:106FB00005EB800135F820000989FFF794FF0128CF
:106FC0001DD1641CE4B2B442F0D300230422104962
:106FD00040F23C40FFF748FF012810D140F25C40EE
:106FE0000B4904AA00960390CDE901210A492B46DA
:106FF000084AA1F14800FFF771FD012802D00020E6
:1070000007B0F0BD0FB1059838600120F8E7000027
:10701000AC0A0020C96D01088CE601083EB54FF4AA
:107020008B646946002000F051FA012832D11A48D9
:10703000F8F7DAFD01282DD1174D22462D1D1749ED
:107040002846F8F7ECFD012824D1224613492846AA
:10705000F8F719FE6B4622461049114800F09FFAD6
:10706000012817D10D484FF488611430FFF7ACFEAA
:1070700001280FD10B49094800F01EFA04220749E4
:107080000948F8F7CCFD012804D1694600F01EFA42
:10709000012800D000203EBD00580008AC0A0020A6
:1070A00044E60108ED7EA1C05C5C000870B54FF0BD
:1070B000FF3210B100240B4D10E089B1002070BDEB
:1070C000035D5A400023D60702D085EA520200E051
:1070D00052085B1CDBB2082BF5D3641C8C42EFD347
:1070E000D04370BD2083B8EDE8B1818AD9B103895E
:1070F000CBB1C2881C339BB29A4214D140F25C439C
:107100009A4210D843898B420DD8CB1A9BB2934236
:1071100009D3C2680069531801449A4203D88842CF
:1071200001D8824201D10020704701207047000041
:107130002DE9FF412E48002100F11402C0F850143F
:107140004FF48B673D1D03461446012129480095E5
:1071500000F02CFA012845D1274E00233A46244955
:10716000304600F051F801283CD100233A4620492E
:10717000304600F04BF8012834D101AB3A461C49A7
:107180001C4800F00CFA01282CD14FF488673946CE
:107190002046FFF719FE012824D11849144800F0B1
:1071A0008BF9002304221249154800F02DF801281C
:1071B00018D100232A460E49304600F027F801284E
:1071C00010D101AB2A460A490A4800F043FA0128C7
:1071D00008D139462046FFF7F7FD012802D100F01B
:1071E000F1F818B1002004B0BDE8F0810120FAE701
:1071F000AC0A002044E6010804500008ED7EA1C05E
:107200005C540008F8F7F0BCF8F709BD10B5F8F7C2
:107210003AFD012010BD000070B50B4D002400BFE9
:1072200055F82400F8F7E0FC012805D155F82400B2
:1072300000F004F9012801D0002070BD641CE4B204
:10724000062CEDD3012070BD9CE60108884204D0D5
:10725000401A002801DD01207047002070470028F7
:1072600000D000887047002803D0C178006861F31F
:107270001F6070472DE9FE43214CDDF828801D4634
:1072800016468946070034D09EB395B36B464FF43B
:107290008862A4F114011B4800F036F8012805D1DA
:1072A000A4F11400FFF70EFE012823D0B8F1010F5E
:1072B0001FD000F087F801281BD0FFF7ADFF012891
:1072C00017D1802239462046F0F79FFF494604F146
:1072D000800000F0F1F84FF4987104F18400B04799
:1072E000012806D14FF4227104F5DA70A84701286D
:1072F00002D00020BDE8FE83FFF71AFFFAE7000086
:10730000C00A002044E601082DE9FF411D4614464D
:107310000E46074600F0AEF8024640F25C400649D1
:10732000CDE90210334605493846CDE90045FFF75F
:107330004FFB04B0BDE8F081AC0A00208CE60108E8
:1073400038B1016829B1416819B1806808B10120DC
:10735000704700207047000010B586B000F032F88A
:10736000012802D0012006B010BD03A9002000F0C2
:10737000ADF804466946012000F0A8F8012C02D0BF
:1073800001281BD107E001280BD101990498FFF7D0
:107390005DFF012805D00A48F8F726FC01280DD129
:1073A00002E0FFF73BFEEBE700F00CF8012805D008
:1073B0006946012000F08AF80128D4D00020D2E7E5
:1073C0000050000808B5042269460648F8F75BFC3F
:1073D0006846FFF748FF0449884201D1012008BDF3
:1073E000002008BD00500008AA5555AA1CB500236E
:1073F000042201A98020FFF737FD01280FD10D4C91
:10740000042269462046F8F73EFC6846FFF72BFF4A
:107410000949884201D101201CBD401C01D0002037
:107420001CBD684600F048F8042269462046F8F77B
:10743000F6FB1CBD00500008AA5555AAF0B589B04E
:10744000054600246E464FF400672819202269463D
:10745000F8F719FC0020315CFF2902D0002009B0A8
:10746000F0BD401C2028F6D32034BC42EDD30120CF
:10747000F5E700000949884201D1094870470749EA
:107480001831884201D10748704704493031884299
:1074900001D10548704700207047000044E601080C
:1074A000C96D0108457901087D6D0108002802D0E9
:1074B0000170090A41707047002806D001700A0A5D
:1074C00042700A0C8270090EC170704770B50C468C
:1074D000050010D0114800BF40F25C46324610490A
:1074E000F8F7D1FB234632460D490E4800F0B2F8BA
:1074F00001280AD101E00C48EEE709484FF4886101
:107500001430FFF761FC012805D000202060606086
:10751000A060657070BD6570012070BD04580008E2
:10752000AC0A002044E60108045000082DE9F047A9
:107530001E00DDE908951746044616D0D4F8100061
:107540004FF00008C5F80080C5F80480C5F8088031
:107550006E70B4F80AC0CB686044D1F800C0E2880D
:107560004946E047012811D101E0E068E8E7E288F8
:107570002B464946204600F06DF8012806D15FB140
:10758000218909F11400B847012805D085F8008049
:107590006E700020BDE8F0876E700120FAE708B534
:1075A0000093002300F05CF808BD00002DE9F041D5
:1075B0001C46174688460546069EFFF795FD01289E
:1075C00007D1B8F1000F04D01FB114B1E888B04260
:1075D00002D90020BDE8F0812A89394602F1140061
:1075E00086B204F114000746F0F70FFE2868206009
:1075F000A988201DFFF75AFFE988A01DFFF756FF55
:10760000414604F10800FFF757FF298904F10C00F7
:10761000FFF74CFF002104F10E00FFF747FF298917
:107620003846FFF743FD014604F11000FFF744FF21
:1076300031462046FFF73AFD0146A0190346FFF701
:107640003BFF181D0249FFF737FF0120C2E700008A
:10765000ED7EA1C008B50093012300F001F808BD3C
:107660002DE9F0479A46089E17460C4605461EB17E
:10767000002030607060B0602846FFF735FD0128BB
:1076800056D1ECB3E988BAF1010F0BD00420081AE7
:1076900080B2B8424CD8042229462046F0F724FE96
:1076A00070BB01E00020F2E7201DFFF7D8FDA9889C
:1076B00088423DD1A01DFFF7D2FDE988884237D12D
:1076C00004F10C00FFF7CBFD2989884230D104F189
:1076D0000E00FFF7C4FD98B904F10800FFF7C3FDE1
:1076E000071E26D004F11000FFF7BDFD8146298951
:1076F00004F11400FFF7DAFC484519D1288900E0AD
:1077000016E0143082B2A0188046FFF7ACFD0546A3
:1077100011462046FFF7CAFC854209D1BAF1010F94
:1077200009D108F10400FFF79EFD0649884202D006
:107730000020BDE8F0871EB101203070C6E9017954
:107740000120F6E7ED7EA1C010B590B00C460028F0
:107750000BD0694600F060F80CAB30226946064851
:10776000FFF716FB012802D0002010B010BD0CB1AD
:107770000D9820600120F8E75CE6010870B50D4621
:1077800004000ED06DB1207B01280AD8607B40B97F
:10779000A07B30B9E07B20B904F12A00FFF75FFD40
:1077A00008B1002070BD30212846F0F755FD204675
:1077B000FFF759FD2860201DFFF755FD686004F1B3
:1077C0000800FFF750FDA860207B00B1012028735E
:1077D00004F11000FFF747FD286160696861A06946
:1077E000A86104F11C00FFF73EFDE86104F12000F0
:1077F000FFF739FD286204F12400FFF734FD6862C9
:1078000004F12800FFF72BFD288504F12C00FFF779
:107810002AFDE862012070BD70B50C460546302196
:107820002046F0F719FD20462968FFF745FE201D88
:107830006968FFF741FE04F10800A968FFF73CFE04
:10784000287B012800D00020207304F11000296952
:10785000FFF732FE68696061A869A06104F11C004D
:10786000E969FFF729FE04F12000296AFFF724FEE9
:1078700004F12400696AFFF71FFE298D04F1280036
:10788000FFF714FE002104F12A00FFF70FFE04F1B8
:107890002C00E96ABDE87040FFF70EBE10B58CB051
:1078A000040005D00021684600F01CF8012802D031
:1078B00000200CB010BD20212046F0F7CDFC04982C
:1078C0002060DDE90501C4E901010798E06008983E
:1078D000206109986061BDF8280020830B98E06161
:1078E0000120E6E730B58FB00C4605000DD00CAB9B
:1078F000302269460948FFF707FD012805D12946CE
:107900006846FFF73BFF012802D000200FB030BDD2
:107910000CB10D9820600120F8E700005CE601083A
:1079200010B50648FFF78AFD012804D10448FFF787
:1079300085FD012800D0002010BD00000070000867
:107940000078000800B58DB0302904D16946FFF7F2
:1079500015FF012800D000200DB000BD10B50B466A
:10796000044601781878012903D0012807D00020A7
:1079700010BD012808D000BF94E80B0000E00BCB3D
:1079800082E80B00012010BD61685868FFF75EFCBB
:107990000128F4D0F0E7000000B585B00020019088
:1079A00002900948816941F004018161806969465A
:1079B00000F004000490012000900220039003488E
:1079C000F2F73CFE05B000BD001002400008014087
:1079D00070B50E4C012520462178407819B1012957
:1079E00005D0022902D1012800D1257070BD0028E0
:1079F000FCD1A08830B9FBF757FE06F079FA4FF4B6
:107A00001670A080A5700220207070BD9E0200201C
:107A1000124810B5048812480A2300214278462CE7
:107A20000AD30181C188491C89B2C1800A290ED9B3
:107A3000C38062B9012109E0C1800489641CA4B239
:107A400004810A2C03D90381012A00D14170818865
:107A5000002901D0491E818010BD00006400002073
:107A60009E02002000B585B01222694600F02EF873
:107A7000012802D0002005B000BD1221684600F0A8
:107A800001F8F8E770B54FF0FF3210B100230C4D4C
:107A900011E091B1002070BDC45C62400024D607A3
:107AA00002D085EA520200E05208641CE4B2082CBD
:107AB000F5D35B1C9BB28B42EED3D04370BD00006C
:107AC0002083B8ED004870470CE6010870B50D46FC
:107AD000040002D00DB1122A01D2002070BD21890C
:107AE000284600F07CF82188A81C00F078F8207C5B
:107AF0002871618A681D00F072F8A18AE81D00F003
:107B00006EF8E18A05F1090000F069F8218B05F1B2
:107B10000B0000F064F8E18B05F10D0000F05FF858
:107B200094F82000E873618C05F1100000F057F81C
:107B3000012070BD2DE9F04104004BD06068E8B32E
:107B4000E068D8B3207CC8B3608AB8B3A08AA8B371
:107B5000E08B98B394F8200001283BD8608C68B380
:107B6000A28B5AB3638B4BB3E08A38B3278B2FB306
:107B7000E68C1EB3216B09B394F83400F0B10928E8
:107B800028D8258DB4F82AE0754523D8B4F82CC040
:107B9000E6451FD8B1F800E0AE451BD86FF00305ED
:107BA00005EB80054D5B654514D3B24212D29A4273
:107BB00010D8BB420ED86FF0010300E00AE003EBDF
:107BC0008000085A904205D32046FFF74BFFE1683A
:107BD000884202D00020BDE8F0810120FBE701705F
:107BE000090A4170704700002DE9F0410B4C07462F
:107BF00015460E462046FFF79DFF01280CD1207C3C
:107C0000B84209D1E08AB04206D12DB1208BA842FA
:107C100002D30120BDE8F0810020FBE70CE601085B
:107C200038B5044601466846F8F786FC012804D1B9
:107C3000BDF80000A04200D2044621466846F1F794
:107C400053FC012804D1BDF80000A04200D2044634
:107C500021466846F4F790FA012804D1BDF80000E7
:107C6000A04200D204462146684600F009FB0128E4
:107C700004D1BDF80000A04200D20446642C01D912
:107C8000642038BDE0B238BD10B500F003F901281A
:107C900003D003480078002800D0012010BD000068
:107CA0007A02002070B50C00054603D0FCF70CF8F2
:107CB000012801D0002070BD2146C5F34700BDE872
:107CC000704000F001B800002DE9F04188B00D00CF
:107CD00004466BD0642C69D800263CB1F2F7C8FD8D
:107CE000064600F067F8012804D01FE000F0BCF859
:107CF0002E8054E0FFF7C8FF012817D03046FBF76D
:107D0000CDFC012812D102A8FEF7FCFB01280DD101
:107D1000BDF8180050B10398301AB0F5FA7F05D8B5
:107D200001272046FFF77CFFA04202D000F09CF81C
:107D30003CE01F486421008860433230B0FBF1F022
:107D400080B2804601A9FDF7C7FF0646012805D08D
:107D500001A9404600F056F80128E7D1FFF794FF4B
:107D60008046FDF771FF0246434602210097BDF8A9
:107D70000400FDF756FBBDF804108842D6D1012E51
:107D8000084610D0F8F7E9F82146084600F0CCF88C
:107D9000F8F70EF82880BDF80410884206D10120BB
:107DA00008B0BDE8F081F8F7CCF8EDE70020F7E780
:107DB0000203002070B5FFF785FE0446FFF7BAFE08
:107DC000012815D10B480C4D0C4940792A880988A7
:107DD000FFF70AFF01280BD10948018841B1288823
:107DE00030B1814204D8218B814201D3012070BD82
:107DF000002070BD1C0F002004030020060300209B
:107E00000203002049B10D4A128832B10C4B1B8885
:107E1000B3F57A7F01D2904201D900207047C3F5B3
:107E20007A739BB2584300EB5200B0FBF2F29A42D5
:107E300000D91A460A800120704700000403002080
:107E40000803002010B5074C6071E0702171FAF74B
:107E500075FEE0782179884203D00020207001204F
:107E6000607010BD8802002010B5F9F7E1F90848EC
:107E700000214170C1700171417141810846F8F7DC
:107E80000DF80021BDE81040084600F04DB8000094
:107E90008802002006480749007809780843064907
:107EA0000978084305490978084300D00120704744
:107EB000C6020020C7020020C8020020C90200201C
:107EC00010B50446FDF7C0FE012804D02046BDE8E9
:107ED000104000F001B810BD0C4A58B1134651785B
:107EE0005B7901290AD0D17909B1117A51B1D070E9
:107EF000FAF724BE00205070D070F9E7014618460A
:107F0000FFF7A0BF01211172F8E7000088020020EE
:107F100004488178012904D100218170807AFFF71B
:107F2000DBBF704788020020F8B5FEF779FAF7F753
:107F300045FF0646F7F734FF0546F7F739FF0446D5
:107F4000F2F796FC0121009133462A462146FEF7BE
:107F5000BDFAF8BD014901208870704788020020F1
:107F600010B5144C607801281AD120462178007988
:107F7000C8291BD2491CCAB22270E178C8238842A2
:107F800005D9401A5043B0FBF3F0084404E0081A46
:107F90005043B0FBF3F0081A6071C0B2FAF7CEFD9F
:107FA000E068002801D0401EE06010BD0021617033
:107FB000E070F3E78802002005484188002906D0D8
:107FC000491E0904090C418001D1017041707047BC
:107FD00034000020704700002DE9F04736480023A8
:107FE000007E002844D035480A22354CB0F9020002
:107FF0004FF06409002807DD401D90FBF2F0C3B28A
:10800000608908B9A4F80A90A088002830D12C48CB
:10801000294994F80280878991F919C0294E0025D1
:1080200001202949B8F1000F10D0B8F1010F1FD17C
:108030009C4537DC002F1BD1A281A3EB0C0265709D
:108040000A2A17DD207081F8A0500AE09C450DDC5B
:10805000002F0DD1A070A281207065701DE03070DE
:1080600000E03570BDE8F047FFF774BFA28165708E
:10807000BDE8F087052A05DB20704FF0320281F859
:10808000A020ECE709D2C2F1000202EB82024FF01D
:108090005A0303EB420281F8A02091F8A0100029B6
:1080A000DFD0DCE7A281657081F8A090FFF752FF76
:1080B000A5702570DCE700001C0F00206C03002079
:1080C0007802002075030020E00000200F4881881E
:1080D00009B1491E8180C18809B1491EC18041781A
:1080E000491CC9B24170642905D1002141708189C0
:1080F00009B1491E8181018909B1491E0181418966
:10810000002901D0491E41817047000078020020FB
:1081100010B5F6F7C7FBFFF7D9FFFFF721FFFFF711
:108120004BFFF7F7E7FFF6F797FFFBF791FCF7F741
:1081300013FEFBF719F9FFF76BFCF7F743F800F0B4
:10814000EFF9BDE81040F9F7BDB8000001488068BC
:1081500070470000180000200148C0687047000008
:10816000180000203EB5F2F783FB4FF0E0240190A9
:10817000A0690B4D281A0290F2F77AFB0090DDE916
:108180000010884202D0A069281A0290044B0A46C7
:108190005B1C02980021E2FB030102903EBD00003F
:1081A0003F19010010B5FFF7DDFF0149486010BD20
:1081B000180000202DE9F041FFF7D4FF0546002705
:1081C0000D4E0E4C05E030446060FFF7A1FF7F1CB0
:1081D000FFB26068291AB14201D3032FF3D3281AE2
:1081E000B04207D3E168884200D9E060A068401C33
:1081F000A0606560BDE8F08180FC0A0018000020E6
:10820000094810B50178491CC9B201700A290AD180
:1082100000210170F6F7DAFBF8F7E2FABDE810404A
:108220000A2000F0CFB810BD1800002009484168AE
:1082300011F00C0F0DD04168C1F38101012908D064
:108240004168C1F38101022903D14168C90300D506
:10825000406870470010024010B5084C2078002894
:108260000BD04FF47A716068F4F7DAFB002804D081
:10827000F4F7D0FB606003F093FB10BDE403002033
:10828000084A127862B1084A127E4AB1074A92F847
:10829000A0204A436421B2FBF1F101800120704724
:1082A00000207047780200201C0F0020E000002012
:1082B000034890F8780008B100207047012070470B
:1082C00038070020044890F878000A2801D00020E0
:1082D00070470120704700003807002010B50246A3
:1082E000FFF7F0FF030014494FF00A0019D091F88E
:1082F00079305B1CB3FBF0F400FB143381F8793068
:1083000091F8784003EB0403B3FBF0F400FB143066
:1083100000EB400001EB80000ECA80E80E00002058
:1083200010BD91F878305B1CDBB281F8783091F8A1
:1083300079402344E8E700003807002010B50246E2
:1083400072B6FFF7B5FF10B162B6002010BD0D493F
:108350000A2391F87800401E81F8780091F879009E
:10836000401CB0FBF3F403FB140081F8790000EB30
:10837000400001EB80000BC882E80B0062B60120D0
:1083800010BD0000380700200A480178002910D0ED
:108390000021094A017001211170084A4168C8B2E0
:1083A000117009B1052800D2002005490870FFF7B7
:1083B00087BD70477C0300208F02002086020020CA
:1083C0000003002005498A6810448860C8680028B6
:1083D00002D0C8680A38C86070470000EC0300206B
:1083E00010B5040009D02068002806D0A168084410
:1083F000EFF765FFA1680844A06010BDF7F728BF3C
:10840000F7F734BF30B5002306E0CC5CC55CAC4266
:1084100001D0002030BD5B1C9342F6D3012030BD5B
:1084200070B5002405462346074E09E0A3F18000FD
:10843000022804D356F82300FAF7FEFE04445B1C1E
:10844000AB42F3D3204670BD004002082DE9F0474F
:1084500005460027481B1646894606285DDBA81CF2
:10846000F9F7BAFE0446A0F55C414FF48060814202
:1084700053D3A4F55841824651451AD2A81DA9EB01
:1084800000014FF00C08062947DB01785C2944D134
:108490004178752941D1801CF9F79EFEA0F55C4119
:1084A00051453AD2C4F3090161F39F2000F58030B1
:1084B00002E04FF006082046802801D2012110E09A
:1084C000B0F5006F02D20221C0270AE0B0F5803F6C
:1084D00002D20321E02704E0B0F5881F1DD2042159
:1084E000F0274A1E08E000BF00F0BF03346843F0E5
:1084F00080038009A354521E12F0FF02F4D1012917
:1085000001D9384301E000F07F0032681070306814
:10851000084430604046BDE8F0870020FBE70000DB
:108520001148C18A71B1027A62B1491E89B2C18211
:10853000502907D80A22B1FBF2F302FB131109B943
:1085400001218170018B09B1491E0183418B491CB6
:1085500089B241830A2901D900214183818B0029F5
:1085600001D0491E81837047BC0200200148F2F708
:10857000B8B90000B4070020094810B507490160E8
:10858000062141604FF49C718160F2F777F9002871
:1085900003D0BDE81040F1F708B910BD003000402D
:1085A000B407002010B5FFF7DDFD0149086010BDDC
:1085B0004000002010B5FFF7D5FD1049114C0968A7
:1085C000401A0F49B0FBF1F06060A168814200D20F
:1085D000A0602068401C2060F8F748F9F8F72AF9F5
:1085E000012805D0A06B411C01D0401CA06310BD28
:1085F0000448BDE810400C38F2F773B94000002081
:1086000040190100C007002070B505460EA001F01A
:108610002CFD040017D0002213460DA1F6F706FA30
:10862000002213460BA12046F6F700FA002213465B
:1086300009A12046F6F7FAF922462846BDE870401F
:1086400001A1F6F7E9B970BD416E676C65000000E5
:1086500078000000790000007A00000070B506463E
:1086600014A001F002FD040023D0144D55F8C00FF2
:10867000F0F712FA02460B4611A12046F6F7D6F99A
:108680006868F0F709FA02460B460FA12046F6F794
:10869000CDF9A868F0F700FA02460B460BA1204678
:1086A000F6F7C4F922463046BDE8704001A1F6F75E
:1086B000B3B970BD436F6D6D00000000847E002073
:1086C0006D61696E0000000073756200734175741E
:1086D0006F0000002DE9F041064620A001F0C5FC26
:1086E000050038D003F056F81E4F04463868F0F7FE
:1086F000D3F902460B461CA12846F6F797F904B9B0
:108700001BA422461BA12846F6F7AAF93C463A1DAF
:1087100019A12846F6F7A4F9124A19A114322846DD
:10872000F6F79EF9E06AF0F7B7F902460B4616A194
:108730002846F6F77BF9206BF0F7AEF902460B46B8
:1087400013A12846F6F772F92A463046BDE8F041F3
:1087500002A1F6F761B9BDE8F081000044657649F1
:108760006E666F00847E002070726F744964000032
:1087700000000000534E0000636C617300000000B5
:1087800070726F647470000068766572000000009B
:1087900073766572000000002DE9F04107462DA0B8
:1087A00001F058FC06462CA001F05FFC0546002EA7
:1087B0004DD0002D4BD02B4CA06EF0F76DF902463A
:1087C0000B4629A12846F6F731F9E06EF0F764F977
:1087D00002460B4625A12846F6F728F9206FF0F748
:1087E0005BF902460B4623A12846F6F71FF9606F96
:1087F000F0F752F902460B4620A12846F6F716F983
:10880000A06FF0F749F902460B461EA12846F6F77D
:108810000DF9E06FF0F740F902460B461BA1284620
:10882000F6F704F9D4F88000F0F736F902460B4663
:1088300017A12846F6F7FAF829463046F6F7EAF87F
:1088400032463846BDE8F04102A1F6F7E5B8BDE88A
:10885000F081000044696D0044696D2E6974656D96
:1088600000000000847E0020636E730064696D5414
:1088700070000000706F6C6172000000646C6D74B9
:1088800000000000756C6D740000000072746900D7
:1088900072745077720000002DE9F14F84B08CA003
:1088A00001F0E3FB00908CA001F0D4FB03908DA0BD
:1088B00001F0D0FB02908EA001F0CCFB01908FA0C4
:1088C00001F0C8FB834690A001F0C4FB824691A052
:1088D00001F0C0FB814692A001F0BCFB804693A052
:1088E00001F0B8FB064694A001F0B4FB054695A044
:1088F00001F0B0FB0446009800287DD003980028C2
:108900007AD00298002877D00198002874D0BBF163
:10891000000F71D0BAF1000F6ED0B9F1000F6BD01B
:10892000B8F1000F68D0002E66D0002D64D0002C66
:1089300062D087480078F0F7C0F8F6F7B5F801463E
:108940000398F6F767F883480088F0F7B6F8F6F76B
:10895000ABF801460298F6F75DF87F480088F0F71B
:10896000ACF8F6F7A1F801460198F6F753F87B4802
:10897000007800EB80004000F0F79FF8F6F794F8DD
:1089800001465846F6F746F87548642700883230A5
:10899000B0FBF7F0F0F791F8F6F786F8014650468D
:1089A000F6F738F86F4800683230B0FBF7F0F0F7B0
:1089B00084F8F6F779F801464846F6F72BF86A4846
:1089C000D0F89C106948006832300844B0FBF7F0DA
:1089D000F0F773F8F6F768F801464046F6F71AF82C
:1089E00063480068F0F769F8F6F75EF8014630462C
:1089F000F6F710F85F4800E066E00068F0F75DF811
:108A0000F6F752F801462846F6F704F85A480A21C4
:108A10000068401DB0FBF1F0F0F74FF8F6F744F8AE
:108A200001462046F5F7F6FF2DA1039A0098F5F7C9
:108A3000F3FF2EA1029A0098F5F7EEFFDDE90002A0
:108A40002DA1F5F7E9FF5A462EA10098F5F7E4FFAE
:108A500052462FA10098F5F7DFFF4A462FA1009854
:108A6000F5F7DAFF424630A10098F5F7D5FF324618
:108A700030A10098F5F7D0FF2A4631A10098F5F70C
:108A8000CBFF224631A10098F5F7C6FF3B4800789E
:108A900000B10120F0F711F802460B4638A100980A
:108AA000F5F7C4FF37480068F0F707F802460B46B1
:108AB00035A10098F5F7BAFF009A049805B004A113
:108AC000BDE8F04FF5F7A8BF05B0BDE8F08F000096
:108AD000456C65496E666F00456C65496E666F2E24
:108AE00065000000456C65496E666F2E63000000EE
:108AF000456C65496E666F2E76000000456C6549D1
:108B00006E666F2E66000000456C65496E666F2EBE
:108B100070000000456C65496E666F2E72456300FB
:108B2000456C65496E666F2E74456300456C6549FA
:108B30006E666F2E6F630000456C65496E666F2E22
:108B40006F760000456C65496E666F2E6F70000091
:108B5000C002002068000020640000205C000020AB
:108B60006C00002070000020E00000207400002055
:108B7000F4020020F0020020FC020020A0020020ED
:108B800070777200B80200206C63000070B5064672
:108B900032A001F06AFA04005ED0324D6879EFF736
:108BA0008CFF02460B4630A12046F5F73FFF2F48C9
:108BB0000088EFF782FF02460B462DA12046F5F70D
:108BC00035FF32480088EFF778FF02460B4630A1A8
:108BD0002046F5F72BFF31480088EFF76EFF02467D
:108BE0000B462FA12046F5F721FF31480088EFF70B
:108BF00064FF02460B462FA12046F5F717FF3248C7
:108C00000088EFF75AFF02460B4630A12046F5F7E1
:108C10000DFF287EEFF751FF02460B462FA120469D
:108C2000F5F704FF95F91900EFF736FF02460B46FA
:108C30002FA12046F5F7FAFEA87FEFF73EFF024688
:108C40000B462FA12046F5F7F1FE22463046BDE83F
:108C5000704002A1F5F7E0BE70BD0000466163748C
:108C60006F7279001C0F00204D4944000A03002058
:108C7000424F554E445F4F55545055545F564F4CDC
:108C8000544147455F303156000000000203002088
:108C90005345545F4F555443555200000403002080
:108CA00048574D41585F4F555443555200000000FE
:108CB000060300204F55545055545F4355525F539F
:108CC000454E534F52000000080300204F505F50A4
:108CD000574D5F4F4646534554000000494E4E5293
:108CE000455F54454D505F50524F5F454E00000068
:108CF000494E4E52455F54454D505F50524F000013
:108D00004358000070B5064614A001F0AEF9040007
:108D100022D0134DE86DEFF7BFFE02460B4611A1BE
:108D20002046F5F783FE286EEFF7B6FE02460B46A7
:108D30000DA12046F5F77AFE686EEFF7ADFE02460C
:108D40000B460AA12046F5F771FE22463046BDE8E3
:108D5000704002A1F5F760BE70BD00004769730066
:108D6000847E00206C6E67006C6174007A6F6E65A3
:108D70000000000070B5064610A001F076F905006D
:108D80001BD002F007FD04460E4A0FA12846F5F756
:108D900067FE04B90DA422460DA12846F5F760FE32
:108DA000084A0DA110322846F5F75AFE2A463046E9
:108DB000BDE8704001A1F5F72FBE70BD4D646C4950
:108DC0006E666F00B87E00206D7665720000000050
:108DD000696D6569000000006963636964000000F3
:108DE00070B505460BA001F040F9040011D00B4806
:108DF000B0F90200EFF750FE02460B4608A12046EC
:108E0000F5F714FE22462846BDE8704001A1F5F7AB
:108E100003BE70BD50657253747300006C03002074
:108E200074656D700000000030B50D46044685B0D5
:108E300057A12846EFF74AFA00285ED056A12846E7
:108E4000EFF744FA00285CD055A12846EFF73EFA28
:108E500000285AD053A12846EFF738FA002858D0F6
:108E600051A12846EFF732FA002856D050A12846E3
:108E7000EFF72CFA002854D04FA12846EFF726FA36
:108E8000002852D04EA12846EFF720FA002850D0F3
:108E90004DA12846EFF71AFA002850D04CA12846D9
:108EA000EFF714FA00284ED04AA12846EFF70EFA41
:108EB000002853D049A12846EFF708FA002851D0DE
:108EC00047A12846EFF702FA00284FD046A12846CE
:108ED000EFF7FCF988B346A12846EFF7F7F968B336
:108EE00045A12846EFF7F2F940B345A12846EFF730
:108EF000EDF990B3012005B030BD2046FFF7EAFB45
:108F000043E02046FFF736FF3FE02046FFF7FAFE3A
:108F10003BE02046FFF740FC37E0204600F086F9B2
:108F200033E0204600F072F82FE02046FFF7B4FC53
:108F30002BE02046FFF754FF27E01BE01EE0204611
:108F400000F0B0F921E01421684601F057FB6A46B1
:108F50002DA12046F5F784FD17E013E02046FFF72A
:108F600015FE12E0204600F011FA0EE02046FFF751
:108F700075FB0AE0204600F0C9F906E0204600F043
:108F8000C7F802E02046FFF73FFB0020B3E70000F0
:108F9000446576496E666F004D646C496E666F007D
:108FA0004769730044696D0053656E736500000086
:108FB00052756E5374730000456C65496E666F00A0
:108FC00050657253747300005369676E616C0000E2
:108FD00052544300466163746F7279005376720095
:108FE000436F6D6D00000000537072656164000096
:108FF00052756E546D0000004C69676874546D00C2
:10900000416E676C65000000525443002DE9F04149
:1090100007462FA001F029F806462FA001F01AF804
:10902000054630A001F016F80446002E4DD0002D64
:109030004BD0002C49D02E48006808B11F2000E01A
:109040002020EFF729FDF5F72FFD01462846F5F71B
:10905000E1FC2848017EE9B190F91910002919DDD9
:109060002548007870B92548007801280AD024489E
:10907000B0F9020000280DDD0A22401D90FBF2F03D
:10908000814207DC00201F49F5F70EFD0146284606
:10909000F5F7C0FC01F0A6FAEFF7FEFCF5F704FDCA
:1090A00001462046F5F7B6FC2A4617A13046F5F7EB
:1090B000B3FC224615A13046F5F7AEFC32463846E1
:1090C000BDE8F04102A1F5F7A7BCBDE8F0810000C2
:1090D00052756E537473000052756E5374732E7311
:1090E0007473000052756E5374732E6272690000BF
:1090F000800300201C0F0020780200207A0200204C
:109100006C03002000804940737473006272690030
:109110002DE9F14F82B004F019FE054604F010FE6F
:10912000064604F021FE814604F016FE3C248346E8
:10913000B6FBF4F0B5FBF4FA00902CA000F095FF1C
:1091400080462CA000F091FF07462CA000F082FF83
:1091500006462EA000F07EFF0546B8F1000F42D073
:10916000002F40D0002E3ED0002D3CD0B9FBF4F0B3
:10917000EFF7A3FC02460B4628A14046F5F756FC44
:109180005046EFF79AFC02460B4626A14046F5F7FB
:109190004DFC424615A10298F5F73EFCBBFBF4F0EE
:1091A000EFF78BFCF5F780FC01463046F5F732FC13
:1091B0000098EFF782FCF5F777FC01462846F5F7B3
:1091C00029FC32460FA13846F5F726FC2A4611A1A4
:1091D0003846F5F721FC029803B03A46BDE8F04F57
:1091E00004A1F5F719BCBDE8FE8F000052756E545E
:1091F0006D0000004C69676874546D004C696768C5
:1092000074546D2E744C7454696D65004C696768B4
:1092100074546D2E724C7454696D65007454696D8C
:10922000650000007254696D6500000070B5064667
:1092300014A000F01AFF040023D0144D55F8840F39
:10924000EFF72AFC02460B4611A12046F5F7EEFB8C
:109250006868EFF721FC02460B460EA12046F5F7A1
:10926000E5FBA868EFF718FC02460B460BA1204669
:10927000F5F7DCFB22463046BDE8704001A1F5F76A
:10928000CBBB70BD53656E7365000000847E00200B
:1092900064690000734272690000000073427269E1
:1092A000546D000038B5054612A000F0DEFE040043
:1092B0001ED06846F7F7EEFD012808D10098EFF7B9
:1092C000EBFB02460B460DA12046F5F7AFFB0D4820
:1092D000007800B10120EFF7F0FB02460B460AA12F
:1092E0002046F5F7A3FB224602A12846F5F794FB9A
:1092F00038BD00005369676E616C00007273727054
:10930000000000007A0400207265670070B5064610
:1093100014A000F0AAFE040023D0144D55F8CC0F81
:10932000EFF7BAFB02460B4611A12046F5F77EFB8C
:109330006868EFF7B1FB02460B460FA12046F5F730
:1093400075FBA868EFF7A8FB02460B460CA1204668
:10935000F5F76CFB22463046BDE8704001A1F5F7F9
:109360005BBB70BD5370726561640000847E002039
:109370006F6666736574000077696E646F770000CE
:10938000696E74657276616C0000000070B5064607
:109390001BA000F06AFE040031D01A4A1AA1F5F7AA
:1093A0005FFB184D903D55F8B00FEFF775FB024687
:1093B0000B4617A12046F5F739FB6868EFF76CFB01
:1093C00002460B4614A12046F5F730FBA868EFF7DC
:1093D00063FB02460B4612A12046F5F727FBE8681F
:1093E000EFF75AFB02460B460FA12046F5F71EFB8E
:1093F00022463046BDE8704001A1F5F70DBB70BDB7
:1094000053767200147F002073767249700000005A
:10941000737672506F72740075506572696F640074
:1094200068506572696F640074506572696F64009A
:109430002DE9F05F00F004FF0446D0F86001A54F6D
:1094400070B1D4F8D8300BB94FF44863A248007813
:1094500008B1012100E000213A88A04800F0C4F9D9
:10946000D4F8640178B1D4F8DC300BB94FF4487308
:109470009B48007808B1012100E0002197483A8814
:10948000103000F0B1F9DFF85CA2974ED4F8680113
:1094900078B1D4F8E00010B9962000F03DF99AF8C0
:1094A000001001B1012103468C483268203000F0E1
:1094B0009BF9DFF83892D4F86C0178B1D4F8E40065
:1094C00010B9502000F028F999F8001001B10121DD
:1094D000034682483268303000F086F9DFF81082A7
:1094E000D4F8700168B18348D4F8E830007808B146
:1094F000012100E000217948D8F80020403000F038
:1095000073F9D4F87C0178B1D4F8F43003B91E2390
:109510007948007808B1012100E00021774802680D
:109520006E48703000F060F9DFF8D4B1D4F88001F3
:1095300098B1D4F8F80008B900F03EF9054600F0FB
:1095400045F902469BF8000008B1012100E0002126
:1095500062482B46803000F047F9D4F8840190B17E
:109560005E4D903500F06CFE3988A960D0F8FC00A3
:1095700000B94620E8606348007820B1A87810B9A7
:109580000120A870E870604F604DD4F8880198B150
:10959000286830B1D4F800013968884201D201212D
:1095A00000E00021D4F800310BB94FF416734B489A
:1095B0003A68A03000F018F9D4F88C0170B1D4F8F2
:1095C000043103B9642399F8000008B1012100E0D7
:1095D000002142483A68B03000F006F9D4F8900112
:1095E00078B1D4F8080110B9782000F095F89AF80D
:1095F000001001B10121034638483268C03000F044
:10960000F3F8D4F8940190B1286840B1D4F80C0173
:10961000002804DD3168884201D9012100E00021E1
:109620002E48D4F80C31D030326800F0DDF8D4F890
:109630009801A0B1286848B1D4F81001002805DDD0
:10964000D8F80010884201D2012100E0002123480F
:10965000D4F81031E030D8F8002000F0C5F8D4F884
:109660009C01E0B1D4F8140108B900F0A5F8074650
:1096700000F0ACF8264E054696F91900002807DDE3
:1096800000F0A4F896F91910884201D9012100E0F0
:10969000002112483B462A46F03000F0A5F8D4F8E5
:1096A000A001002814D0D4F8180108B900F084F8FB
:1096B000044600F08BF802469BF8000008B1012137
:1096C00000E000212346BDE8F05F124800F08CB8AE
:1096D000BDE8F09F64000020C80200209C05002027
:1096E000C9020020C6020020F4020020C7020020A8
:1096F000FC020020C5020020A8020020B8020020C1
:1097000078020020A0020020F00200208003002048
:109710001C0F00209C0600200449098821B1414308
:109720006420B1FBF0F07047002070470203002076
:1097300010B5FFF77DFEBDE8104000F001B8000055
:1097400070B51349002000BF01EB00129278CAB136
:1097500001EB0014E07808B1012500E00025D4E910
:1097600002232088294603F049FF48B90020A07051
:10977000617921B11DB107490870207100E02571A0
:10978000012070BD401C1128DED3002070BD0000F8
:109790009C050020A00200200020064B014600BFCF
:1097A00003EB0012401C9170D1701171916011286F
:1097B000F6D370479C050020034890F91900002853
:1097C00000DC0020704700001C0F00200548B0F9A5
:1097D0000200002801DC002070470A21401D90FB98
:1097E000F1F070476C03002000280FD0C0E902237D
:1097F000012200230029817809D011B1C17801B973
:1098000083700179002901D18270C270704711B153
:10981000C17801B1837001790029F7D08270C370DB
:1098200070470000002801DA002007E0642801DD0D
:10983000642001E0002801DD024948700249086007
:10984000F5F726BDA4040020800300202DE9FC418B
:109850000F46060007D0F5F7EBF920B13046F5F7D3
:10986000A1F9002802DC0720BDE8FC81002484E087
:1098700021463046F5F790F905000BD0F5F7F1F9E0
:1098800040B16B4601AA41A1284601F0C7FD01285D
:1098900002D00AE00220E7E700980028E4D101980E
:1098A000012801D00620DFE7B8666B4601AA38A17F
:1098B000284601F0B3FD012806D100980028D3D135
:1098C0000198022854D2F8666B4601AA32A12846B4
:1098D00001F0A4FD012806D100980028C4D1019808
:1098E000022845D238676B4601AA2DA1284601F00F
:1098F00095FD01280AD100980028B5D1019840F2C1
:10990000DD52A0F5FA71914232D278676B4601AA16
:1099100025A1284601F082FD01280BD100980028DE
:10992000A2D1019840F6B932A0F5D85158399142E8
:109930001ED2B8676B4601AA1DA1284601F06EFD34
:10994000012806D1009800288ED1019802280FD254
:10995000F8676B4601AA17A1284601F05FFD0128B0
:109960000AD10098002896D10198B0F57A7F01D9E4
:10997000032079E7C7F88000641C3046F5F712F938
:10998000A0423FF775AF00206EE70000636E7300E2
:1099900064696D5470000000706F6C6172000000AB
:1099A000646C6D7400000000756C6D740000000044
:1099B0007274690072745077720000002DE9FC41E6
:1099C00014460E468046FEF77DF80746B8F1000FB4
:1099D00015D0A6B19CB13846FEF7ACF801280ED1DF
:1099E0004046F5F73EF950B10020206001AB6A46D1
:1099F00065A1404601F012FD012803D009E00420D2
:109A0000BDE8FC8101980028FAD1387C0099884291
:109A100053D101AB6A465DA1404601F0FFFC012530
:109A200001280CD101980028EAD10098B0F5803FB8
:109A30007ED282B20821304600F0A2FD256001AB43
:109A40006A4659A1404601F0E9FC01280FD101986E
:109A50000028D5D1009800286BDD42F210718842B1
:109A600067D882B21021304600F08AFD256001AB34
:109A70006A4650A1404601F0D1FC01280ED1019860
:109A80000028BDD1009800287ADD398B814277DB30
:109A900082B21221304600F073FD256001AB6A46A8
:109AA00048A1404601F0BAFC012808D101980028DD
:109AB000A6D1F88A0099884201D01420A0E701AB12
:109AC0006A4645A1404601F0A9FC01280CD1019845
:109AD000002895D10098B0F57A7F3BD882B2162144
:109AE000304600F04DFD256001AB6A463EA1404680
:109AF00001F094FC012807D10198002880D100983A
:109B0000022827D23076256001AB6A463BA1404649
:109B100001F084FC012807D101980028CED10098DB
:109B2000802817D27076256001AB6A4637A101E024
:109B300010E023E0404601F071FC012802D02068CB
:109B4000D0B10BE001980028B8D10098002801DDC1
:109B5000FF2801DB032053E7B07725603046F5F797
:109B60004FFE0028AAD0022808D0032808D00428D5
:109B700008D01B2044E703E0012041E716203FE71F
:109B800019203DE71C203BE74D494400424F554E0C
:109B9000445F4F55545055545F564F4C54414745C0
:109BA0005F303156000000005345545F4F55544319
:109BB0005552000048574D41585F4F555443555238
:109BC000000000004F55545055545F4355525F53A9
:109BD000454E534F520000004F505F50574D5F4F5E
:109BE0004646534554000000494E4E52455F544589
:109BF0004D505F50524F5F454E000000494E4E524F
:109C0000455F54454D505F50524F0000435800008F
:109C10007CB50C4605000BD0F5F723F840B101AB3D
:109C20006A461E49284601F0F9FB012802D00BE0E4
:109C300004207CBD01980028FBD119490098194ADD
:109C40000144914225D2E065144901AB6A46091DE1
:109C5000284601F0E3FB01280AD101980028E8D149
:109C6000114900980E4A0144521C914211D22066BB
:109C70000A4901AB6A460831284601F0CFFB0128AA
:109C80000AD101980028D4D1009800F10C011929BB
:109C900001D303207CBD606600207CBD648D01087B
:109CA0000095BA0A012A7515804A5D0510B504466B
:109CB00000F0C8F92046BDE81040FFF7B3BD000032
:109CC0007CB50C4605000BD0F4F7CBFF40B101ABDF
:109CD0006A461D49284601F0A1FB012802D009E08F
:109CE00004207CBD01980028FBD10098022825D2D1
:109CF000C4F88400144901AB6A46091D284601F0E6
:109D00008DFB01280AD101980028EAD1009919B1E8
:109D1000A1F10A005B2811D2C4F888100A4901ABEE
:109D20006A460C31284601F079FB01280AD10198D6
:109D30000028D6D10098411E1E2901D303207CBDE6
:109D4000C4F88C0000207CBD90920108002803D04C
:109D50000021103000F002B870470000F0B587B065
:109D60000F4630B3017821B303A902F021F900288E
:109D700020D003A86E4603F06BFF054600F060FAA2
:109D800001004FF0080006D0496E11F10C0F02DB04
:109D90000C2900DC08464FF4616100FB015031469C
:109DA00004F0E8F9002805D00F4D287A012803D0E7
:109DB0000CE0002007B0F0BD684603F049FF044600
:109DC000094803F045FF241A00D56442012F02D050
:109DD000287A012803D0684604F04EF901E01E2CD1
:109DE000F9DC0120E6E70000080F00202DE9F04132
:109DF0008AB00C46060029D0F4F733FF30B3304662
:109E000037A10DF10408F4F7E9FE07004FF0000553
:109E100013D0F4F72FFFE8B13969D9B11F224046BA
:109E2000EEF737FA8DF823501F2201A904F19000B4
:109E30000095EEF72EFA84F8AF506B4609AA2AA1D6
:109E4000304601F0EBFA012807D011E004200AB0F7
:109E5000BDE8F08102200090F9E700980028F6D1D3
:109E60000998002835DDB0F5803F32DAC4F8B0003B
:109E70006B4609AA1EA1304601F0D0FA4FF4E16505
:109E8000012807D100980028E1D10998A84220D8DC
:109E9000C4F8B4006B4609AA17A1304601F0BEFA17
:109EA000012807D100980028D1D10998A84210D8DC
:109EB000C4F8B8006B4609AA11A1304601F0AEFA09
:109EC00001280AD100980028C1D10998B0F5E15FB6
:109ED00001D90320BBE7C4F8BC000020B7E70000AD
:109EE0007376724970000000737672506F7274005E
:109EF00075506572696F640068506572696F6400BF
:109F000074506572696F64003EB50C46054601F0F9
:109F100041FC70B100F1300100F120021030CDE9B8
:109F200000020291002304A221462846F3F7F2FE24
:109F30003EBD4FF0FF303EBD41542B514D54434F79
:109F40004E4E3D25642C222573222C222573222C73
:109F5000222573220D0A00007CB50C46054600F050
:109F60006FF950B1D0F8B020002A01DC40F25B72EA
:109F700090F8901021B1903003E04FF0FF307CBD9D
:109F800004A0CDE90002002306A221462846F3F7EB
:109F9000C1FE7CBD34372E3132302E31352E323277
:109FA0003000000041542B514D544F50454E3D253B
:109FB000642C222573222C25640D0A007CB50C46E6
:109FC000054601F0E7FB50B101213D30CDE900012C
:109FD000002304A221462846F3F79CFE7CBD4FF0E7
:109FE000FF307CBD41542B514D545355423D2564A7
:109FF0002C312C222573222C25640D0A0000000030
:10A000007CB50C46054601F0C5FB50B10121B530C9
:10A01000CDE90001002304A221462846F3F77AFE89
:10A020007CBD4FF0FF307CBD41542B514D545355F6
:10A03000423D25642C322C222573222C25640D0AE6
:10A040000000000002480021C173C164016570472F
:10A05000A404002070B50546F4F71AFD040002D1EF
:10A06000284600F023F8204670BD70B50546F4F789
:10A070004BFD040002D1284600F018F8204670BDC0
:10A080001CB5074CA078012808D006480090064867
:10A0900001906846F4F7A8FD0120A0701CBD0000E7
:10A0A000A4040020D9CC0008D5CC00080348C1780E
:10A0B000012901D00121C17070470000A4040020D3
:10A0C00010B5FFF7DDFF05480349C1624FF4805129
:10A0D00001630021416310BDB8580020A404002092
:10A0E00010B5FFF7CDFF06480449C1624FF4805117
:10A0F000016300214163C17010BD0000B8680020F9
:10A10000A40400200548064AC16A914204D1C078DF
:10A11000012801D00120704700207047A4040020CE
:10A12000B868002070B51D461646F4F757FD0400C8
:10A130000ED0F4F79FFD00280AD02169002907D02E
:10A140006A1E3046EEF7A5F80020711901F8010CDF
:10A1500070BD0000F0B585B017460E46040033D040
:10A16000FFF7BEFF19A0FFF780FF05002CD01421D8
:10A17000684600F043FA224616A12846F4F770FC20
:10A180006A4615A12846F4F76BFC04F1240213A1DA
:10A190002846F4F765FC04F12C0211A12846F4F7D7
:10A1A0005FFC04F134020FA12846F4F759FC46B1D4
:10A1B0003846EEF771FC02460B460BA12846F4F731
:10A1C00035FC284605B0F0BD0020FBE7726F6F74C8
:10A1D00000000000534E0000544D00005356000094
:10A1E00049440000435400004552000010B50C469D
:10A1F000491E0C2901D3002010BD022C04D101F00E
:10A20000D9F808B11D2010BD024800EB840050F8B9
:10A21000040C10BD94E9010810B504000BD003F044
:10A2200091F8002806D04FF4D27221460348EDF78A
:10A23000ECFF012010BD002010BD0000847E002036
:10A2400000487047847E002010B5CCB00B4800F069
:10A250007DF80A4C00234FF4987269468420FCF77D
:10A2600003FE012803D16946204603F0ADF84CB047
:10A270000248BDE8104000F01DB80000847E0020B8
:10A2800010B5EAB0040002D0B1F5987F02D00020EA
:10A290006AB010BD684600F059F82146684603F0E0
:10A2A0001DF90120F4E70000014800F003B80000A8
:10A2B000847E00202DE9F041002821D04430002187
:10A2C000142704460F4E0B46152207E0A5F1300C6B
:10A2D000BCF1090F01D84554491C5B1CF55C1DB14C
:10A2E000914201DAB942F1DB00226254EDF7E7FF57
:10A2F000002805D12046BDE8F04103A1EEF701B8E2
:10A30000BDE8F081EF130020303030303030303095
:10A3100030303030303030303030303000000000FD
:10A3200000B5E9B0684600F011F8684603F00AF895
:10A33000002806D04FF4D27269460348EDF765FF56
:10A34000012069B000BD0000847E00202DE9F041AD
:10A3500004464FF4D271EDF77FFF4FF0640851A12E
:10A36000201DC4F80080EDF7CCFF50A104F11400CB
:10A37000EDF7C7FF01260220C4E90B604FA104F1ED
:10A380003400EDF7BEFF2046FFF794FF4D48E0652F
:10A3900080102066082060660025C4E91A654FF425
:10A3A0007A70C4E91C5042F22830C4E91E0504F159
:10A3B0008001C820502781E8C1000520C4F88C0026
:10A3C0001F2241A104F19000EDF763FF40F25B70A2
:10A3D00044F8B00F4FF49670606004F108023C201E
:10A3E0004FF4616182E8430041F27071C4E90710E3
:10A3F0000A2060624FF44860A0624FF42560E06676
:10A40000C4E905654FF44870C4F8B060E062C4F870
:10A41000B460C4F8B8604FF44D702563C4E91C05FE
:10A420006563A567A563E567E563C4F8BC60C4F828
:10A430008050C4E9306525641E20C4F884506064EF
:10A44000C4E93256C4F8D0601420A564C4E92205DA
:10A450004620C4F8D460E0644FF41670206540F2E2
:10A460002620C4F8D860C4E92470C4F8DC60C4E9CC
:10A4700015857820C4E92605E565C4F8A050C4E92F
:10A4800038652566C4F8A4506566C4F8E860C4F869
:10A49000A850C4F8EC60A56644F8AC5F6664BDE8FB
:10A4A000F0810000444C2D4D58470000444C2D35A0
:10A4B000305A2D3536542D4D58470000454338301D
:10A4C00031450000000E270734372E3132302E314F
:10A4D000352E32323000000070B50C46050042D0F7
:10A4E000A4B324A104F12400EDF7F0FE40B120460E
:10A4F000FFF72CFC2146284600F0AAFC20BB05E013
:10A5000021462846BDE87040FAF718BA2146284689
:10A5100000F020FDC0B92146284600F03BFA98B96A
:10A520002146284600F0F6FB70B92146284600F087
:10A5300011FE48B92146284600F040FB20B92146CB
:10A54000284600F0A5F810B1012070BD0BE004F121
:10A55000340009A10546EDF7B9FE30B107A1284640
:10A56000EDF7B4FE08B10020EFE70121204603F02B
:10A570000BF9E9E763616C0057000000520000002E
:10A58000130A43540844427070472DE9F0411D46B8
:10A5900016460F46040023D03821EDF75DFE01F08A
:10A5A000F9F801001CD00F222046EDF772FE1421AD
:10A5B00004F1100000F022F80722394604F12400CB
:10A5C000EDF767FE0722314604F12C00EDF761FE3E
:10A5D000294604F13400BDE8F0410322EDF759BEED
:10A5E000BDE8F08102480068642800D96420704703
:10A5F0008003002000487047F5570020F0B5164C46
:10A60000064685B0207A0D4601281AD1E38840F22B
:10A61000E470834215D3607998B10C2811D8217960
:10A6200079B11F290DD822786778A478CDE9037213
:10A630008DE8130009A229463046F3F76BFB05B0FD
:10A64000F0BD6A1E0DA13046EDF723FE0020711902
:10A6500001F8010CF3E70000080F002025303464F6
:10A660002D253032642D2530326420253032643A75
:10A67000253032643A253032640000003230323600
:10A680002D30342D30322030383A33303A333000E8
:10A690002DE9F04FEDB00C46050018D0BCB1ACA1CF
:10A6A00004F12400EDF712FE88B9ABA12846F4F7B7
:10A6B00095FA054604F13400A8A10646EDF706FE1A
:10A6C00048B1A7A13046EDF701FE00287CD000205C
:10A6D0006DB0BDE8F08F002D77D0A2A12846F4F729
:10A6E0007DFA5FEA0008F7D0F4F7A2FA0028F3D069
:10A6F0004046F4F757FA002867DDFFF7A1FD69909F
:10A70000002201212046FFF725FD5FEA000A18D04C
:10A7100091A0FFF7AAFC050018D002468EA1504672
:10A72000F4F77AF9F4F7B4F906000FD002468DA1D8
:10A730002846F4F771F94046F4F734FA0746002545
:10A7400058E00C21204603F0F5F966E05046F4F796
:10A75000FFF9F6E729464046F4F71EFA5FEA0009DA
:10A7600047D0F4F775FA88B34846F4F729FAEEF7BC
:10A77000B1F9A0F51C5010380A283AD28346F4F7F4
:10A78000C3F95FEA000934D042F210710BEB01000B
:10A79000EEF782F902460B4674A14846F4F746F9F3
:10A7A000699800EB8B0BDBF8D800EEF775F90246E1
:10A7B0000B4670A14846F4F739F9DBF81C01EEF7B7
:10A7C0006BF902460B4602E029E037E011E06CA18C
:10A7D0004846F4F72BF9DBF86001EEF75DF9024625
:10A7E0000B466AA14846F4F721F949463046F4F78A
:10A7F00011F96D1CBD42ADDB3046F4F7D3F90028EA
:10A8000003DC5046F4F7A4F947E00021504603F07A
:10A81000FBFB10B15046F4F79BF9012058E76DB1EE
:10A8200050A12846F4F7DAF9060007D0F4F700FA49
:10A8300020B13046F4F7B6F9002801DC052181E7A4
:10A84000FFF7FEFC01464FF4D2726846EDF7DDFCDF
:10A850003046F4F7A7F907460025E9466DE029469A
:10A860003046F4F799F95FEA000856D0F4F7F9F9A1
:10A87000F0B33EA14046F4F7B1F95FEA000A4CD0CC
:10A88000F4F7E6F9A0B35046F4F79AF9EEF722F997
:10A89000A0F51C5010380A2801D3042152E709EB17
:10A8A0008000824650F8D81F6A91D0F844B0DAF898
:10A8B000600169902FA14046F4F790F96B9040B188
:10A8C000F4F7C6F9A0B16B98F4F77AF9EEF702F94C
:10A8D0006A902BA14046F4F781F96B9050B1F4F7E0
:10A8E000B7F928B16B98F4F76BF9EEF7F3F800E0DD
:10A8F00013E0834625A14046F4F770F95FEA0008AB
:10A9000012D0F4F7A5F918B94046F4F79AF920B136
:10A910004046F4F7B8F928B901E0022112E7D8F867
:10A92000140000B1012069906A98CAF81CB1CAF8F5
:10A93000D80069986D1CCAF86001BD428FDB68467B
:10A94000FFF76AFC08B10021FCE66321FAE600008B
:10A95000616C616D00000000445400005200000072
:10A9600057000000616C6D7300000000616C6D4960
:10A9700064000000616C6D56616C7565000000003C
:10A9800072656356616C756500000000616C6D4511
:10A990006E0000002DE9FC470D4604000CD05DB1AF
:10A9A00074A105F12400EDF791FC28B973A105F11C
:10A9B0003400EDF78BFC10B10020BDE8FC8770A1DE
:10A9C0002046F4F70BF907001FD0F4F74AF9E0B17D
:10A9D0006CA13846F4F702F96B4C06004FF0010801
:10A9E00040D0F4F747F9C0B33069B0B367A1EDF7D1
:10A9F0006DFC60B167A13069EDF768FC70B167A1CB
:10AA00003069EDF763FC98B12AE0052113E00021DD
:10AA1000284603F08FF884F805801CE000212846C2
:10AA200003F088F884F80980F1F7F4FF606412E01D
:10AA3000A07A98B903E0284603F07CF80BE0F6F71B
:10AA4000BDFB58B1382229465748EDF7DEFB84F8A4
:10AA50000B8084F80A800120AFE703E00C21EAE7CD
:10AA60000121E8E751A13846F4F7B8F8060028D0EC
:10AA7000F4F7EEF820B17469072C03D30321DAE769
:10AA80000221D8E7022CEBD0032CE9D0042CE7D02C
:10AA90001CB1012C01D0062C06D1FFF741FC30B1CE
:10AAA000FFF7D0FA03F0B4F8052C02D007E06321D9
:10AAB000C1E7F8F76FFC03F0B3F90128F7D10021E3
:10AAC000B9E73CA13846F4F789F85FEA00093FD0BE
:10AAD000F4F7AEF80028D3D04846F4F763F8061E22
:10AAE00001DC0721A7E700270AE039464846F4F7CA
:10AAF00053F801AA694603F099FB01009BD17F1C22
:10AB0000B742F2DBFFF76EFD824600271DE03946B3
:10AB10004846F4F741F801AA694603F087FB0100B3
:10AB200089D10098FEF77EFE0198002802DCFFF72D
:10AB300089FA09E04FF47A714843C4E9140AF1F73D
:10AB400069FFE06484F80F807F1CB742DFDBB6E763
:10AB50006946384601F0C0FA10B1052806D006E073
:10AB6000FFF770FA0098FEF75DFEA8E701200146A6
:10AB700061E700006374726C000000005700000081
:10AB800044540000444F0000A4040020706174721B
:10AB90006F6C00007265626F6F7400005369676EBE
:10ABA000616C517565727900B878002072657374B4
:10ABB0006F726500636E4374726C00002DE9F041A2
:10ABC0000D4604000CD05DB143A105F12400EDF762
:10ABD0007DFB28B941A105F13400EDF777FB10B1F9
:10ABE0000020BDE8F0813EA12046F3F7F7FF78B1E1
:10ABF0003CA1F3F7F3FF04000AD0F4F73BF838B1B7
:10AC0000206928B1072238A1EDF784FBA0B904E040
:10AC10000521284602F08EFF5AE02069EDF74FFB30
:10AC2000C02809D20D212069EDF73FFB20B90A2188
:10AC30002069EDF73AFB08B15B21EAE72C4FF87D7C
:10AC400048B92C48007830B9F1F7BAFB012802D096
:10AC50002948007808B10C21DBE7254800260722A7
:10AC600005F12C01C030EDF714FB2148C030C6714E
:10AC7000216901F069F8012801D06321C9E7216940
:10AC80001E4C39B3BF222046EDF703FB84F8BF60AA
:10AC90004FF480711A48EDF7DFFAFF2219A1184826
:10ACA000EDF7F7FA294638221948EDF7AEFAF6F72C
:10ACB00077F90F4C80346061F6F76CF9A061F6F714
:10ACC00075F9E061F1F7A6FE20623E760120F87585
:10ACD000012086E72670DBE76F74610057000000F3
:10ACE0004454000075726C00687474703A2F2F0021
:10ACF000A40400209803002002040020F55700203F
:10AD000048490020636174312E62696E00000000C2
:10AD1000687900202DE9F043ADF5237D0D46040050
:10AD200012D08DB143A105F12400EDF7CFFA58B947
:10AD300005F1340041A10646EDF7C8FA48B140A13B
:10AD40003046EDF7C3FA20B100200DF5237DBDE8B4
:10AD5000F0833CA12046F3F741FF040018D0F3F73D
:10AD600080FFA8B136A13046EDF7B0FA90B136A118
:10AD70002046F3F733FF5FEA00084DD0F3F758FFA2
:10AD800080B14046F3F70EFF061E0DDC07214CE0B4
:10AD900005214AE02946204601F08AFC010044D101
:10ADA0000120D2E7022140E000210C46894630E034
:10ADB00021464046F3F7F0FE0700F3D0F3F748FFD3
:10ADC0000028EFD07F69781E082801D303212CE0EA
:10ADD00001F04EFB07EB071000EB87171B483844C8
:10ADE00010F8510C012801D001211EE04FF422720D
:10ADF00016496846EDF709FA69463944684601F88C
:10AE0000519C02F031FA012801D00A210DE0494697
:10AE1000641CB442CCDB08E006A12046F3F7DEFE5A
:10AE20000028B5D002F044FA0146284602F0ACFCF6
:10AE3000B6E70000706C616E000000005700000073
:10AE4000520000004454000064656C00288000201B
:10AE50002DE9F0470D4604000CD05DB137A105F196
:10AE60002400EDF733FA28B936A105F13400EDF7E7
:10AE70002DFA10B10020BDE8F08733A12046F3F78A
:10AE8000ADFE90B131A1F3F7A9FE5FEA00080CD046
:10AE9000F3F7CEFE48B14046F3F784FE002806DC07
:10AEA0000721284602F046FE46E00521F9E7002288
:10AEB00001212846FFF74EF95FEA00090BD022A0D6
:10AEC000FFF7D3F8070008D002461FA14846F3F762
:10AED000A3FD00241FE00C21E3E74846F3F738FE0A
:10AEE000F9E721464046F3F757FE06000DD0F3F789
:10AEF000C1FE50B1316941B13846FDF795FF48B107
:10AF00004846F3F725FE0121CBE74846F3F720FE3C
:10AF10000221C6E7641C4046F3F744FEA042E0DC91
:10AF20000021484603F070F818B10C21284603F0C0
:10AF30003DF84846F3F70CFE01209CE770726F70F5
:10AF400000000000520000004454000070726F7056
:10AF5000730000002DE9F04FADF5177D8A4604001F
:10AF60000ED0BAF1000F0BD06CA10AF12400EDF75E
:10AF7000ADF928B96BA10AF13400EDF7A7F920B1BA
:10AF800000200DF5177DBDE8F08F67A12046F3F78F
:10AF900025FE07002DD0F3F764FE50B363A13846B9
:10AFA000F3F71CFE044662A13846F3F717FE81460C
:10AFB00060A13846F3F712FE804660A13846F3F7E9
:10AFC0000DFE06465EA13846F3F708FE05465DA174
:10AFD0003846F3F703FE8346002004B10120B9F19F
:10AFE000000F00D00120B8F1000F00D001203EB9C1
:10AFF00001E005218AE01DB9BBF1000F00D168B165
:10B000004FF4D27251496846EDF7FFF844EA09005F
:10B0100040EA0800304303D0012702E0012175E037
:10B0200000270EB1012000E0002096900DB1012014
:10B0300000E000204649CDE99410802269A8EDF790
:10B04000E4F800208A902CB169462046FEF7E0FD26
:10B0500001005BD1B9F1000004D06946FEF7F6FBB0
:10B06000010053D1B8F1000004D06946FEF728FE74
:10B0700001004BD12EB169463046FEF7B7FE010004
:10B0800044D145B128468DAC00F0A8F968B12146FD
:10B0900000F08EFF58B1BBF100000AD08AAA69A95E
:10B0A000FEF78CFC010031D103E002212EE00321E8
:10B0B0002CE08A9857EA000117D008B1012300E07C
:10B0C00000230FB1012100E0002169AA684602F0C7
:10B0D00047F900B34FB14FF4D27269461B48EDF700
:10B0E00094F8969808B102F093FD959810B18DA848
:10B0F00002F0C2FF8A9840B1802269A99498EDF7C6
:10B1000084F8F4F727FBFCF725FF0021504602F0F6
:10B1100011FD012035E76321F8E7000070726F70C0
:10B12000000000005700000044540000476973000D
:10B1300044696D0053656E736500000053767200BC
:10B1400052544300466163746F727900847E00201C
:10B15000F800002070B50C4605000CD05CB11CA1B5
:10B1600004F12400EDF7B2F828B91BA104F1340072
:10B17000EDF7ACF808B1002070BD18A12846F3F730
:10B180002DFD00B316A1F3F729FDE0B1164D6E7B3E
:10B1900000F024F928B13146FEF7E0FD012E07D07A
:10B1A0000CE0012E0AD1012104F11000FEF7D6FDBA
:10B1B000012803D1002068730120A873F1F72AFC4D
:10B1C0006862012070BD0121204602F0B3FCF8E75F
:10B1D00072717374000000005200000044540000BB
:10B1E000546D43616C690000A404002070B5134CD9
:10B1F00000252574A065607CFF2801D2401C607486
:10B20000A06F401CA067607C032816D365740CA651
:10B21000F1F7D6F8012810D0F5F798FE01280CD0E8
:10B220002574F7F783FC002211460320F6F76EF829
:10B230003046BDE87040F5F791BF70BDA404002012
:10B240006865617274626561745F6E6F5F61636B84
:10B250000000000070B5304C0546207802281ED151
:10B26000F1F7AEF801281AD0F5F770FE012816D0D4
:10B27000A06DA8B1217CA9B1012921D002290ED14C
:10B28000F5F78EFE216E88422CD000202074607469
:10B29000A565F5F785FEE066606F401C606770BDD0
:10B2A000A56570BD4EF66021F1F7BAFB0128F8D113
:10B2B000F7F734FC012810D001202074E56570BD3B
:10B2C000F7F72CFC012808D043F69821E06DF1F740
:10B2D000A7FB0128F3D111A118E02846BDE8704072
:10B2E00000F034B8F5F756FE616E884204D1F5F7E8
:10B2F0005DFEA16E884201D00DA107E04AF6C8713B
:10B30000E06DF1F78DFB0128D9D10DA12846BDE8EC
:10B310007040FFF76BBF0000A40400207375626DDE
:10B32000697420627573792074696D656F75740036
:10B330007075626C697368206661696C6564000091
:10B3400061636B2074696D656F75740070B5054637
:10B3500002F02AFA28B12846BDE8704009A1FFF79B
:10B3600045BFF5F71DFE0B4C2066F5F713FE606632
:10B37000F5F71CFEA06602202074E565206F401CD6
:10B38000206770BD7375626D6974206661696C6554
:10B3900064000000A40400200021425C303A0A2A24
:10B3A00004D2491C0F29F8DBC07B08B1002070478C
:10B3B000012070474FF4C87190FBF1F201FB1201BC
:10B3C00049B1642190FBF1F201FB120109B1800740
:10B3D00001D00020704701207047000010B5040024
:10B3E00015D0F3F747FC10B12069002810D1204692
:10B3F000F3F737FC58B107A12046F3F7EFFB040041
:10B4000005D0F3F737FC10B12069002800D10020E7
:10B4100010BD000074696D65000000002DE9F04169
:10B420001D461646F3F7DAFB040005D0F3F710FCCF
:10B43000002720B160690BE00020BDE8F0812046C4
:10B44000F3F7FFFB40B12046F3F71DFC00B10120EC
:10B4500030602F600120F0E702202860FAE700004A
:10B4600070B594B00D46064600F094F94FF0FF34E5
:10B47000002828D000F040FA034614A2082112A8A0
:10B48000F2F748FC072212A91248ECF702FF114913
:10B49000002011A3C87112AA10A104A8FFF775F823
:10B4A0009DF8100078B111A80FA90DAA08ABCDE93D
:10B4B0000032CDE9021004AB0AA229463046F2F769
:10B4C00029FC14B070BD2046FBE700002530366C27
:10B4D000750000005C050020480000007265707473
:10B4E000000000007B22534E223A222573222C2298
:10B4F000544D223A222573222C225356223A2225D9
:10B5000073222C224944223A222573222C224354AE
:10B51000223A222573227D0070B5A6B00D4606465C
:10B5200000F038F94FF0FF34E8B326A326A228A193
:10B5300018A8FFF72AF89DF86000A0B3FEF7B4FE44
:10B54000FEF77EFE78B380300DF1500C90E81E00BF
:10B550008CE81E0010380DF1400C90E81E008CE8BD
:10B560001E0010380DF1300C1EC88CE81E0050F87B
:10B57000401C0DF1200C50F8144CA0F12C03A0F14C
:10B580003C028CE81E0050F8442CA0F15C0150F8FD
:10B59000700C403BCDE90403CDE9061225A823A990
:10B5A00021AA1CAB00E00BE0CDE90032CDE902108E
:10B5B00018AB094A29463046F2F7ACFB26B070BDFD
:10B5C0002046FBE74C0000003030303030310000C6
:10B5D000726570740000000030EB01080C4810B573
:10B5E000417A012913D14FF4FA71406CF1F718FA3E
:10B5F00000280CD0BFF34F8F06480168064A01F4BB
:10B60000E06111430160BFF34F8F00BFFDE710BD44
:10B61000A40400200CED00E00400FA0510B50400BD
:10B6200007D000F0B7F8010003D02046ECF74EFE3B
:10B6300008B1002010BD012010BD000070B504004D
:10B6400020D01248007802281CD100F0A3F8050091
:10B6500018D094F82C0050B10C48B830007830B1B4
:10B660000A4904F12C00B831ECF730FE50B908A1BA
:10B6700004F13400ECF72AFE20B929462046ECF705
:10B6800025FE08B1002070BD012070BDA40400207B
:10B690004800000070B504001DD01C4E3078012811
:10B6A00001D0032817D100F075F8050013D018A1B8
:10B6B00004F13400ECF70AFE68B929462046ECF79D
:10B6C00005FE40B994F82C0038B112A104F12C0009
:10B6D000ECF7FCFD08B1002070BDF1F79BF90446C2
:10B6E000F5F7FEFC012801D1F5F700FD02203070CE
:10B6F0000020B075204602F02DFDB07B012801D05E
:10B70000012000E000203073012070BDA40400205F
:10B710004C000000303030303031000010B5F7F709
:10B7200005FA002211460320F5F7F0FDBDE81040B0
:10B73000F2F7A6BA2DE9FC410D0004461DD0F4B184
:10B74000FFF72AFED8B105212046F3F715FDC043C7
:10B7500086B20521601DF3F70FFDC04387B20521B6
:10B7600004F10A00F3F708FDC04383B205A20D21DE
:10B770002846CDE90067F2F7CDFABDE8FC8100204C
:10B780002870FAE72530345825303458253034589D
:10B7900000000000044810B5007818B900F00EF859
:10B7A000002800D0004810BDF04E002010B5FFF773
:10B7B000F1FF002800D0653010BD0000F0B585B065
:10B7C000FEF75EFC00250F2701950295039501AC5D
:10B7D000324E28462A463946049507E0A3F1300C3C
:10B7E000BCF1090F01D82354401C521CB35C1BB19F
:10B7F000884201DAB842F1DB25542046FFF7CCFD40
:10B8000040F20511002843D02548ECF725FD01A999
:10B810002348ECF776FD224801A91030ECF771FDC2
:10B820001F4801A92030ECF76CFD1D4901A83031FB
:10B83000FFF780FF1A4801AC1AA31BA228213D3054
:10B840000094F2F767FA164816A31BA22821653068
:10B850000094F2F75FFA124812A31BA228218D3040
:10B860000094F2F757FA0E480EA31BA22821B53018
:10B870000094F2F74FFA0A480AA31BA22821DD30F0
:10B880000094F2F747FAFEF7DFFC012005B0F0BDA7
:10B8900025700348ECF7E0FC0020F7E7D013002008
:10B8A000F04E00204D53000025732F25732F706C30
:10B8B000743264657600000025732F25732F64654C
:10B8C0007632706C7400000025732F25732F6F661D
:10B8D000666C696E6500000025732F25732F7063F9
:10B8E000703264657600000025732F25732F646520
:10B8F00076327063700000000548064B816A8A1E2C
:10B900009A4201D3022100E0491C81620846704737
:10B91000A40400203D420F000548418B491C090446
:10B92000090C418301D10121418388B27047000095
:10B93000A404002070B5194D002405F1B8002C7046
:10B94000EC612C626C6204700830A0F14006047057
:10B950002C71AC636C71AC712C756C757460AC75CA
:10B96000B460F4603461EC712C722C74AC65EC65DD
:10B970002C666C66AC666C74F5F712FBE866AC740A
:10B98000EC67EC7434602C736C7300F06FF9FDF7A6
:10B9900003FFAC72EC72AC6470BD0000A404002024
:10B9A0002DE9F05FF1F736F80546FEF749FC070090
:10B9B00068D0954C0026E07B012808D1D4E913011A
:10B9C000F1F72EF818B1E673606DFDF72BFFD7F88D
:10B9D000B400002801DC4FF496704FF47A7100FB3C
:10B9E00001FAD7F8BC00002801DC4FF461604FF485
:10B9F0007A7100FB01F92078DFF80C82012708F149
:10BA0000800803282FD0012855D0002868D00228AC
:10BA100038D1F5F7C5FAE16E884203D0E066607C64
:10BA200000B166742846FFF715FCFDF781FE01287A
:10BA300028D0284600F02EF9012823D0284600F00F
:10BA4000E3F901281ED0207A01284DD0E0790128A1
:10BA500051D0A079012855D0207B012866D02079CB
:10BA600001286AD070E0F5F79BFAD8F8081046462E
:10BA7000884209D0F5F734FB012801D1F5F736FBF0
:10BA80002770E561BDE8F09FF5F790FA31698842CB
:10BA900001D05EA01FE0F5F77DFAF168884201D081
:10BAA00060A018E04AF6C871E069F0F7B9FF012814
:10BAB000E8D161A00FE047F23051E069F0F7B0FF44
:10BAC0000028DFD0A07DFF2801D2401CA075C0B2A5
:10BAD000022804D35DA0BDE8F05FFFF71FBE26700B
:10BAE000BDE8F05F01F07CBE206C01F0A7FE0028ED
:10BAF000C8D1267204E0E06B01F0F0FE0028C1D14D
:10BB0000E671BFE7607D78B1207D5549C0EB00103C
:10BB100011EB800008D0816B02F01AF80028B1D137
:10BB2000BDE8F05F02F07CB8A671ABE702F024F844
:10BB30000028A7D12673677364E040F6B831A06B84
:10BB4000F0F76EFF00289DD0607901280DD0207994
:10BB5000012815D0284602F09DFA012892D0A07C39
:10BB600041F2883B012812D017E0F6F7D7FF0128F1
:10BB700088D13CA001F084FF002883D166711FE0CA
:10BB800039A001F07DFF0028BBD126717AE7594624
:10BB9000E06FF0F745FF01280BD05146206AF0F71F
:10BBA0003FFF78B12FA001F06BFF48B1A774E567A4
:10BBB00068E7A6742BA001F063FF08B125621DE0C1
:10BBC00025625FE7E07C012806D15946D8F80000DD
:10BBD000F0F726FF01280CD04946606AF0F720FFF5
:10BBE00000288ED001F0C8FF60B1E774C8F800509B
:10BBF00048E7E67401F0C0FF20B16562BDE8F05F80
:10BC0000FEF76EBA65623DE7A40400206C6F6769B9
:10BC10006E5F7075626C6973685F74696D656F756E
:10BC2000740000006C6F67696E5F7075626C697399
:10BC3000685F6661696C00006C6F67696E5F707544
:10BC4000626C6973685F7374616C6C006C6F6769B8
:10BC50006E5F61636B5F74696D656F757400000082
:10BC6000F0780020430000004200000070B5074D4E
:10BC700000243821EC750648ECF7EEFA05F1800057
:10BC800044618461C46104622C7670BDA404002008
:10BC90006879002070B52A4C0646E07D00284ED019
:10BCA00004F18005012802D0022821D046E0F6F7F1
:10BCB00035FF30B30021234801F04AFF48B1207E10
:10BCC000401CC0B22076032810D300BFFFF7CEFF80
:10BCD00034E0F5F765F96861F5F75CF9A861F5F707
:10BCE00065F9C5E907060220E07527E02E6225E028
:10BCF000F5F756F96969884204D0FFF7B7FFF7F7FF
:10BD000047FA1BE0E07D022818D1F5F743F9A9694D
:10BD100088420AD1F5F74AF9E969884205D14AF61D
:10BD2000C871286AF0F77CFE40B1207E401CC0B28A
:10BD300020760328CAD20120E075D7E7012070BD24
:10BD4000A40400206879002030B50C46144905464B
:10BD500089B000204876F0F75DFE114980314863D4
:10BD600020216846ECF778FA01200E49009044B192
:10BD700004E04A400C48641C02FB00F12278002ACF
:10BD8000F7D1039125B10722294601A8ECF781FAE2
:10BD9000684600F037F8012800D0002009B030BD17
:10BDA000A4040020C59D1C819301000170B588B0DA
:10BDB000064614460D46684600F022F8012804D1D4
:10BDC000009801280CD002280AD020216846ECF700
:10BDD00043FA012000900722084901A8ECF759FA1C
:10BDE00002200090CDE90465ADF81840684600F0E7
:10BDF00009F8012800D0002008B070BD64050020BB
:10BE000002F04AB802F09EB8F0B5384D0646002759
:10BE1000687E89B005F1800401280CD042F21071CF
:10BE2000606BF0F7FDFD002829D06846FFF7E8FFBA
:10BE3000012823D11FE0F5F7B3F8616A884206D0E4
:10BE40002B4903200860084602F07CF84AE0F5F729
:10BE5000A1F8A16A88420AD1F5F7A8F8E16A8842F8
:10BE600005D14AF6C871206BF0F7DAFDD8B3304639
:10BE700000F042F837E00098022802D0002009B014
:10BE8000F0BD1C48D0F80022D0F80412B0F8080227
:10BE900021F07F41049B934216D1059A8A4213D127
:10BEA000BDF8181081420FD10127F6F737FED0B147
:10BEB00001A801F065FD00280D484FF020026946F9
:10BEC00004D0ECF7A2F9D2E76663D7E7ECF79DF967
:10BED000F5F766F86062F5F75DF8A062F5F766F8C9
:10BEE000C4E90B066F760120C9E70000A404002016
:10BEF000A0790020008000080749486380390020AD
:10BF000048760649C869421C04D0401CC8610846EE
:10BF100002F018B87047000024050020A079002026
:10BF200070B50C4605004FF0FF3634D094B338217D
:10BF30002046ECF791F91023224618A12846FEF777
:10BF4000F1F8142304F1100215A12846FEF7EAF8CF
:10BF5000082304F1240213A12846FEF7E3F808237E
:10BF600004F12C0210A12846FEF7DCF8042304F1AA
:10BF700034020EA12846FEF7D5F8207850B194F887
:10BF8000240038B194F82C0020B194F8340008B1A2
:10BF9000002070BDFFE73046FBE70000534E000075
:10BFA000544D000053560000494400004354000023
:10BFB00030B58BB00C4610B30CB309AD08AB07AA73
:10BFC00005A98DE82E0006AB04AA1BA1ECF7C2F967
:10BFD000062814D10699481E0C2810D2059870B175
:10BFE0000498FEF703F90599884208D307981728A3
:10BFF00005D808983B2802D809983B2802D9002088
:10C000000BB030BD0020206060602081049880B2B9
:10C01000E0800699C9B26171059AD2B22271079B7C
:10C02000A370089B6370099B2370EDF768FC401CAC
:10C03000E07001202072E3E7253034752D25303281
:10C04000752D2530327520253032753A2530327500
:10C050003A253032750000002DE9F05F14468B461A
:10C0600080460020DFF8689005460227824620605F
:10C0700059F825105FEA08000FD071B1F2F7AEFD54
:10C0800006000AD0F2F7E4FDF0B17169CBF80010B8
:10C09000C4F800A00120BDE8F09F6D1C062DE7DB71
:10C0A0000CA14046F2F79AFD05000FD0F2F7C0FD53
:10C0B00050B100212846F2F76FFD050006D0F2F7D7
:10C0C000D0FD08B1A846CCE72760E3E70020E2E70F
:10C0D0006C05002044696D00FEB50D4606466A46B3
:10C0E00001A9FFF7B9FF04460098002807D16A4666
:10C0F00002A9304600F028F8009909B10846FEBDB3
:10C10000012802D10299022904D2012C04D10199FB
:10C11000652901D30320FEBD012801D1029929B16F
:10C12000012C05D0012805D00520FEBD002005E02A
:10C13000019803E00348407800B96420286000209B
:10C14000FEBD0000A40400202DE9F05F4FF00008C0
:10C15000DFF8A4A015460E46834644464FF0020978
:10C16000C2F800805AF824105846F2F737FD07004D
:10C1700011D0F2F766FD0028384604D0F2F783FDAF
:10C1800088BB30602CE0F2F763FD08B17869F8E70E
:10C19000C5F8009024E0641C062CE3DB17A1584688
:10C1A000F2F71CFD040024D0F2F764FD0028EFD064
:10C1B00020690028ECD013A1ECF788F898B112A1FF
:10C1C0002069ECF783F870B110A12069ECF77EF8D4
:10C1D00060B10FA12069ECF779F838B1032028602D
:10C1E0000120BDE8F09FFFE70120CAE7C6F8008004
:10C1F000F6E70020F5E70000840500207374617401
:10C20000650000006F6E00004F4E00006F66660014
:10C210004F46460070B50446F2F73AFC05000FD0D1
:10C22000024612A12046F2F7F7FB114E002400BF90
:10C2300004EB041000EB8410315C012903D00FE003
:10C240004FF0FF3070BD30444178012908D180782B
:10C25000ECF733FCF2F728FC01462846F2F7DAFB4C
:10C26000641C082CE4DB002070BD00006E696400D3
:10C270002880002010B50446084600F089FE020020
:10C2800005D004A12046F2F7C7FB002010BD4FF0F7
:10C29000FF3010BD706C616E000000004FF0FF3089
:10C2A0007047000006480021C180417081704FF640
:10C2B000FF710181FF21C170017141717047000060
:10C2C000CC06002010B503880C884FF0FF32A34243
:10C2D00001D01DD31EE083788C78A34201D017D300
:10C2E00018E0C378CC78A34201D011D312E00379CF
:10C2F0000C79A34201D00BD30CE043794C79A342D3
:10C3000001D005D306E080798979884205D001D231
:10C31000104610BD4FF0010010BD4FF0000010BDE1
:10C3200010B583788C784FF0FF32A34201D017D339
:10C3300018E0C378CC78A34201D011D312E003797E
:10C340000C79A34201D00BD30CE043794C79A34282
:10C3500001D005D306E080798979884205D001D2E1
:10C36000104610BD4FF0010010BD4FF0000010BD91
:10C370000749CA8802804A7982700A79C2708A782D
:10C3800002714A784271097881710021C171704748
:10C39000080F00202DE9F0410E46B0F8091000F119
:10C3A0000904A1F57F4200F11107FF3A214630460A
:10C3B0000CD0FFF787FF00281ADB39463046FFF71D
:10C3C00081FF002814DC0120BDE8F081FFF7A8FF01
:10C3D000054639463046FFF7A3FF06463946204654
:10C3E000FFF79EFF002805DC002D01DB002EEADDB3
:10C3F0000020E9E7002DE6DAF8E7000030B5028812
:10C400004FF6FF74A24203D0A2F2E471502927D262
:10C4100081784B1E0C2B23D2C3780BB3022910D189
:10C42000A2420ED04FF4C874B2FBF4F504FB1524FD
:10C43000C4B16424B2FBF4F504FB15240CB19207DB
:10C4400010D00A4A114411F8011C994208DB017905
:10C45000172905D841793B2902D880793B2803D98F
:10C46000002030BD1D21F0E7012030BD2CEA01087D
:10C4700003480078012801D001F018BF7047000080
:10C48000CC0600202DE9FE4F0C4605002ED00020E2
:10C4900058492860A880087A012827D1C88840F226
:10C4A000E472904222D3487900B30C281ED8087950
:10C4B000E0B11F281AD88878172817D8084640787E
:10C4C0003B2813D86846FFF753FF9DF804009DF8FA
:10C4D0000510C0EB001001EB80000026DFF818B15A
:10C4E000A4F101094FF4B467029002E00020BDE816
:10C4F000FE8F06EB061000EB861101EB0B04207893
:10C5000001286ED1607801286BD1E078012801D034
:10C51000022866D169462046FFF73CFF78B3E078F1
:10C52000012803D002285CD0002255E031480721C1
:10C53000C078401DB0FBF1F201FB120162790120CD
:10C5400088400242F0D14CE0C2EBC20004EB800311
:10C550001933B9F1010F05D81978012000FA09F053
:10C56000014238D0002131E003EB810000F1040AE0
:10C57000808801E000F5B4600028FBDB02E030E0D9
:10C58000A0F5B460B842FBDADDF808C01FFA80F805
:10C59000E04508D0401C80B2B0FBF7FC07FB1C0C48
:10C5A0000298844511D1287820B1207995F804C0EB
:10C5B00060450AD901202870A07868702079287118
:10C5C0009AF802006871AA70E970491C987888424C
:10C5D00001DD0629C8DB521CA079904201DD022A48
:10C5E000B2DB761C082E84DB287800283FF47FAF6E
:10C5F00001207CE7080F002028800020F0B5B0F86B
:10C6000000C016460F46827945790479C17883784F
:10C61000ACF57F4E85B0BEF1FF0E0CD0CDE90031F8
:10C620000294CDE90352634608A231463846F1F739
:10C6300071FB05B0F0BDCDE90252CDE900140BA2AB
:10C6400031463846F1F766FBF3E7000025303475D4
:10C650002D253032752D2530327520253032753A32
:10C66000253032753A253032750000004646464680
:10C670002D253032752D2530327520253032753A12
:10C68000253032753A2530327500000070B51546F8
:10C69000F2F7A4FA040006D0F2F7DAFA28B16069DA
:10C6A0002860002070BD052070BD022070BD000014
:10C6B0002DE9FC410E460746FFF7DAFE30A1384669
:10C6C000F2F78CFA2F4D040018D0F2F7C1FA0028C7
:10C6D00042D06169481E022839D26846FFF7D2FE6F
:10C6E0009DF8000038B19DF8010000EB001101EB4E
:10C6F000801042193DE00022114616E022A1384682
:10C70000F2F76CFA040015D0F2F7B4FA20B32069FE
:10C7100010B31EA1EBF7DAFD28B11DA12069EBF7DC
:10C72000D5FD20B123E01B490022304624E0002241
:10C730001949FAE719A13846F2F750FA040009D06E
:10C74000F2F786FA40B16069411E082906D303203A
:10C75000BDE8FC810520FBE70220F9E700EB0011B2
:10C7600001EB8010421912F8510C012801D0012070
:10C77000EEE70B493046513A00F0FCFBE8E70000D9
:10C780006E6F770028800020444F00006E696400BF
:10C790007372000015C201089DC20108696400009F
:10C7A00075C201082DE9F04789461CA1F2F716FA77
:10C7B0005FEA00080AD0F2F73BFA08B34046F2F706
:10C7C000F1F9041E04DC0720BDE8F0870520FBE733
:10C7D000022C01DD0620F7E7002635464FF0010A5E
:10C7E00015E029464046F2F7D7F9070008D0F2F7DE
:10C7F0002FFA28B17869401E022803D30320E3E70B
:10C800000220E1E70AFA00F13143CEB26D1CA542E5
:10C81000E7DB89F800600020D6E70000636E730054
:10C82000F8B50D46040054D0002D52D0EBF747FD6B
:10C8300013284ED120792D284BD1E0792D2848D1CD
:10C84000A07A202845D1607B3A2842D1207C3A2822
:10C850003FD10020286068606E46042223A1204654
:10C86000EBF758FDC0B1002108466FF02F03225CA2
:10C87000A2F130070A2F2CD201EB810103EB410119
:10C880001144401C89B20428F1DB3180A91C601DD1
:10C8900000F03AFAE8B904E04FF6FF70ADF8000096
:10C8A000F4E7E91C04F1080000F02EFA88B9291D0C
:10C8B00004F10B0000F028FA58B9691D04F10E00CC
:10C8C00000F022FA28B9A91D04F1110000F01CFAA9
:10C8D00008B10820F8BDBDF8000028802846FFF701
:10C8E0008DFD08B10020F8BD0320F8BD4646464640
:10C8F000000000002DE9F8430C46804651212046F7
:10C90000EBF7AAFC012626706A467CA14046FFF799
:10C91000BDFE002820D10098411E08296FD2A070CA
:10C920006A4677A14046FFF7B1FE002814D100986F
:10C9300008B1012863D110F0FF0060700CD06A4686
:10C9400070A14046FFF7A2FE002805D100980128FB
:10C9500004D0022802D00120BDE8F883E0706A46C6
:10C960006AA14046FFF792FE0028F5D10098411ECB
:10C97000082944D2207168A14046F2F72FF905003A
:10C9800075D0F2F777F9002872D0286900286FD0A7
:10C9900004F109010F46FFF743FF0028DCD160A135
:10C9A0004046F2F71BF9050061D0F2F763F9002861
:10C9B0005ED0286900285BD004F111010D46FFF715
:10C9C0002FFF0028C8D1B4F809104FF6FF7081423C
:10C9D00001D1012200E00022B4F81130834201D1DC
:10C9E000012300E000239A4207D1814208D0294662
:10C9F0003846FFF767FC002802DD0920ACE744E079
:10CA00000027E7712772E07802281DD146A1404631
:10CA1000F2F7E4F8050008D0F2F71AF940B36869B4
:10CA200000F18001FF2930D8E07142A14046F2F7C1
:10CA3000D5F8050008D0F2F70BF9C8B1686900F124
:10CA40008001FF2921D820723DA14046F2F7C6F8A7
:10CA500005000ED0F2F70EF950B12D6945B1671DF2
:10CA60002846EBF72CFC072808D0082074E726E0BE
:10CA700027E0E078012822D0677110E00021084605
:10CA80002A5C312A03D0302A05D0032064E706FA55
:10CA900000F20A43D1B2401C0728F1DB39702AA109
:10CAA0004046F2F79BF8070009D0F2F7C1F840B111
:10CAB0003846F2F777F8051E05DC07204CE705201D
:10CAC0004AE7022048E7022D01DD062044E7A57170
:10CAD00000260EE031463846F2F75EF8C6EBC60196
:10CAE00004EB8101E278193100F032F8002885D199
:10CAF000761CAE42EEDB00202EE7000069640000E9
:10CB0000656E000074797065000000007072696FD6
:10CB1000726974790000000073446174650000005C
:10CB200065446174650000007365746F66667365C3
:10CB300074000000726973656F6666736574000047
:10CB40007765656B000000006A6F6273000000008B
:10CB50002DE9FF5F17460E4605007CD0F2F781F8FD
:10CB600000287ED01C213046EBF776FB3146284664
:10CB7000FFF718FE002817D15CA12846F2F72EF81F
:10CB8000040007D0F2F764F800286AD06069022830
:10CB900009D200E00020C0B27070012F02D001283D
:10CBA00005D007E030B1012004B0BDE8F09F0127B7
:10CBB00050A101E0002751A12846F2F70FF801909B
:10CBC00050A12846F2F70AF881460198B8B1B9F1A8
:10CBD000000F14D00198F2F72BF8E0B34846F2F7B3
:10CBE00027F8C0B30198F1F7DDFF04464846F1F796
:10CBF000D9FF002C01DD002803DC0720D4E7052045
:10CC0000D2E7062C01DC062801DD0620CCE78442B1
:10CC100001D00920C8E7B47000254FF0030A4FF097
:10CC2000080B5EE029460198F1F7B6FF009029460F
:10CC30004846F1F7B1FF5FEA000812D0F2F708F8B2
:10CC400048B100988FB130B1F2F702F818B10098EE
:10CC50004069411E00E004E0B1F5437F03D3504634
:10CC6000A2E70220A0E780B22DE00028F9D0F2F779
:10CC700001F80028F5D0009800690028F1D0009054
:10CC8000EBF71DFB052803D1009880783A2801D0E6
:10CC9000584689E702A9009800F036F80028F7D135
:10CCA000009803A9C01C00F02FF80028F0D19DF8CF
:10CCB00008101729D3D89DF80C003B28CFD8C1EB1A
:10CCC000011100EB810006EB85018880D8F8140083
:10CCD00028B1A0F10A025B2A01D3032064E788711E
:10CCE0006D1CA5429EDB00205EE7000074696D6547
:10CCF000747000006454696D6500000074696D65AE
:10CD000000000000627269000278303A0A2A04D2F8
:10CD10004078302801D3392802D94FF0FF307047CE
:10CD200002EB8202D02303EB420210440870002081
:10CD3000704700002DE9F35F009800287DD001982E
:10CD400000287AD04FF42271EBF786FA0020834650
:10CD500000EB001101EB8B10009944180199451864
:10CD60002078012874D86178012971D828706078FA
:10CD70006870A078A870E078E870207928716079F0
:10CD80006871A079A871E079E871207A2872287812
:10CD9000012807D1A87800285AD0082858D8A8799F
:10CDA000022855D804F10900FAF759FAA5F8090044
:10CDB000E07AE872207B2873607B6873A07BA8739D
:10CDC000E07BE873207C287404F11100FAF747FA3D
:10CDD000A5F81100E07CE874207D2875607D6875F9
:10CDE000A07DA875E07DE875207E2876297C21BB92
:10CDF00018BB4FF0000A00BFCAEBCA01192000EBB4
:10CE0000810805EB810614F8080006F8190F04EBF9
:10CE10000800417871708178B170C078F07006298F
:10CE200016D850B95FF0000708EB8700001D80B2EC
:10CE300020448146FAF713FA00E009E006EB870187
:10CE4000888099F80200887199F80300C87110B1C0
:10CE50000020BDE8FC9F7F1CFFB2062FE4D30AF13F
:10CE6000010000F0FF0ABAF1020FC5D30BF1010077
:10CE7000C0B283460828FFF46BAF0120E9E72DE933
:10CE8000F34F81B04FF422710298EBF7E5F90020DF
:10CE9000824600EB001101EB8A10029944180199B7
:10CEA00045182878207068786070A878A070E878B5
:10CEB000E0702879207168796071A879A071E879AB
:10CEC000E071287A2072B5F8091004F10900FAF728
:10CED000EDFAE87AE072287B2073687B6073A87BA8
:10CEE000A073E87BE073B5F8111004F11100FAF7B4
:10CEF000DDFAE87CE074287D2075687D6075A87D8A
:10CF0000A075E87DE0754FF00008C8EBC801192056
:10CF100000EB810905EB810704EB090017F8191FE5
:10CF200004F8091079784170B9788170002609EB0E
:10CF30008600001D80B207EB86010091204489889D
:10CF40008346FAF7B3FA0099761CF6B289798BF822
:10CF50000210062EEBD308F1010000F0FF08B8F133
:10CF6000020FD2D30AF10100C0B28246082890D342
:10CF7000BDE8FE8F10B513460A460446002100F0B6
:10CF80004BFD18B10C21204600F0FEFB002010BD27
:10CF90002DE9F04F93B00446F1F7B6FD5FEA000BC0
:10CFA00046D0A078EBF789FD02460B468DA1584686
:10CFB000F1F73CFD6078EBF780FD02460B468AA155
:10CFC0005846F1F733FD607800287DD0E078EBF724
:10CFD00074FD0B46024685A15846F1F727FD2079DE
:10CFE000EBF76BFD02460B4682A15846F1F71EFD9A
:10CFF000142208A904F10900FFF700FB08AA80A188
:10D000005846F1F72DFD142208A904F11100FFF78D
:10D01000F5FA08AA7CA15846F1F722FD61790020B3
:10D020000FAA012505FA00F30B4205D0312304E0D5
:10D03000002013B0BDE8F08F30231354401C0728A4
:10D04000F0DB0020D07172A15846F1F709FDE078BD
:10D05000022813D194F90700EBF71EFD02460B4698
:10D060006DA15846F1F7E2FC94F90800EBF714FDC6
:10D0700002460B466BA15846F1F7D8FCF1F708FDC4
:10D080005FEA000A5BD0024669A15846F1F7C4FC8A
:10D09000A0790027002817DDC7EBC70004EB800547
:10D0A0001935F1F731FD8146F1F7F2FC0646F1F74B
:10D0B000EFFC0190F1F7ECFC8046B9F1000F31D0A4
:10D0C0006EB3019858B300E082E0B8F1000F26D0AB
:10D0D0002878C00707D000205749F1F7E5FC014642
:10D0E0003046F1F797FC2878800708D500204FF0EC
:10D0F0008041F1F7D9FC01463046F1F78BFC32460E
:10D100004EA14846F1F788FC6878EBF7D6FC02465A
:10D110000B464BA14846F1F789FC00263BE0484608
:10D12000F1F716FD16B13046F1F712FD019808B17E
:10D13000F1F70EFDB8F1000001D0F1F709FD5846F6
:10D14000F1F706FD74E76878012805EB8600808812
:10D1500040D03C23B0FBF3F203FB1202B0FBF3F32D
:10D160000DF1200C0092142137A26046F0F7D2FD99
:10D1700008A8F1F7D5FC01460198F1F74BFC05EB47
:10D1800086008079EBF799FCF1F78EFC014640466A
:10D19000F1F740FC761CA878B04201DD062ED2DB08
:10D1A000687801281BD02BA14846019AF1F734FC7E
:10D1B00042462AA14846F1F72FFC49465046F1F76E
:10D1C00029FCA0797F1CB84202DD022FFFF664AF74
:10D1D00058462EE7EBF771FCF1F766FCCBE720A190
:10D1E000E2E7000069640000656E00007479706514
:10D1F000000000007072696F7269747900000000AD
:10D20000734461746500000065446174650000004A
:10D210007765656B000000007365746F6666736503
:10D2200074000000726973656F6666736574000050
:10D230006A6F6273000000000000F03F636E7300CD
:10D2400074696D6574700000253032753A2530328E
:10D250007500000074696D6500000000627269006D
:10D260006454696D6500000070B505460D49FFF70F
:10D2700006FE4FF42274002322460A494FF4DA7066
:10D28000F9F74EFE012801D0002070BD2246294644
:10D290000548EAF7BAFF054901200870FFF702F8D0
:10D2A000012070BDB082002028800020CC06002024
:10D2B00010B5ADF5387D04000ED0F1F7D2FC58B1B1
:10D2C000A2A92046FFF716FB002806D1FFF7D0F8E9
:10D2D0009DF8890220B117E002200DF5387D10BDC0
:10D2E0009DF88A0200EB001101EB80111448014403
:10D2F00011F8510C012807D15122A2A85139EAF79F
:10D3000084FF00208DF889024FF422720C49684690
:10D31000EAF77BFF9DF88A02512200EB001101EB36
:10D32000801069460844A2A95138EAF76EFF6846A2
:10D33000FFF79AFF012801D00A20CEE70020CCE7B2
:10D340002880002000B5CDB0694600F0C7F8002362
:10D350004FF4987269468420F9F7E2FD4DB000BDA4
:10D36000F0B514460A460021D3B01E460F464CAD18
:10D37000012A0ED100281ED0694600F0AFF88420A3
:10D38000ADF830014FF49870CDF834D1ADF83801D4
:10D390000121012E0AD184B101EB4100802225F840
:10D3A000207005EB8000491C4460028139B10022E5
:10D3B0004CA8F9F7EDFD53B0F0BD0020FBE70120CC
:10D3C000F9E70844F9F74FBF2DE9F0478A460446CC
:10D3D00000215046FFF7F5FF44F85C0F042150464A
:10D3E000FFF7EFFF606008215046FFF7EAFFA060FB
:10D3F0000C215046FFF7E5FFE06010215046FFF793
:10D40000E0FF206114215046FFF7DBFF6061182127
:10D410005046FFF7D6FFA0611C215046FFF7D1FF11
:10D42000E06120215046FFF7CCFF206224215046C6
:10D43000FFF7C7FF606228215046FFF7C2FFA062D6
:10D440002C215046FFF7BDFFE06230215046FFF728
:10D45000B8FF44F8300F201D20220AF134018C3C23
:10D46000EAF7D3FE002084F8AF0054215046B034D0
:10D47000FFF7A7FF206058215046FFF7A2FF60602A
:10D480005C215046FFF79DFFA06060215046FFF7EA
:10D4900098FF00256427E0604FF0A8084FF0EC09E2
:10D4A000B4F1B00407EB85015046FFF78AFF04EBA7
:10D4B000850608EB850146F8D80F5046FFF781FF37
:10D4C000706409EB85015046FFF77BFF6D1CEDB2E0
:10D4D000C6F88800112DE5D3BDE8F0872DE9F047A7
:10D4E0008A4604464FF498715046EAF7B5FE54F860
:10D4F0005C2F0021504600F07DF804215046626800
:10D5000000F078F808215046A26800F073F80C216A
:10D510005046E26800F06EF810215046226900F093
:10D5200069F814215046626900F064F818215046E9
:10D53000A26900F05FF81C215046E26900F05AF839
:10D5400020215046226A00F055F824215046626A94
:10D5500000F050F828215046A26A00F04BF82C2128
:10D560005046E26A00F046F8226B302150465C3C9F
:10D5700000F040F8202204F190010AF13400EAF7AB
:10D5800044FE54F8B02F5421504600F033F858218F
:10D590005046626800F02EF85C215046A26800F008
:10D5A00029F8E26860215046B03C00F023F80025DD
:10D5B00064274FF0A8084FF0EC0900BF04EB850684
:10D5C00007EB850156F8D82F504600F013F808EB0A
:10D5D00085015046726C00F00DF809EB850150464C
:10D5E000D6F8882000F006F86D1CEDB2112DE5D3B9
:10D5F000BDE8F08708441146F9F75EBF2DE9F04F0A
:10D6000095B0994692460F468346FEF7C3F84FF011
:10D61000FF3800283BD0F5F781FA002837D0FCF717
:10D620005FFDFEF769F9034640A2082113A8F0F751
:10D6300071FB40A313AA40A16846FCF7A6FF002295
:10D6400011466846FCF786FD060020D03CA0FCF79A
:10D650000CFD05463BA0FCF708FD0446002D5CD000
:10D66000002C5AD014210EA8FCF7C8FF5846EBF73F
:10D6700024FA02460B4635A12046F1F7D7F90EAA47
:10D6800034A12046F1F7ECF92FB1012004E0404627
:10D6900015B0BDE8F08F0020EBF70FFA02460B46FD
:10D6A0002EA12046F1F7C2F900222E4B2EA12046D2
:10D6B000F1F7BCF95046EBF700FA02460B462BA1F6
:10D6C0002046F1F7B3F94846EBF7F7F902460B4667
:10D6D00028A12046F1F7AAF9224629A12846F1F708
:10D6E0009BF92A4616A13046F1F796F94FF40064EB
:10D6F00021462448EAF7B0FD00232246214930465E
:10D70000F1F75AFB48B11F48EAF7D9FD002804DDBC
:10D7100081B21C48F3F762F918B13046F1F718FAF4
:10D72000B5E73046F1F714FA0020B1E72530366C42
:10D730007500000041000000726570740000000078
:10D740004454000044542E616C6D0000616C6D49BE
:10D750006400000074696D650000000073746174FA
:10D76000757300000000F03F636E730076616C75A6
:10D77000650000007468726573686F6C6400000077
:10D78000616C6D00F54F002070B50D46040008D0A7
:10D79000FEF700F828B129462046BDE8704000F0A9
:10D7A000C9B94FF0FF3070BD70B5FDF7F3FF4FF012
:10D7B000FF3480B14FF4006529460848FDF750FE5C
:10D7C000002808DDA84206DA81B20022034800F0F2
:10D7D00041FC002800D0204670BD0000F54F00201D
:10D7E00070B5FDF7EBFF4FF0FF3478B14FF40065F3
:10D7F00029461048FDF790FE002807DDA84205DA0B
:10D8000081B200220B4800F025FC08B1204670BD13
:10D81000F3F7C6FB084CA060F3F7BCFBE060F3F73E
:10D82000C5FB2061803C03202070EFF7F3F8E06136
:10D83000002070BDF54F0020240500202DE9F041A7
:10D8400080461F488EB04FF0FF37007870B3FDF769
:10D85000A1FF58B31B4D15F8650F38B31AA3184A2A
:10D860001AA16846FCF791FE002211466846FCF7B3
:10D8700071FC06001AD016A0FCF7F7FB040012D0CA
:10D880004046EBF709F902460B4612A12046F1F794
:10D89000CDF822460EA13046F1F7BEF829463046B3
:10D8A00000F0B2FB30B13046F1F752F938460EB015
:10D8B000BDE8F0813046F1F74BF90020F7E70000B2
:10D8C00064050020F04E0020450000006F746100E8
:10D8D000445400006572726F720000002DE9F0413F
:10D8E00080461F488EB04FF0FF37007870B3FDF7C9
:10D8F00051FF58B31B4D15F8650F38B31AA3184ADA
:10D900001AA16846FCF741FE002211466846FCF762
:10D9100021FC06001AD016A0FCF7A7FB040012D0C9
:10D920004046EBF7CAF802460B4612A12046F1F733
:10D930007DF822460EA13046F1F76EF829463046B2
:10D9400000F062FB30B13046F1F702F938460EB014
:10D95000BDE8F0813046F1F7FBF80020F7E7000062
:10D9600064050020F04E0020500000006F7461003C
:10D970004454000070726F6772657373000000009A
:10D98000F0B58FB005004FF0FF362CD0287850B39B
:10D99000FDF700FF38B3184C14F8650F18B317A340
:10D9A0002A4617A16846FCF7F0FD0022114668469A
:10D9B000FCF7D0FB070016D01248FCF756FB050019
:10D9C0000ED00022104B11A1F1F730F82A460D4974
:10D9D0003846F1F721F82146384600F015FB28B10A
:10D9E0003846F1F7B5F830460FB0F0BD3846F1F7DC
:10D9F000AFF80020F8E70000F04E002050000000D3
:10DA00006F74610050E101080000594070726F6747
:10DA100072657373000000002DE9F04198461646C8
:10DA20000D4604004FF0FF371BD0FDF7B3FEC0B129
:10DA30002A4601212046FCF78DFB050011D00FA0DE
:10DA4000FCF713FB040009D002460CA12846F0F7AE
:10DA5000E3FF4EB141462046B04728B12846F1F7D2
:10DA600077F83846BDE8F0810021284600F0CCFA6E
:10DA700004462846F1F76CF82046F3E744540000CA
:10DA8000F0B591B00746FDF785FE4FF0FF3680B345
:10DA9000FDF732FF034621A208210EA8F0F73AF95C
:10DAA0003B460EAA1FA16846FCF76FFD00221146F7
:10DAB0006846FCF74FFB05001CD01CA0FCF7D5FA0C
:10DAC000040022D0024619A12846F0F7A5FF2046FF
:10DAD000FBF71EFB2046FBF799FA2046FAF7DCFE1F
:10DAE0002046FBF77DF912A13846EAF7EFFB20B19B
:10DAF00006E0FFE7304611B0F0BD2046FBF7D2FB51
:10DB00000021284600F080FA18B12846F1F720F8E5
:10DB1000F0E72846F1F71CF80020ECE72530366CDA
:10DB2000750000007265707400000000445400002D
:10DB30004300000070B50C46054600F009F80028C7
:10DB400005D02146284600F031FA4FF0FF3070BD75
:10DB500070B50A460121FCF7FDFA040008D0002147
:10DB600000F052FA05462046F0F7F2FF284670BD55
:10DB70004FF0FF3070BD000070B590B0FDF70AFEA9
:10DB80004FF0FF3650B3FDF7B7FE034617A208214A
:10DB90000EA8F0F7BFF817A30EAA17A16846FCF766
:10DBA000F4FC002211466846FCF7D4FA050015D0B3
:10DBB00013A0FCF75AFA04000DD012A213A1F0F73B
:10DBC0004FFF22460EA12846F0F726FF00212846E7
:10DBD00000F01AFA28B12846F0F7BAFF304610B024
:10DBE00070BD2846F0F7B4FF0020F8E72530366C0A
:10DBF0007500000052000000727173740000000094
:10DC000044540000546D43616C690000444F0000AF
:10DC100010B5EEF7FFFEBDE8104000F09BBA000023
:10DC20000A480022417D71B1037D5B1CDBB20375A4
:10DC3000022B00D30275491E11F0FF01417500D07F
:10DC4000012181717047827170470000A404002097
:10DC50002DE9F041040007D0002640F2B2754FF4E0
:10DC6000B77740F26D180BE00020BDE8F081284640
:10DC7000FDF7A0FB08B1384600E0404606446D1CA5
:10DC8000E088A842F3DC81B26079104A022802EBF6
:10DC9000800252F8045C04DD0846FDF78BFB00B1FE
:10DCA0006D1CA8192179401E0844A17800EB4000A2
:10DCB00001EBC0006178C0EB001001EB800021781F
:10DCC000C0EB001001EB8000CFE70000C4E90108C1
:10DCD00010B5134C2078012801D000F0DFF8EEF7E2
:10DCE00099FEA269D2B1811A4FF47A73994211D385
:10DCF000B1FBF3F163680B44636001EB4103C3EBD9
:10DD0000C11302EBC302A261064A126812B1A268F3
:10DD10001144A160BDE8104000F048B8A06110BDFA
:10DD2000AC0600208003002000B58DB0684600F0EE
:10DD300023F800216846F9F707FD0DB000BD00008B
:10DD40000148806870470000AC0600200148406828
:10DD500070470000AC060020024801698068084452
:10DD600070470000AC0600200248C16840680844C3
:10DD700070470000AC06002010B504460021F9F7FA
:10DD8000B1FD012803D030212046EAF765FA0648A4
:10DD90004268C1681144216001698068084460607C
:10DDA00000F0F8F8A06010BDAC06002070B5054684
:10DDB0000D480E4C007848B16078002805D1FFF777
:10DDC000B3FF012801D1E561607070BD0020607073
:10DDD0000749E069EEF724FE0128F6D1FFF7A4FF1A
:10DDE0000128F2D1E56170BDA0020020AC06002040
:10DDF0000074B70170B5094C2078012801D000F0FB
:10DE00004DF8EEF707FE0546FFF78EFF012801D01B
:10DE1000002070BD0120E56170BD0000AC0600204F
:10DE20002DE9F05F194C2078012801D000F036F878
:10DE3000FFF74EFF1649174AD4E901BAD4E903980F
:10DE400051F89C7F6669002015686060A060E06002
:10DE50002061606108601060FFF766FF01280DD047
:10DE6000C4F804B0C4E90486C4E902A90848C0F8AB
:10DE70009C70084805600020BDE8F09FEEF7CAFDE1
:10DE8000A061E061002060700120F5E7AC06002091
:10DE9000E000002074000020F9F700BD30B5124CFE
:10DEA0008DB02078012816D000216846F9F71AFDB8
:10DEB0000025012811D0E5602561284665610B49E0
:10DEC000C1F89C006560A560EEF7A4FDA061E0616B
:10DED0006570012020700DB030BD0098E0600198A1
:10DEE000206102986061EAE7AC060020E0000020B3
:10DEF00010B5FFF77FFF012801D0002010BD0249B7
:10DF00000120487010BD0000AC06002010B504468A
:10DF10000B488CB00078012801D0FFF7BFFF68469E
:10DF2000FFF72AFF012C09D05FF000008DF80C00EC
:10DF300000216846F9F708FC0CB010BD0120F5E798
:10DF4000AC06002010B58CB004001FD0104800783B
:10DF5000012801D0FFF7A2FF6846FFF70DFF2068F8
:10DF60000490D4E90101CDE90501E068079020693A
:10DF7000089060690990208BADF82800E0690B904B
:10DF800000216846F9F7E0FB0CB010BD0020FBE76C
:10DF9000AC06002003480449D0F89C0009680844F6
:10DFA00070470000E0000020740000202DE9F041DF
:10DFB0000E46050022D0124C607D022806D3FFF7E2
:10DFC0002FFE04F180004168491C4160207D617D85
:10DFD0000844C2B2022A01D3921ED2B2C2EB02118D
:10DFE0000848382200EB810007462946EAF70DF978
:10DFF000BE63607D401C60750120A071BDE8F081AA
:10E00000A4040020F07800202DE9F0410D46060020
:10E010004FF0FF3411D04FF4006739460C48EAF74F
:10E020001BF900233A460A493046F0F7C5FE20B1F5
:10E030000748EAF744F9002802DC2046BDE8F081F1
:10E040002A46BDE8F04181B2014800F003B8000063
:10E05000F54F002010B54FF0FF3438B131B13AB16F
:10E0600001461046F1F76EFC002800D0204610BD96
:10E07000F2F7B4FCF8E70000002808D00449026871
:10E080000A6042684A6000890881EEF7CFB970479C
:10E09000080F002070B52C4C0646A07A28B1002548
:10E0A00001281BD0A572002070BDFCF7C9F800281C
:10E0B000FAD0D0F8B410002901DC4FF496714FF477
:10E0C0007A704143A06CEEF7ABFC0028ECD0F3F77C
:10E0D00075F80028E8D00120A07232E0F4F7F8FFCC
:10E0E00050B3F4F7FFFFA664A572F2F7DBFD18B991
:10E0F000F3F75EF8012800D00020E17A012920D151
:10E10000E572D0B111480022FCF724F8050018D0C0
:10E110000FA0FBF7AAFF04000BD002460CA1284673
:10E12000F0F77AFC2046FBF7BDF800212846FFF700
:10E130006BFF2846F0F70CFD03E00D210348FFF7C5
:10E14000F9FC012070BD0000A4040020B878002074
:10E150004454000010B5064C002120626062A064A7
:10E16000A172E1722174A065F2F71AFFE06610BD9A
:10E17000A40400202DE9F0470C002CD000282ADB55
:10E18000294940F2B27790FBF1F290FBF1F501FBE7
:10E1900012084FF4B77940F26D1A40F6330638464C
:10E1A000FDF708F908B1484600E05046854204DB17
:10E1B0002D1A7F1CB742F2DD0DE0012631463846AC
:10E1C000FCF714F8854204DB2D1A761C0C2EF5DDC5
:10E1D00001E00C2E02DD0020BDE8F0874FF4616104
:10E1E000F3B26D1CEAB2002098FBF1F5206060608C
:10E1F00098FBF1F62081B8B2E08063712271A570BE
:10E2000001FB16813C2591FBF5F6667091FBF5F656
:10E2100005FB161121701946EBF771FB401CE070ED
:10E2200001202072D8E70000805101002DE9F04163
:10E2300015460F4606002BD0F0F713FD40B318A18A
:10E240003046F0F7CBFC040008D0F0F701FDF8B140
:10E250006069012804D00620BDE8F0810520FBE7B5
:10E2600039463046FDF738FF0028F5D128600DA16A
:10E270003046F0F7B3FC040010D0F0F7E9FC38B1F9
:10E280006069002802DBB0F5B46F03D90320E3E72F
:10E290000220E1E7C0EB0010800028600020DBE7EF
:10E2A000636E73006C6173740000000070B54FF40E
:10E2B0002276002332460C494FF4DA70F8F7D4FD89
:10E2C00001240A4D012805D109490748FEF732FD0E
:10E2D000012803D006483146E9F7BEFF2C70BDE89F
:10E2E0007040FDF7DFBF0000B0820020CC060020A8
:10E2F0002880002010B518B14FF42272914201D04D
:10E30000002010BD1146E9F7A7FF012010BD000055
:10E31000F0B58DB0FEF7ACF802A80021FEF7B2F818
:10E32000002847D06846FEF723F89DF804109DF8B2
:10E330000500C1EB011100EB81059DF809001E4CA1
:10E34000401EBDF80070C2B2B4F806C09DF802606D
:10E350009DF803309DF80A109DF80B00BC4511D1C3
:10E360006778B7420ED1A6789E420BD12689AE427D
:10E3700008D1E378934205D122798A4202D16179AA
:10E38000814217D09DF80D00FBF790FCBDF800000E
:10E39000E0809DF8020060709DF80300A070258168
:10E3A0009DF80900401EE0709DF80A0020719DF85C
:10E3B0000B0060710DB0F0BDCC0600200000000025
:10E3C0000000000001020304060708090000000025
:10E3D000010203040000C1C081C1400101C3C003A8
:10E3E000800241C201C6C006800741C70005C1C501
:10E3F00081C4400401CCC00C800D41CD000FC1CFC1
:10E4000081CE400E000AC1CA81CB400B01C9C009B0
:10E41000800841C801D8C018801941D9001BC1DB50
:10E4200081DA401A001EC1DE81DF401F01DDC01D00
:10E43000801C41DC0014C1D481D5401501D7C01720
:10E44000801641D601D2C012801341D30011C1D130
:10E4500081D0401001F0C030803141F10033C1F370
:10E4600081F240320036C1F681F7403701F5C03500
:10E47000803441F4003CC1FC81FD403D01FFC03FC0
:10E48000803E41FE01FAC03A803B41FB0039C1F9B0
:10E4900081F840380028C1E881E9402901EBC02B10
:10E4A000802A41EA01EEC02E802F41EF002DC1ED00
:10E4B00081EC402C01E4C024802541E50027C1E720
:10E4C00081E640260022C1E281E3402301E1C02130
:10E4D000802041E001A0C060806141A10063C1A330
:10E4E00081A240620066C1A681A7406701A5C06500
:10E4F000806441A4006CC1AC81AD406D01AFC06FC0
:10E50000806E41AE01AAC06A806B41AB0069C1A9AF
:10E5100081A840680078C1B881B9407901BBC07B4F
:10E52000807A41BA01BEC07E807F41BF007DC1BDFF
:10E5300081BC407C01B4C074807541B50077C1B71F
:10E5400081B640760072C1B281B3407301B1C0712F
:10E55000807041B00050C190819140510193C053EF
:10E56000805241920196C056805741970055C195FF
:10E5700081944054019CC05C805D419D005FC19FBF
:10E58000819E405E005AC19A819B405B0199C059AF
:10E59000805841980188C04880494189004BC18B0F
:10E5A000818A404A004EC18E818F404F018DC04DFF
:10E5B000804C418C0044C184818540450187C0471F
:10E5C000804641860182C042804341830041C1812F
:10E5D000818040403031323334353637383941422A
:10E5E000434445460000FA007805220178054001C1
:10E5F0007805680178059001E204B8017404E0012F
:10E6000010040802C003300284030000320000003E
:10E6100078EA0108010000009123EE4201000101A7
:10E6200032007800900678057D03E80301000101BF
:10E6300000009006FA00680130024402E6E5010895
:10E64000090000004346473101005C044004040017
:10E6500000500008005800080008000052554E31D4
:10E6600001004C0030000000007000080078000835
:10E670000008000043414C3404001001F400000085
:10E680000060000800680008000800000D72010822
:10E69000057201080972010800000000005000081E
:10E6A00000580008006000080068000800700008BA
:10E6B000007800088F0200008F0200000080000038
:10E6C0008F02000070FD000070FD0000008000005F
:10E6D00070FD0000FBEB0400FD9C04006B53040084
:10E6E000DC0E0400F3CE030059930300BC5B03006F
:10E6F000D42703005CF7020014CA0200C29F020084
:10E7000032780200315302009130020027100200DB
:10E71000CEF101005FD50100BABA0100BFA101002E
:10E72000528A010057740100B55F0100574C010087
:10E73000253A01000D290100FC180100E009010043
:10E74000ABFB00004CEE0000B6E10000DCD50000A1
:10E75000B2CA00002EC0000044B60000EBAC0000BE
:10E760001BA40000C99B0000F0930000868C0000F1
:10E7700087850000EA7E0000AA780000C2720000CF
:10E780002C6D0000E4670000E4620000295E0000D8
:10E79000AE590000705500006C5100009D4D000006
:10E7A000014A000095460000564300004240000028
:10E7B000563D00008F3A0000ED3700006D35000037
:10E7C0000D330000CB300000A52E00009B2C000074
:10E7D000AA2A0000D22800001027000064250000AB
:10E7E000CD23000049220000D7200000771F000041
:10E7F000281E0000E81C0000B71B0000941A00004F
:10E800007F190000761800007917000088160000B4
:10E81000A2150000C6140000F41300002B13000022
:10E820006C120000B4110000051100005D10000022
:10E83000BD0F0000240F0000910E0000040E000028
:10E840007E0D0000FD0C0000810C00000B0C000090
:10E850009A0B00002D0B0000C50A0000620A0000A0
:10E86000020A0000A60900004E090000FA08000094
:10E87000A90800005B08000010080000C80700009D
:10E88000830700004107000002070000C5060000E2
:10E890008A060000510600001B060000E705000084
:10E8A000B50500008405000056050000290500009C
:10E8B000FE040000D4040000AD0400008604000043
:10E8C000610400003D0400001B040000FA03000086
:10E8D000DA030000BB0300009D0300008103000079
:10E8E000650300004A030000310300001803000024
:10E8F00000030000E9020000D3020000BD02000096
:10E90000A802000094020000810200006E020000D4
:10E910005C0200004A0200003902000029020000E7
:10E92000190200000A020000FB010000ED010000D6
:10E93000DF010000D2010000C5010000B8010000A5
:10E94000AC010000A0010000950100008A01000058
:10E950007F010000750100006B01000061010000F3
:10E96000580100004F0100004601000000000000B7
:10E970000000000000000000000000000000000097
:10E9800030313233343536373839414243444546E5
:10E99000000000001F0000001C0000001F0000001D
:10E9A0001E0000001F0000001E0000001F000000ED
:10E9B0001F0000001E0000001F0000001E000000DD
:10E9C0001F000000000000001F0000003B000000CE
:10E9D0005A0000007800000097000000B500000019
:10E9E000D4000000F300000011010000300100001D
:10E9F0004E01000074EC0108A0EC010898EC01083D
:10EA0000A4EC0108B8EC0108D8EC010880EC01087E
:10EA1000DCEC0108CCEC0108B0EC010878EC010852
:10EA2000C4EC010888EC010890EC01081F1C1F1EB3
:10EA30001F1E1F1F1E1F1E1FDDDDDDDDDCBBBBDD3E
:10EA4000DDDDDDDDDDDDDDDD98888888888888888E
:10EA500077777777778888888555555666666666AE
:10EA6000666666666668888883333332222222228D
:10EA7000222222222228888D444C2D35305A2D35D1
:10EA800036542D4D584700004745542025732048E3
:10EA90005454502F312E310D0A486F73743A20258B
:10EAA000733A25750D0A4163636570743A202A2F05
:10EAB0002A0D0A4163636570742D456E636F646946
:10EAC0006E673A206964656E746974790D0A436FE4
:10EAD0006E6E656374696F6E3A20636C6F73650D5B
:10EAE0000A0D0A006F6E6F66660000007377697426
:10EAF000636800004272690062726900626C000023
:10EB00006C6576656C00000064696D006F6E0000D6
:10EB1000706F7765720000006272696768746E6575
:10EB2000737300006C6967687400000073770000FD
:10EB30007B22534E223A222573222C22544D223A14
:10EB4000222573222C225356223A222573222C226C
:10EB50004944223A222573222C224354223A222568
:10EB600073222C224454223A7B22446576496E66F5
:10EB70006F223A7B2270726F744964223A25642CAA
:10EB800022636C6173223A222573222C2270726FE9
:10EB9000647470223A222573222C226876657222D0
:10EBA0003A25642C2273766572223A25647D2C22E4
:10EBB0004D646C496E666F223A7B226D76657222D7
:10EBC0003A222573222C226963636964223A222542
:10EBD00073227D2C22476973223A7B226C6E672256
:10EBE0003A256C642C226C6174223A256C642C22C8
:10EBF0007A6F6E65223A25647D2C2244696D223A33
:10EC00005B7B22636E73223A25642C2264696D5407
:10EC100070223A25642C22706F6C6172223A25644E
:10EC20002C22646C6D74223A25642C22756C6D74F0
:10EC3000223A25642C22727469223A25642C2272AD
:10EC400074507772223A25647D5D2C2253656E7371
:10EC500065223A7B226469223A25642C227342722F
:10EC600069223A25642C2273427269546D223A2536
:10EC7000647D7D7D0000000052454144000000009D
:10EC8000535441474500000052454C45415345000F
:10EC90004449414700000000424547494E000000FA
:10ECA0004341500048454152544245415400000000
:10ECB000434F4D4D495400005345545F504F494E0A
:10ECC0005400000041424F52540000005345545F2D
:10ECD0004F55545055540000524157004150504C2C
:10ECE0005900000004ED010800000020E0060000CB
:10ECF00034930008D0ED0108E00600205888000099
:10ED000028DE00081264520129068210034724F409
:10ED100003FFE80301C3035801644FE803E803500D
:10ED2000465FF2C8320CEB2C0130D99A01153A78C3
:10ED3000282BB80B582962011EA9DD0223050A14ED
:10ED40000175012E1944032E60EA0376B80B025FA9
:10ED50005003162C0113C9DD1B086D0415B12D01DC
:10ED600008022664294B13B85812200296101EF888
:10ED7000EA0108F4041B18EBD419041AFC0C1A0855
:10ED8000081A2C041AEC0C1AE4041A100C1A0C04BD
:10ED90001A2404E31027DA1110DA1210DA1310DA49
:10EDA0001410DA1510DA1610DA1710DA18102A19FA
:10EDB00010A201DA1A20DA1B10DA1C10DA1D10DAA0
:10EDC0001E10DA1F10DA201001232CFFFFFF05A10F
:04000005080081313D
:00000001FF
